Name: CCTV-1, URL: http://php.jdshipin.com/TVOD/iptv.php?id=rthk33, From: subscribe, IPv_Type: ipv6, Location: 美国, ISP: CloudFlare Inc., Date: None, Delay: -1 ms, Speed: 0.00 M/s, Resolution: None
Name: CCTV-1, URL: http://iptv.huuc.edu.cn/hls/cctv1hd.m3u8, From: subscribe, IPv_Type: ipv6, Location: 中国, ISP: 教育网, Date: None, Delay: -1 ms, Speed: 0.00 M/s, Resolution: None
Name: CCTV-1, URL: https://zby.130519.xyz/PLTV/11/224/3221225673/index.m3u8, From: subscribe, IPv_Type: ipv6, Location: 美国, ISP: CloudFlare Inc., Date: None, Delay: -1 ms, Speed: 0.00 M/s, Resolution: None
Name: CCTV-1, URL: https://migu.188766.xyz/?migutoken=635166baa1d9fb1720891b8c4e01e1bf&id=CCTV1&type=yy, From: subscribe, IPv_Type: ipv6, Location: 美国, ISP: CloudFlare Inc., Date: None, Delay: -1 ms, Speed: 0.00 M/s, Resolution: None
Name: CCTV-1, URL: https://www.freetv.top/migu/608807420.m3u8?migutoken=5b04cf0d91179ab2d3d71703f0a8bc3d32dd02f7d8fb55ee70e05c216b8a9d1a73d911fbde798459fb66d94934157c996f8306c0dd37917775f2ed73dcc22cf84b25ca500bff5c636ff48d6344, From: subscribe, IPv_Type: ipv6, Location: 美国-加利福尼亚州-圣克拉拉, ISP: DigitalOcean, Date: None, Delay: -1 ms, Speed: 0.00 M/s, Resolution: None
Name: CCTV-1, URL: https://hls-gateway.vpstv.net/streams/476879.m3u8, From: subscribe, IPv_Type: ipv6, Location: 美国, ISP: CloudFlare Inc., Date: None, Delay: -1 ms, Speed: 0.00 M/s, Resolution: None
Name: CCTV-1, URL: http://[2409:8087:1a01:df::4077]/ottrrs.hl.chinamobile.com/PLTV/88888888/224/3221226016/index.m3u8, From: subscribe, IPv_Type: ipv6, Location: 中国, ISP: 中国移动, Date: None, Delay: -1 ms, Speed: 0.00 M/s, Resolution: None
Name: CCTV-1, URL: http://[2409:8087:8:21::18]:6610/otttv.bj.chinamobile.com/PLTV/88888888/224/3221226895/1.m3u8?, From: subscribe, IPv_Type: ipv6, Location: 中国, ISP: 中国移动, Date: None, Delay: -1 ms, Speed: 0.00 M/s, Resolution: None
Name: CCTV-1, URL: http://[2409:8087:1a01:df::4077]/ottrrs.hl.chinamobile.com/PLTV/88888888/8/3221226016/index.m3u8, From: subscribe, IPv_Type: ipv6, Location: 中国, ISP: 中国移动, Date: None, Delay: -1 ms, Speed: 0.00 M/s, Resolution: None
Name: CCTV-1, URL: http://php.jdshipin.com:8880/TVOD/iptv.php?id=rthk33, From: subscribe, IPv_Type: ipv6, Location: 美国, ISP: CloudFlare Inc., Date: None, Delay: -1 ms, Speed: 0.00 M/s, Resolution: None
Name: CCTV-1, URL: https://migu.188766.xyz/?migutoken=12f45bef7af527917f511f5195f230be&id=CCTV1&type=yy, From: subscribe, IPv_Type: ipv6, Location: 美国, ISP: CloudFlare Inc., Date: None, Delay: -1 ms, Speed: 0.00 M/s, Resolution: None
Name: CCTV-1, URL: https://iptv.catvod.com/live.php?id=CCTV-1, From: subscribe, IPv_Type: ipv6, Location: 美国, ISP: CloudFlare Inc., Date: None, Delay: -1 ms, Speed: 0.00 M/s, Resolution: None
Name: CCTV-1, URL: https://migu.188766.xyz/?migutoken=d91ac2545a1c12b827c53a304a004659&id=CCTV1&type=yy, From: subscribe, IPv_Type: ipv6, Location: 美国, ISP: CloudFlare Inc., Date: None, Delay: -1 ms, Speed: 0.00 M/s, Resolution: None
Name: CCTV-1, URL: https://migu.188766.xyz/?migutoken=62434b336e40addc53f42cd2c96c5c9a&id=CCTV1&type=yy, From: subscribe, IPv_Type: ipv6, Location: 美国, ISP: CloudFlare Inc., Date: None, Delay: -1 ms, Speed: 0.00 M/s, Resolution: None
Name: CCTV-1, URL: https://migu.188766.xyz/?migutoken=107d73cf5ad199b6e6c3cb1e4c7735e7&id=CCTV1&type=yy, From: subscribe, IPv_Type: ipv6, Location: 美国, ISP: CloudFlare Inc., Date: None, Delay: -1 ms, Speed: 0.00 M/s, Resolution: None
Name: CCTV-1, URL: https://www.freetv.top/migu/608807420.m3u8?migutoken=7653cf8ec6440c201ccd67dfdbdd9a4c8401078f6b4cef8fc9258c372e1780fa8e3c5de722f5ac2cda4bd2291ccdf287a6caaac860219844ccf49b78b010dec5742f609b951e599c4b873bf8ad, From: subscribe, IPv_Type: ipv6, Location: 美国, ISP: Oracle Corporation, Date: None, Delay: -1 ms, Speed: 0.00 M/s, Resolution: None
Name: CCTV-1, URL: https://migu.188766.xyz/?migutoken=32c5d39642839d14535f63453a09add4&id=CCTV1&type=yy, From: subscribe, IPv_Type: ipv6, Location: 美国, ISP: CloudFlare Inc., Date: None, Delay: -1 ms, Speed: 0.00 M/s, Resolution: None
Name: CCTV-1, URL: https://migu.188766.xyz/?migutoken=bbb15753a21cecc2bcd64f1c5d5293bd&id=CCTV1&type=yy, From: subscribe, IPv_Type: ipv6, Location: 美国, ISP: CloudFlare Inc., Date: None, Delay: -1 ms, Speed: 0.00 M/s, Resolution: None
Name: CCTV-1, URL: https://migu.188766.xyz/?migutoken=f88ac9cd4039e84a018e071e36c16237&id=CCTV1&type=yy, From: subscribe, IPv_Type: ipv6, Location: 美国, ISP: CloudFlare Inc., Date: None, Delay: -1 ms, Speed: 0.00 M/s, Resolution: None
Name: CCTV-1, URL: https://migu.188766.xyz/?migutoken=27395d930ff24bedeb5bfb675f5051ae&id=CCTV1&type=yy, From: subscribe, IPv_Type: ipv6, Location: 美国, ISP: CloudFlare Inc., Date: None, Delay: -1 ms, Speed: 0.00 M/s, Resolution: None
Name: CCTV-1, URL: https://migu.188766.xyz/?migutoken=983e9f11d2c4154ddfba88273264e2c2&id=CCTV1&type=yy, From: subscribe, IPv_Type: ipv6, Location: 美国, ISP: CloudFlare Inc., Date: None, Delay: -1 ms, Speed: 0.00 M/s, Resolution: None
Name: CCTV-1, URL: https://migu.188766.xyz/?migutoken=4371c2719b6bb7ecd2d6902df987d55a&id=CCTV1&type=yy, From: subscribe, IPv_Type: ipv6, Location: 美国, ISP: CloudFlare Inc., Date: None, Delay: -1 ms, Speed: 0.00 M/s, Resolution: None
Name: CCTV-1, URL: https://iptv.catvod.com/live.php?id=CCTV1, From: subscribe, IPv_Type: ipv6, Location: 美国, ISP: CloudFlare Inc., Date: None, Delay: -1 ms, Speed: 0.00 M/s, Resolution: None
Name: CCTV-1, URL: https://migu.188766.xyz/?migutoken=6608104cc29a3440bb0acf08be877984&id=CCTV1&type=yy, From: subscribe, IPv_Type: ipv6, Location: 美国, ISP: CloudFlare Inc., Date: None, Delay: -1 ms, Speed: 0.00 M/s, Resolution: None
Name: CCTV-1, URL: https://migu.188766.xyz/?migutoken=380bb918588e69db54983e7d822032cc&id=CCTV1&type=yy, From: subscribe, IPv_Type: ipv6, Location: 美国, ISP: CloudFlare Inc., Date: None, Delay: -1 ms, Speed: 0.00 M/s, Resolution: None
Name: CCTV-1, URL: https://migu.188766.xyz/?migutoken=cbd336b38a0582cfdac44d77a0785e2d&id=CCTV1&type=yy, From: subscribe, IPv_Type: ipv6, Location: 美国, ISP: CloudFlare Inc., Date: None, Delay: -1 ms, Speed: 0.00 M/s, Resolution: None
Name: CCTV-1, URL: https://migu.188766.xyz/?migutoken=33106f7a47c5a7536851c98b3556ad36&id=CCTV1&type=yy, From: subscribe, IPv_Type: ipv6, Location: 美国, ISP: CloudFlare Inc., Date: None, Delay: -1 ms, Speed: 0.00 M/s, Resolution: None
Name: CCTV-1, URL: https://migu.188766.xyz/?migutoken=ccdf3d3b124280cc19793e4ac0ae447e&id=CCTV1&type=yy, From: subscribe, IPv_Type: ipv6, Location: 美国, ISP: CloudFlare Inc., Date: None, Delay: -1 ms, Speed: 0.00 M/s, Resolution: None
Name: CCTV-1, URL: https://migu.188766.xyz/?migutoken=6ab86954018858f618ab5c2eb7cfc859&id=CCTV1&type=yy, From: subscribe, IPv_Type: ipv6, Location: 美国, ISP: CloudFlare Inc., Date: None, Delay: -1 ms, Speed: 0.00 M/s, Resolution: None
Name: CCTV-1, URL: https://migu.188766.xyz/?migutoken=b0f2a4375c7867897e4a0a98a47f549b&id=CCTV1&type=yy, From: subscribe, IPv_Type: ipv6, Location: 美国, ISP: CloudFlare Inc., Date: None, Delay: -1 ms, Speed: 0.00 M/s, Resolution: None
Name: CCTV-1, URL: https://migu.188766.xyz/?migutoken=a2d936346981d82ab170e9a854b270a3&id=CCTV1&type=yy, From: subscribe, IPv_Type: ipv6, Location: 美国, ISP: CloudFlare Inc., Date: None, Delay: -1 ms, Speed: 0.00 M/s, Resolution: None
Name: CCTV-1, URL: https://migu.188766.xyz/?migutoken=85bb138d7a8838e40e7cfe3ca2c3a221&id=CCTV1&type=yy, From: subscribe, IPv_Type: ipv6, Location: 美国, ISP: CloudFlare Inc., Date: None, Delay: -1 ms, Speed: 0.00 M/s, Resolution: None
Name: CCTV-1, URL: https://migu.188766.xyz/?migutoken=58cc7b7da5b4c1d60ba26cff807bdb3a&id=CCTV1&type=yy, From: subscribe, IPv_Type: ipv6, Location: 美国, ISP: CloudFlare Inc., Date: None, Delay: -1 ms, Speed: 0.00 M/s, Resolution: None
Name: CCTV-1, URL: https://migu.188766.xyz/?migutoken=6b72d49b4ffaf354491e7f8294006708&id=CCTV1&type=yy, From: subscribe, IPv_Type: ipv6, Location: 美国, ISP: CloudFlare Inc., Date: None, Delay: -1 ms, Speed: 0.00 M/s, Resolution: None
Name: CCTV-1, URL: https://migu.188766.xyz/?migutoken=6585eea65e3309a16c9e503b71aa963d&id=CCTV1&type=yy, From: subscribe, IPv_Type: ipv6, Location: 美国, ISP: CloudFlare Inc., Date: None, Delay: -1 ms, Speed: 0.00 M/s, Resolution: None
Name: CCTV-1, URL: https://migu.188766.xyz/?migutoken=d44d4edc04221499efbd11adeecdd6f3&id=CCTV1&type=yy, From: subscribe, IPv_Type: ipv6, Location: 美国, ISP: CloudFlare Inc., Date: None, Delay: -1 ms, Speed: 0.00 M/s, Resolution: None
Name: CCTV-1, URL: https://migu.188766.xyz/?migutoken=c2e9d60890d9f23a145fc25b07b3ff31&id=CCTV1&type=yy, From: subscribe, IPv_Type: ipv6, Location: 美国, ISP: CloudFlare Inc., Date: None, Delay: -1 ms, Speed: 0.00 M/s, Resolution: None
Name: CCTV-1, URL: https://migu.188766.xyz/?migutoken=47f47dd31d5a406fee52c83c4b3fce20&id=CCTV1&type=yy, From: subscribe, IPv_Type: ipv6, Location: 美国, ISP: CloudFlare Inc., Date: None, Delay: -1 ms, Speed: 0.00 M/s, Resolution: None
Name: CCTV-1, URL: https://migu.188766.xyz/?migutoken=eb167d0a1fed80564989fe41f907cfa1&id=CCTV1&type=yy, From: subscribe, IPv_Type: ipv6, Location: 美国, ISP: CloudFlare Inc., Date: None, Delay: -1 ms, Speed: 0.00 M/s, Resolution: None
Name: CCTV-1, URL: https://migu.188766.xyz/?migutoken=ced1bffbc566336101ff0637f98a8ff2&id=CCTV1&type=yy, From: subscribe, IPv_Type: ipv6, Location: 美国, ISP: CloudFlare Inc., Date: None, Delay: -1 ms, Speed: 0.00 M/s, Resolution: None
Name: CCTV-1, URL: http://38.75.136.137:98/gslb/dsdqbv/cctv1hd.m3u8?auth=test20251009, From: subscribe, IPv_Type: ipv4, Location: 美国-伊利诺伊州-库克, ISP: Cogent, Date: None, Delay: 662 ms, Speed: 5.95 M/s, Resolution: 1920x1080
Name: CCTV-1, URL: http://23.237.228.134/live5/CCTV1.m3u8, From: subscribe, IPv_Type: ipv4, Location: 北美地区, ISP: , Date: None, Delay: 625 ms, Speed: 4.78 M/s, Resolution: 1920x1080
Name: CCTV-2, URL: http://php.jdshipin.com/TVOD/hljyd.php?id=3221225588, From: subscribe, IPv_Type: ipv6, Location: 美国, ISP: CloudFlare Inc., Date: None, Delay: -1 ms, Speed: 0.00 M/s, Resolution: None
Name: CCTV-2, URL: http://goo.bkpcp.top/mg/CCTV2, From: subscribe, IPv_Type: ipv6, Location: 美国, ISP: CloudFlare Inc., Date: None, Delay: -1 ms, Speed: 0.00 M/s, Resolution: None
Name: CCTV-2, URL: http://iptv.huuc.edu.cn/hls/cctv2hd.m3u8, From: subscribe, IPv_Type: ipv6, Location: 中国, ISP: 教育网, Date: None, Delay: -1 ms, Speed: 0.00 M/s, Resolution: None
Name: CCTV-2, URL: https://zby.130519.xyz/PLTV/11/224/3221226122/index.m3u8, From: subscribe, IPv_Type: ipv6, Location: 美国, ISP: CloudFlare Inc., Date: None, Delay: -1 ms, Speed: 0.00 M/s, Resolution: None
Name: CCTV-2, URL: https://migu.188766.xyz/?migutoken=c1ab3ac2bdd96afcd24d14b2f81db935&id=CCTV2&type=yy, From: subscribe, IPv_Type: ipv6, Location: 美国, ISP: CloudFlare Inc., Date: None, Delay: -1 ms, Speed: 0.00 M/s, Resolution: None
Name: CCTV-2, URL: https://iptv.catvod.com/live.php?id=CCTV-2, From: subscribe, IPv_Type: ipv6, Location: 美国, ISP: CloudFlare Inc., Date: None, Delay: -1 ms, Speed: 0.00 M/s, Resolution: None
Name: CCTV-2, URL: https://smart.pendy.dpdns.org/Smart.php?id=cctv2, From: subscribe, IPv_Type: ipv6, Location: 美国, ISP: CloudFlare Inc., Date: None, Delay: -1 ms, Speed: 0.00 M/s, Resolution: None
Name: CCTV-2, URL: http://[2409:8087:1a01:df::4077]/ottrrs.hl.chinamobile.com/PLTV/88888888/8/3221225588/index.m3u8, From: subscribe, IPv_Type: ipv6, Location: 中国, ISP: 中国移动, Date: None, Delay: -1 ms, Speed: 0.00 M/s, Resolution: None
Name: CCTV-2, URL: http://[2409:8087:8:21::18]:6610/otttv.bj.chinamobile.com/PLTV/88888888/224/3221226893/1.m3u8?, From: subscribe, IPv_Type: ipv6, Location: 中国, ISP: 中国移动, Date: None, Delay: -1 ms, Speed: 0.00 M/s, Resolution: None
Name: CCTV-2, URL: http://[2409:8087:1a01:df::406f]:80/wh7f454c46tw1241164675_1575082505/ottrrs.hl.chinamobile.com/PLTV/88888888/224/3221226540/index.m3u8?icpid=88888888&RTS=1713968070&from=4&hms_devid=692&prioritypopid=4&online=1713968070&vqe=3, From: subscribe, IPv_Type: ipv6, Location: 中国, ISP: 中国移动, Date: None, Delay: -1 ms, Speed: 0.00 M/s, Resolution: None
Name: CCTV-2, URL: http://ottrrs.hl.chinamobile.com/TVOD/88888888/224/3221226540/index.m3u8, From: subscribe, IPv_Type: ipv6, Location: 中国, ISP: 中国移动, Date: None, Delay: -1 ms, Speed: 0.00 M/s, Resolution: None
Name: CCTV-2, URL: https://migu.188766.xyz/?migutoken=960bb4f4dae6a420b48ae0f0bd61150f&id=CCTV2&type=yy, From: subscribe, IPv_Type: ipv6, Location: 美国, ISP: CloudFlare Inc., Date: None, Delay: -1 ms, Speed: 0.00 M/s, Resolution: None
Name: CCTV-2, URL: https://migu.188766.xyz/?migutoken=3cd1d079b235a4e0177e453bd590a968&id=CCTV2&type=yy, From: subscribe, IPv_Type: ipv6, Location: 美国, ISP: CloudFlare Inc., Date: None, Delay: -1 ms, Speed: 0.00 M/s, Resolution: None
Name: CCTV-2, URL: https://migu.188766.xyz/?migutoken=42b8c0593578a212606068f67c378293&id=CCTV2&type=yy, From: subscribe, IPv_Type: ipv6, Location: 美国, ISP: CloudFlare Inc., Date: None, Delay: -1 ms, Speed: 0.00 M/s, Resolution: None
Name: CCTV-2, URL: https://migu.188766.xyz/?migutoken=34f6b283085baeb3c3c7e8617d846fef&id=CCTV2&type=yy, From: subscribe, IPv_Type: ipv6, Location: 美国, ISP: CloudFlare Inc., Date: None, Delay: -1 ms, Speed: 0.00 M/s, Resolution: None
Name: CCTV-2, URL: https://migu.188766.xyz/?migutoken=cb07d92d1dcf92a07f71c05669ad62a0&id=CCTV2&type=yy, From: subscribe, IPv_Type: ipv6, Location: 美国, ISP: CloudFlare Inc., Date: None, Delay: -1 ms, Speed: 0.00 M/s, Resolution: None
Name: CCTV-2, URL: https://iptv.catvod.com/live.php?id=CCTV2, From: subscribe, IPv_Type: ipv6, Location: 美国, ISP: CloudFlare Inc., Date: None, Delay: -1 ms, Speed: 0.00 M/s, Resolution: None
Name: CCTV-2, URL: https://migu.188766.xyz/?migutoken=8426a4ee52f4cdb8a1aef252465036cd&id=CCTV2&type=yy, From: subscribe, IPv_Type: ipv6, Location: 美国, ISP: CloudFlare Inc., Date: None, Delay: -1 ms, Speed: 0.00 M/s, Resolution: None
Name: CCTV-2, URL: https://migu.188766.xyz/?migutoken=c64ca8b6de6fea0e2eb2739b03056b50&id=CCTV2&type=yy, From: subscribe, IPv_Type: ipv6, Location: 美国, ISP: CloudFlare Inc., Date: None, Delay: -1 ms, Speed: 0.00 M/s, Resolution: None
Name: CCTV-2, URL: https://migu.188766.xyz/?migutoken=9ab44dc0d5048b751593f0c0da41f324&id=CCTV2&type=yy, From: subscribe, IPv_Type: ipv6, Location: 美国, ISP: CloudFlare Inc., Date: None, Delay: -1 ms, Speed: 0.00 M/s, Resolution: None
Name: CCTV-2, URL: https://migu.188766.xyz/?migutoken=6181b629a913689dad1592e219bf0023&id=CCTV2&type=yy, From: subscribe, IPv_Type: ipv6, Location: 美国, ISP: CloudFlare Inc., Date: None, Delay: -1 ms, Speed: 0.00 M/s, Resolution: None
Name: CCTV-2, URL: https://migu.188766.xyz/?migutoken=95cada34e80eaff94691ef54938c9eb1&id=CCTV2&type=yy, From: subscribe, IPv_Type: ipv6, Location: 美国, ISP: CloudFlare Inc., Date: None, Delay: -1 ms, Speed: 0.00 M/s, Resolution: None
Name: CCTV-2, URL: https://migu.188766.xyz/?migutoken=bb758a8aaf58edf9913d991ef4277b47&id=CCTV2&type=yy, From: subscribe, IPv_Type: ipv6, Location: 美国, ISP: CloudFlare Inc., Date: None, Delay: -1 ms, Speed: 0.00 M/s, Resolution: None
Name: CCTV-2, URL: https://migu.188766.xyz/?migutoken=e42d95f45b5d155af24df6b1b6bf518a&id=CCTV2&type=yy, From: subscribe, IPv_Type: ipv6, Location: 美国, ISP: CloudFlare Inc., Date: None, Delay: -1 ms, Speed: 0.00 M/s, Resolution: None
Name: CCTV-2, URL: https://migu.188766.xyz/?migutoken=187ee96cabc122357793610749cd0d3b&id=CCTV2&type=yy, From: subscribe, IPv_Type: ipv6, Location: 美国, ISP: CloudFlare Inc., Date: None, Delay: -1 ms, Speed: 0.00 M/s, Resolution: None
Name: CCTV-2, URL: https://epg.pw/stream/f86540c126a751cc707e3805911549bd077fb5a7f0f53a824212d75addea3747.m3u8, From: subscribe, IPv_Type: ipv6, Location: 美国, ISP: CloudFlare Inc., Date: None, Delay: -1 ms, Speed: 0.00 M/s, Resolution: None
Name: CCTV-2, URL: https://migu.188766.xyz/?migutoken=2b443fee863666e73c9c3353ca6027dd&id=CCTV2&type=yy, From: subscribe, IPv_Type: ipv6, Location: 美国, ISP: CloudFlare Inc., Date: None, Delay: -1 ms, Speed: 0.00 M/s, Resolution: None
Name: CCTV-2, URL: https://migu.188766.xyz/?migutoken=b7d7b6347997f6bd94d976ec03579798&id=CCTV2&type=yy, From: subscribe, IPv_Type: ipv6, Location: 美国, ISP: CloudFlare Inc., Date: None, Delay: -1 ms, Speed: 0.00 M/s, Resolution: None
Name: CCTV-2, URL: https://migu.188766.xyz/?migutoken=f3416c907756c9117357e8ed146021e9&id=CCTV2&type=yy, From: subscribe, IPv_Type: ipv6, Location: 美国, ISP: CloudFlare Inc., Date: None, Delay: -1 ms, Speed: 0.00 M/s, Resolution: None
Name: CCTV-2, URL: https://migu.188766.xyz/?migutoken=7c63b0abe8741597021da394e631b72d&id=CCTV2&type=yy, From: subscribe, IPv_Type: ipv6, Location: 美国, ISP: CloudFlare Inc., Date: None, Delay: -1 ms, Speed: 0.00 M/s, Resolution: None
Name: CCTV-2, URL: https://migu.188766.xyz/?migutoken=d0226456cb448543a8b6720d59ef1201&id=CCTV2&type=yy, From: subscribe, IPv_Type: ipv6, Location: 美国, ISP: CloudFlare Inc., Date: None, Delay: -1 ms, Speed: 0.00 M/s, Resolution: None
Name: CCTV-2, URL: http://pull-flv-f1.douyincdn.com/media/stream-695106910011261612.flv?arch_hrchy=w1&exp_hrchy=w1&keeptime=00093a80&major_anchor_level=common&t_id=037-20260114100308192594C57677D9CCE8DA-vujvxt&unique_id=stream-695106910011261612_684_flv&wsSecret=fc06766784777da294247d06ae30f581&wsTime=6966f95d, From: subscribe, IPv_Type: ipv6, Location: 加拿大, ISP: , Date: None, Delay: -1 ms, Speed: 0.00 M/s, Resolution: None
Name: CCTV-2, URL: https://migu.188766.xyz/?migutoken=0fadcfab529845b2ab6e5e07e7aac8c6&id=CCTV2&type=yy, From: subscribe, IPv_Type: ipv6, Location: 美国, ISP: CloudFlare Inc., Date: None, Delay: -1 ms, Speed: 0.00 M/s, Resolution: None
Name: CCTV-2, URL: https://migu.188766.xyz/?migutoken=de5fdb93d85022b2ff6ab52df01ade63&id=CCTV2&type=yy, From: subscribe, IPv_Type: ipv6, Location: 美国, ISP: CloudFlare Inc., Date: None, Delay: -1 ms, Speed: 0.00 M/s, Resolution: None
Name: CCTV-2, URL: https://migu.188766.xyz/?migutoken=3e29bb687e253c01cfd99355021a38b8&id=CCTV2&type=yy, From: subscribe, IPv_Type: ipv6, Location: 美国, ISP: CloudFlare Inc., Date: None, Delay: -1 ms, Speed: 0.00 M/s, Resolution: None
Name: CCTV-2, URL: https://migu.188766.xyz/?migutoken=b6779e8424c6c4fe1ba74dc6d644729d&id=CCTV2&type=yy, From: subscribe, IPv_Type: ipv6, Location: 美国, ISP: CloudFlare Inc., Date: None, Delay: -1 ms, Speed: 0.00 M/s, Resolution: None
Name: CCTV-2, URL: https://migu.188766.xyz/?migutoken=b72679cba89ed5256fd92a42084739cf&id=CCTV2&type=yy, From: subscribe, IPv_Type: ipv6, Location: 美国, ISP: CloudFlare Inc., Date: None, Delay: -1 ms, Speed: 0.00 M/s, Resolution: None
Name: CCTV-2, URL: https://migu.188766.xyz/?migutoken=b72691164cc7676bc03717f637f8959a&id=CCTV2&type=yy, From: subscribe, IPv_Type: ipv6, Location: 美国, ISP: CloudFlare Inc., Date: None, Delay: -1 ms, Speed: 0.00 M/s, Resolution: None
Name: CCTV-2, URL: http://pull-flv-f1.douyincdn.com/media/stream-695106910011261612.flv?arch_hrchy=w1&exp_hrchy=w1&keeptime=00093a80&major_anchor_level=common&t_id=037-202601211138448FA9B998510F771A8747-9PrRHC&unique_id=stream-695106910011261612_684_flv&wsSecret=258653137fb1ed334218de18f528adaa&wsTime=69704a44, From: subscribe, IPv_Type: ipv6, Location: 加拿大, ISP: , Date: None, Delay: -1 ms, Speed: 0.00 M/s, Resolution: None
Name: CCTV-2, URL: https://migu.188766.xyz/?migutoken=dfd11c9cdd8699404be2cf2060ff6a79&id=CCTV2&type=yy, From: subscribe, IPv_Type: ipv6, Location: 美国, ISP: CloudFlare Inc., Date: None, Delay: -1 ms, Speed: 0.00 M/s, Resolution: None
Name: CCTV-2, URL: https://migu.188766.xyz/?migutoken=ba2979513bfcf4f528346a6bd39d28cd&id=CCTV2&type=yy, From: subscribe, IPv_Type: ipv6, Location: 美国, ISP: CloudFlare Inc., Date: None, Delay: -1 ms, Speed: 0.00 M/s, Resolution: None
Name: CCTV-2, URL: https://migu.188766.xyz/?migutoken=d5695aec079009e280c170ac41561d2f&id=CCTV2&type=yy, From: subscribe, IPv_Type: ipv6, Location: 美国, ISP: CloudFlare Inc., Date: None, Delay: -1 ms, Speed: 0.00 M/s, Resolution: None
Name: CCTV-2, URL: http://pull-hls-f1.douyincdn.com/media/stream-695106910011261612/playlist.m3u8?arch_hrchy=w1&exp_hrchy=w1&keeptime=00093a80&major_anchor_level=common&t_id=037-202601211138448FA9B998510F771A8747-9PrRHC&wsSecret=de5da072805f2c6d3fe8427464714c6f&wsTime=69704a44, From: subscribe, IPv_Type: ipv4, Location: 美国, ISP: , Date: None, Delay: 111 ms, Speed: 16.59 M/s, Resolution: 1920x1080
Name: CCTV-2, URL: http://38.75.136.137:98/gslb/dsdqbv/cctv2hd.m3u8?auth=test20251009, From: subscribe, IPv_Type: ipv4, Location: 美国-伊利诺伊州-库克, ISP: Cogent, Date: None, Delay: 644 ms, Speed: 5.12 M/s, Resolution: 1920x1080
Name: CCTV-2, URL: https://p2.bdstatic.com/rtmp.liveshow.lss-user.baidubce.com/live/stream_bduid_6488563992_8982723413/merged_1707497046297_88536_25144_41936.m3u8, From: subscribe, IPv_Type: ipv4, Location: 中国-山东-济南, ISP: 百度云加速数据中心, Date: None, Delay: 3679 ms, Speed: 4.03 M/s, Resolution: 1920x1080
Name: CCTV-2, URL: http://23.237.228.134/live5/CCTV2.m3u8, From: subscribe, IPv_Type: ipv4, Location: 北美地区, ISP: , Date: None, Delay: 1574 ms, Speed: 2.25 M/s, Resolution: 1920x1080
Name: CCTV-3, URL: http://php.jdshipin.com/TVOD/hljyd.php?id=3221226021, From: subscribe, IPv_Type: ipv6, Location: 美国, ISP: CloudFlare Inc., Date: None, Delay: -1 ms, Speed: 0.00 M/s, Resolution: None
Name: CCTV-3, URL: http://iptv.huuc.edu.cn/hls/cctv3hd.m3u8, From: subscribe, IPv_Type: ipv6, Location: 中国, ISP: 教育网, Date: None, Delay: -1 ms, Speed: 0.00 M/s, Resolution: None
Name: CCTV-3, URL: https://zby.130519.xyz/PLTV/11/224/3221225766/index.m3u8, From: subscribe, IPv_Type: ipv6, Location: 美国, ISP: CloudFlare Inc., Date: None, Delay: -1 ms, Speed: 0.00 M/s, Resolution: None
Name: CCTV-3, URL: https://migu.188766.xyz/?migutoken=aa9cf6475bb176ba1aa23d6f9cf8eac0&id=CCTV3&type=yy, From: subscribe, IPv_Type: ipv6, Location: 美国, ISP: CloudFlare Inc., Date: None, Delay: -1 ms, Speed: 0.00 M/s, Resolution: None
Name: CCTV-3, URL: http://zjzcf.synology.me:35455/gaoma/cctv3.m3u8, From: subscribe, IPv_Type: ipv6, Location: 中国, ISP: 中国移动, Date: None, Delay: -1 ms, Speed: 0.00 M/s, Resolution: None
Name: CCTV-3, URL: http://[2409:8087:8:21::18]:6610/otttv.bj.chinamobile.com/PLTV/88888888/224/3221226471/1.m3u8?, From: subscribe, IPv_Type: ipv6, Location: 中国, ISP: 中国移动, Date: None, Delay: -1 ms, Speed: 0.00 M/s, Resolution: None
Name: CCTV-3, URL: http://[2409:8087:1a01:df::4041]/TVOD/88888888/224/3221225799/main.m3u8, From: subscribe, IPv_Type: ipv6, Location: 中国, ISP: 中国移动, Date: None, Delay: -1 ms, Speed: 0.00 M/s, Resolution: None
Name: CCTV-3, URL: http://[2409:8087:1a01:df::4041]:80/TVOD/88888888/224/3221225799/main.m3u8, From: subscribe, IPv_Type: ipv6, Location: 中国, ISP: 中国移动, Date: None, Delay: -1 ms, Speed: 0.00 M/s, Resolution: None
Name: CCTV-3, URL: http://[2409:8087:1a01:df::4077]/ottrrs.hl.chinamobile.com/PLTV/88888888/224/3221226021/index.m3u8, From: subscribe, IPv_Type: ipv6, Location: 中国, ISP: 中国移动, Date: None, Delay: -1 ms, Speed: 0.00 M/s, Resolution: None
Name: CCTV-3, URL: http://[2409:8087:1a01:df::4077]/ottrrs.hl.chinamobile.com/PLTV/88888888/8/3221226021/index.m3u8, From: subscribe, IPv_Type: ipv6, Location: 中国, ISP: 中国移动, Date: None, Delay: -1 ms, Speed: 0.00 M/s, Resolution: None
Name: CCTV-3, URL: https://migu.188766.xyz/?migutoken=b572cd4ce92a469b589fbad53b39459b&id=CCTV3&type=yy, From: subscribe, IPv_Type: ipv6, Location: 美国, ISP: CloudFlare Inc., Date: None, Delay: -1 ms, Speed: 0.00 M/s, Resolution: None
Name: CCTV-3, URL: https://iptv.catvod.com/live.php?id=CCTV-3, From: subscribe, IPv_Type: ipv6, Location: 美国, ISP: CloudFlare Inc., Date: None, Delay: -1 ms, Speed: 0.00 M/s, Resolution: None
Name: CCTV-3, URL: https://migu.188766.xyz/?migutoken=e990f651d2f129c38ff33716affa1eca&id=CCTV3&type=yy, From: subscribe, IPv_Type: ipv6, Location: 美国, ISP: CloudFlare Inc., Date: None, Delay: -1 ms, Speed: 0.00 M/s, Resolution: None
Name: CCTV-3, URL: https://migu.188766.xyz/?migutoken=c940dc5a509aa5ae0075a4b6d94b98ec&id=CCTV3&type=yy, From: subscribe, IPv_Type: ipv6, Location: 美国, ISP: CloudFlare Inc., Date: None, Delay: -1 ms, Speed: 0.00 M/s, Resolution: None
Name: CCTV-3, URL: https://migu.188766.xyz/?migutoken=e9b647803b54e31cd9c261ffb7582a4c&id=CCTV3&type=yy, From: subscribe, IPv_Type: ipv6, Location: 美国, ISP: CloudFlare Inc., Date: None, Delay: -1 ms, Speed: 0.00 M/s, Resolution: None
Name: CCTV-3, URL: https://migu.188766.xyz/?migutoken=e4d7285f92a2c5cae831504d86e74710&id=CCTV3&type=yy, From: subscribe, IPv_Type: ipv6, Location: 美国, ISP: CloudFlare Inc., Date: None, Delay: -1 ms, Speed: 0.00 M/s, Resolution: None
Name: CCTV-3, URL: https://migu.188766.xyz/?migutoken=c8c78b4ecb83845466d988f0a32a0cda&id=CCTV3&type=yy, From: subscribe, IPv_Type: ipv6, Location: 美国, ISP: CloudFlare Inc., Date: None, Delay: -1 ms, Speed: 0.00 M/s, Resolution: None
Name: CCTV-3, URL: https://migu.188766.xyz/?migutoken=13f751a7091247ba1f2e0b82299bbb6d&id=CCTV3&type=yy, From: subscribe, IPv_Type: ipv6, Location: 美国, ISP: CloudFlare Inc., Date: None, Delay: -1 ms, Speed: 0.00 M/s, Resolution: None
Name: CCTV-3, URL: https://migu.188766.xyz/?migutoken=009c353b5d7c5ad7ab98f4a89c8b111d&id=CCTV3&type=yy, From: subscribe, IPv_Type: ipv6, Location: 美国, ISP: CloudFlare Inc., Date: None, Delay: -1 ms, Speed: 0.00 M/s, Resolution: None
Name: CCTV-3, URL: https://migu.188766.xyz/?migutoken=43f4344357606644bd090575c7829337&id=CCTV3&type=yy, From: subscribe, IPv_Type: ipv6, Location: 美国, ISP: CloudFlare Inc., Date: None, Delay: -1 ms, Speed: 0.00 M/s, Resolution: None
Name: CCTV-3, URL: https://migu.188766.xyz/?migutoken=c5be86d4e28fc8a9699466514b6a2177&id=CCTV3&type=yy, From: subscribe, IPv_Type: ipv6, Location: 美国, ISP: CloudFlare Inc., Date: None, Delay: -1 ms, Speed: 0.00 M/s, Resolution: None
Name: CCTV-3, URL: https://iptv.catvod.com/live.php?id=CCTV3, From: subscribe, IPv_Type: ipv6, Location: 美国, ISP: CloudFlare Inc., Date: None, Delay: -1 ms, Speed: 0.00 M/s, Resolution: None
Name: CCTV-3, URL: https://migu.188766.xyz/?migutoken=a79d94cd907498362953914886eb1331&id=CCTV3&type=yy, From: subscribe, IPv_Type: ipv6, Location: 美国, ISP: CloudFlare Inc., Date: None, Delay: -1 ms, Speed: 0.00 M/s, Resolution: None
Name: CCTV-3, URL: https://migu.188766.xyz/?migutoken=370155bf81d20351917b85b0c8b49b37&id=CCTV3&type=yy, From: subscribe, IPv_Type: ipv6, Location: 美国, ISP: CloudFlare Inc., Date: None, Delay: -1 ms, Speed: 0.00 M/s, Resolution: None
Name: CCTV-3, URL: https://migu.188766.xyz/?migutoken=d18533bf332fd2ca846b8876816d61f8&id=CCTV3&type=yy, From: subscribe, IPv_Type: ipv6, Location: 美国, ISP: CloudFlare Inc., Date: None, Delay: -1 ms, Speed: 0.00 M/s, Resolution: None
Name: CCTV-3, URL: https://migu.188766.xyz/?migutoken=cde997a7875077597c4e1f664da2b6f7&id=CCTV3&type=yy, From: subscribe, IPv_Type: ipv6, Location: 美国, ISP: CloudFlare Inc., Date: None, Delay: -1 ms, Speed: 0.00 M/s, Resolution: None
Name: CCTV-3, URL: https://migu.188766.xyz/?migutoken=82a79f3be2838d013d644a1bc5de4f86&id=CCTV3&type=yy, From: subscribe, IPv_Type: ipv6, Location: 美国, ISP: CloudFlare Inc., Date: None, Delay: -1 ms, Speed: 0.00 M/s, Resolution: None
Name: CCTV-3, URL: https://migu.188766.xyz/?migutoken=1a449483b4bb801808c1d9f20ca41a29&id=CCTV3&type=yy, From: subscribe, IPv_Type: ipv6, Location: 美国, ISP: CloudFlare Inc., Date: None, Delay: -1 ms, Speed: 0.00 M/s, Resolution: None
Name: CCTV-3, URL: https://migu.188766.xyz/?migutoken=542e1b4a7e00965700e9f7e2691ec7b4&id=CCTV3&type=yy, From: subscribe, IPv_Type: ipv6, Location: 美国, ISP: CloudFlare Inc., Date: None, Delay: -1 ms, Speed: 0.00 M/s, Resolution: None
Name: CCTV-3, URL: https://migu.188766.xyz/?migutoken=657e5ae7a94c7ede203118503a2da8d8&id=CCTV3&type=yy, From: subscribe, IPv_Type: ipv6, Location: 美国, ISP: CloudFlare Inc., Date: None, Delay: -1 ms, Speed: 0.00 M/s, Resolution: None
Name: CCTV-3, URL: https://migu.188766.xyz/?migutoken=160c736dbf4517f0211205939f1c9f80&id=CCTV3&type=yy, From: subscribe, IPv_Type: ipv6, Location: 美国, ISP: CloudFlare Inc., Date: None, Delay: -1 ms, Speed: 0.00 M/s, Resolution: None
Name: CCTV-3, URL: https://migu.188766.xyz/?migutoken=4c040b59ad2e8bf62e258dab42ab7c7e&id=CCTV3&type=yy, From: subscribe, IPv_Type: ipv6, Location: 美国, ISP: CloudFlare Inc., Date: None, Delay: -1 ms, Speed: 0.00 M/s, Resolution: None
Name: CCTV-3, URL: https://migu.188766.xyz/?migutoken=b13c449300b808de2e7d8955d259cb0c&id=CCTV3&type=yy, From: subscribe, IPv_Type: ipv6, Location: 美国, ISP: CloudFlare Inc., Date: None, Delay: -1 ms, Speed: 0.00 M/s, Resolution: None
Name: CCTV-3, URL: https://migu.188766.xyz/?migutoken=61357db75ffe7b57c96b608b4785e767&id=CCTV3&type=yy, From: subscribe, IPv_Type: ipv6, Location: 美国, ISP: CloudFlare Inc., Date: None, Delay: -1 ms, Speed: 0.00 M/s, Resolution: None
Name: CCTV-3, URL: https://migu.188766.xyz/?migutoken=f27bfd1d978f3cfc5e695cdf5dc8deb3&id=CCTV3&type=yy, From: subscribe, IPv_Type: ipv6, Location: 美国, ISP: CloudFlare Inc., Date: None, Delay: -1 ms, Speed: 0.00 M/s, Resolution: None
Name: CCTV-3, URL: https://migu.188766.xyz/?migutoken=50bb76d74193eca6d7e5290cbb920bcc&id=CCTV3&type=yy, From: subscribe, IPv_Type: ipv6, Location: 美国, ISP: CloudFlare Inc., Date: None, Delay: -1 ms, Speed: 0.00 M/s, Resolution: None
Name: CCTV-3, URL: https://migu.188766.xyz/?migutoken=7a0ac8f925b6805e288f89ba612d9434&id=CCTV3&type=yy, From: subscribe, IPv_Type: ipv6, Location: 美国, ISP: CloudFlare Inc., Date: None, Delay: -1 ms, Speed: 0.00 M/s, Resolution: None
Name: CCTV-3, URL: https://www.freetv.top/migu/624878271.m3u8?migutoken=583eb8c5c48e5b14a4f782b43058efc16d128e0d4fa47e5b0814dfe842c8a8951d803a45a71656bc7fff6ba305cfbcd3d55909a119e8d9c1456b3842378e809ded8d3aa6cd633c2eadcab87259, From: subscribe, IPv_Type: ipv6, Location: 美国, ISP: Oracle Corporation, Date: None, Delay: -1 ms, Speed: 0.00 M/s, Resolution: None
Name: CCTV-3, URL: https://www.freetv.top/migu/624878271.m3u8?migutoken=ca824f02f6213b64bc94ece82f051a14d6b4b3a0a87493655d302b6c76e29668b57118071931e320faddacacabcb320684e805e3e5b3fdd4465a65f9bc6eac1ff4f24f1c0cde6a2a5cd9a8553a, From: subscribe, IPv_Type: ipv6, Location: 美国, ISP: Oracle Corporation, Date: None, Delay: -1 ms, Speed: 0.00 M/s, Resolution: None
Name: CCTV-3, URL: https://www.freetv.top/migu/624878271.m3u8?migutoken=6051cf0f824b7432a7e38cb90b50dbc8d5f9dbc684d357663ae821fb87ae233a45772b235431568e910e14c17b7496429d23d2b4b3501692941d1e6d364b2e35ccf5890eb0c31743c5dffaa2ef, From: subscribe, IPv_Type: ipv6, Location: 美国, ISP: Oracle Corporation, Date: None, Delay: -1 ms, Speed: 0.00 M/s, Resolution: None
Name: CCTV-3, URL: https://www.freetv.top/migu/624878271.m3u8?migutoken=d2f5e7c9e37c0b31c1e675570e64cff15a1f3d4cc205147b55d1c5c9bb6dabbe7f90a086a034b81e426ec6972d34b1a781ff13dc117f082e339a9ed2a182bf981810fdf1dcec27a84fadf629e3, From: subscribe, IPv_Type: ipv6, Location: 美国, ISP: Oracle Corporation, Date: None, Delay: -1 ms, Speed: 0.00 M/s, Resolution: None
Name: CCTV-3, URL: https://www.freetv.top/migu/624878271.m3u8?migutoken=26f112920b7d750d5c237dcfeea880c9e4f73d9f9c90ed6628cd1e3b0e4c1424eb700fa97ef3b1a8d3676d047db35285709219d8e971f98e2b095ef2d7c3c343a9df476c13a0daee16c74e7478, From: subscribe, IPv_Type: ipv6, Location: 美国, ISP: Oracle Corporation, Date: None, Delay: -1 ms, Speed: 0.00 M/s, Resolution: None
Name: CCTV-3, URL: https://www.freetv.top/migu/624878271.m3u8?migutoken=e8d38daa280e2049e79abdee2d8546a2afea5b9e9c1a4713b05154116ba5f1133b046c7d4d52fcc0fda414c2208c7aa3a4cf2572926916023730b040718b8a6022093ebfc572f0ea281f1bb0b4, From: subscribe, IPv_Type: ipv6, Location: 美国, ISP: Oracle Corporation, Date: None, Delay: -1 ms, Speed: 0.00 M/s, Resolution: None
Name: CCTV-3, URL: https://www.freetv.top/migu/624878271.m3u8?migutoken=51e795d34fc334fbfef3a00a9e095b441f8925223bf27482f2ced0a43e8533d469a5ced1cafaef5b17edf9089617ff31ded949f9e74e8844747cb04332f3d81a317734e4e8f189538db2f108a7, From: subscribe, IPv_Type: ipv6, Location: 美国, ISP: Oracle Corporation, Date: None, Delay: -1 ms, Speed: 0.00 M/s, Resolution: None
Name: CCTV-3, URL: https://www.freetv.top/migu/624878271.m3u8?migutoken=ab337350191d49738c0947c4edfb2d72445dadbfd53e36b287a30881028262fffbe9ba284ac062a14452f0d90c7a75d16101edb3adc14999ae8771aabc77b40c78d14137bb14e68fd6cd1a8d67, From: subscribe, IPv_Type: ipv6, Location: 美国, ISP: Oracle Corporation, Date: None, Delay: -1 ms, Speed: 0.00 M/s, Resolution: None
Name: CCTV-3, URL: https://www.freetv.top/migu/624878271.m3u8?migutoken=cc5fda32f92c3778b4ec917c6edfddfb427acd161372f4acf6deb16520a123904ce79198d9cf1f7cc96dea7795d561a75b2b3581a0bfcffa303d18f45a217ff78e8dcdaf915667846e1465145a, From: subscribe, IPv_Type: ipv6, Location: 美国, ISP: Oracle Corporation, Date: None, Delay: -1 ms, Speed: 0.00 M/s, Resolution: None
Name: CCTV-3, URL: https://www.freetv.top/migu/624878271.m3u8?migutoken=380a18fe8dc81109270780918e605114ca218bcfa395aaa8682b605d1622439ffe7981dbd10f378c9c045f872d48dce39babcb012c7362dc8b21835e88fde6457bacaa4082c74879d64ad7aee4, From: subscribe, IPv_Type: ipv6, Location: 美国, ISP: Oracle Corporation, Date: None, Delay: -1 ms, Speed: 0.00 M/s, Resolution: None
Name: CCTV-3, URL: https://www.freetv.top/migu/624878271.m3u8?migutoken=35ee1318e92e1d47aa4e9ad2f98c1ca771a9ca57db36d1e18c3a4fabedd68b40ee0c4c4724347e54708380241e58d714dde21dcbd0f2eff4373c9d9f7f1508646f22febd08f5c3a8c755f6ef1e, From: subscribe, IPv_Type: ipv6, Location: 美国, ISP: Oracle Corporation, Date: None, Delay: -1 ms, Speed: 0.00 M/s, Resolution: None
Name: CCTV-3, URL: https://www.freetv.top/migu/624878271.m3u8?migutoken=2d13be95db5e58e97f6fa8da49abb89867168be140fac8df0accbbab11e6fc7f6e78cdef9168ed3f65951dadc9feafdc5ede7bbcc43c0d4c7f9510c146a2309333483f883a0be4b76da20ed280, From: subscribe, IPv_Type: ipv6, Location: 美国, ISP: Oracle Corporation, Date: None, Delay: -1 ms, Speed: 0.00 M/s, Resolution: None
Name: CCTV-3, URL: http://www.freetv.top/migu/624878271.m3u8?migutoken=21306af96cf9259457600792df858b0d339bc7203aeb7e1a6ee6ec6ec3832a2736936029fe2583dcf971676870fdf0afbdee5be786e50af2ac6a8825673cc860d7988f44d0c5c4bc1931259698, From: subscribe, IPv_Type: ipv6, Location: 美国, ISP: Oracle Corporation, Date: None, Delay: -1 ms, Speed: 0.00 M/s, Resolution: None
Name: CCTV-3, URL: https://migu.188766.xyz/?migutoken=1fccb7992190269951f920f07256ba45&id=CCTV3&type=yy, From: subscribe, IPv_Type: ipv6, Location: 美国, ISP: CloudFlare Inc., Date: None, Delay: -1 ms, Speed: 0.00 M/s, Resolution: None
Name: CCTV-3, URL: https://migu.188766.xyz/?migutoken=657d26dfe5f1c12cff31f93d221a2927&id=CCTV3&type=yy, From: subscribe, IPv_Type: ipv6, Location: 美国, ISP: CloudFlare Inc., Date: None, Delay: -1 ms, Speed: 0.00 M/s, Resolution: None
Name: CCTV-3, URL: http://38.75.136.137:98/gslb/dsdqbv/cctv3hd.m3u8?auth=test20251009, From: subscribe, IPv_Type: ipv4, Location: 美国-伊利诺伊州-库克, ISP: Cogent, Date: None, Delay: 653 ms, Speed: 6.18 M/s, Resolution: 1920x1080
Name: CCTV-3, URL: http://23.237.228.134/live5/CCTV3.m3u8, From: subscribe, IPv_Type: ipv4, Location: 北美地区, ISP: , Date: None, Delay: 624 ms, Speed: 5.13 M/s, Resolution: 1920x1080
Name: CCTV-4, URL: http://iptv.diyp.site/公众号【DIYP】.php?key=gat5&id=b48a42af82ed6a7a3579a031f9e02566, From: subscribe, IPv_Type: ipv6, Location: 美国, ISP: CloudFlare Inc., Date: None, Delay: -1 ms, Speed: 0.00 M/s, Resolution: None
Name: CCTV-4, URL: http://php.jdshipin.com/TVOD/hljyd.php?id=3221226428, From: subscribe, IPv_Type: ipv6, Location: 美国, ISP: CloudFlare Inc., Date: None, Delay: -1 ms, Speed: 0.00 M/s, Resolution: None
Name: CCTV-4, URL: http://z.b.bkpcp.top/m.php?id=CCTV-4国际, From: subscribe, IPv_Type: ipv6, Location: 美国, ISP: CloudFlare Inc., Date: None, Delay: -1 ms, Speed: 0.00 M/s, Resolution: None
Name: CCTV-4, URL: https://dash2.antik.sk/live/test_cctv_tizen/playlist.m3u8, From: subscribe, IPv_Type: ipv6, Location: 斯洛伐克, ISP: , Date: None, Delay: -1 ms, Speed: 0.00 M/s, Resolution: None
Name: CCTV-4, URL: http://iptv.huuc.edu.cn/hls/cctv4hd.m3u8, From: subscribe, IPv_Type: ipv6, Location: 中国, ISP: 教育网, Date: None, Delay: -1 ms, Speed: 0.00 M/s, Resolution: None
Name: CCTV-4, URL: https://zby.130519.xyz/PLTV/11/224/3221226124/index.m3u8, From: subscribe, IPv_Type: ipv6, Location: 美国, ISP: CloudFlare Inc., Date: None, Delay: -1 ms, Speed: 0.00 M/s, Resolution: None
Name: CCTV-4, URL: https://migu.188766.xyz/?migutoken=86ce256c70d06486281d1c8b774fc0ae&id=CCTV4&type=yy, From: subscribe, IPv_Type: ipv6, Location: 美国, ISP: CloudFlare Inc., Date: None, Delay: -1 ms, Speed: 0.00 M/s, Resolution: None
Name: CCTV-4, URL: https://migu.188766.xyz/?migutoken=5f864dca9bdfe8d87f0c5d034c6d5bd6&id=CCTV4%E6%AC%A7%E6%B4%B2&type=yy, From: subscribe, IPv_Type: ipv6, Location: 美国, ISP: CloudFlare Inc., Date: None, Delay: -1 ms, Speed: 0.00 M/s, Resolution: None
Name: CCTV-4, URL: https://migu.188766.xyz/?migutoken=8b3d7de10de044e07603c32079c9890c&id=CCTV4%E7%BE%8E%E6%B4%B2&type=yy, From: subscribe, IPv_Type: ipv6, Location: 美国, ISP: CloudFlare Inc., Date: None, Delay: -1 ms, Speed: 0.00 M/s, Resolution: None
Name: CCTV-4, URL: http://[2409:8087:1a01:df::4077]/ottrrs.hl.chinamobile.com/PLTV/88888888/8/3221226007/index.m3u8, From: subscribe, IPv_Type: ipv6, Location: 中国, ISP: 中国移动, Date: None, Delay: -1 ms, Speed: 0.00 M/s, Resolution: None
Name: CCTV-4, URL: http://[2409:8087:8:21::18]:6610/otttv.bj.chinamobile.com/PLTV/88888888/224/3221226335/1.m3u8?, From: subscribe, IPv_Type: ipv6, Location: 中国, ISP: 中国移动, Date: None, Delay: -1 ms, Speed: 0.00 M/s, Resolution: None
Name: CCTV-4, URL: https://www.freetv.top/migu/631780421.m3u8?migutoken=fefc6a44400a0dd448699ae0ce3d6e2c5a0f49b8d48adb36e747c4fbab039337eb3244f9951acbddaf26b7bf51597a7d1b43c8845e67fd5914ece875dcad325bb388200bc0f12fdff727d03e2d, From: subscribe, IPv_Type: ipv6, Location: 美国-加利福尼亚州-圣克拉拉, ISP: DigitalOcean, Date: None, Delay: -1 ms, Speed: 0.00 M/s, Resolution: None
Name: CCTV-4, URL: https://migu.188766.xyz/?migutoken=e181429aa35be31503ae711a024faf64&id=CCTV4&type=yy, From: subscribe, IPv_Type: ipv6, Location: 美国, ISP: CloudFlare Inc., Date: None, Delay: -1 ms, Speed: 0.00 M/s, Resolution: None
Name: CCTV-4, URL: https://migu.188766.xyz/?migutoken=20174757859f3acd1bb1f2a383235571&id=CCTV4%E6%AC%A7%E6%B4%B2&type=yy, From: subscribe, IPv_Type: ipv6, Location: 美国, ISP: CloudFlare Inc., Date: None, Delay: -1 ms, Speed: 0.00 M/s, Resolution: None
Name: CCTV-4, URL: https://migu.188766.xyz/?migutoken=277eea70169602ea8ab8728dfad09980&id=CCTV4%E7%BE%8E%E6%B4%B2&type=yy, From: subscribe, IPv_Type: ipv6, Location: 美国, ISP: CloudFlare Inc., Date: None, Delay: -1 ms, Speed: 0.00 M/s, Resolution: None
Name: CCTV-4, URL: https://migu.188766.xyz/?migutoken=fd3e9db5d50b3d22829202f477a7de88&id=CCTV4&type=yy, From: subscribe, IPv_Type: ipv6, Location: 美国, ISP: CloudFlare Inc., Date: None, Delay: -1 ms, Speed: 0.00 M/s, Resolution: None
Name: CCTV-4, URL: https://migu.188766.xyz/?migutoken=8726e01da0c0826f2cc56d403bc54285&id=CCTV4%E6%AC%A7%E6%B4%B2&type=yy, From: subscribe, IPv_Type: ipv6, Location: 美国, ISP: CloudFlare Inc., Date: None, Delay: -1 ms, Speed: 0.00 M/s, Resolution: None
Name: CCTV-4, URL: https://migu.188766.xyz/?migutoken=e031abbfdde4d5022bbdfb33a83f31ec&id=CCTV4%E7%BE%8E%E6%B4%B2&type=yy, From: subscribe, IPv_Type: ipv6, Location: 美国, ISP: CloudFlare Inc., Date: None, Delay: -1 ms, Speed: 0.00 M/s, Resolution: None
Name: CCTV-4, URL: https://iptv.catvod.com/live.php?id=CCTV-4, From: subscribe, IPv_Type: ipv6, Location: 美国, ISP: CloudFlare Inc., Date: None, Delay: -1 ms, Speed: 0.00 M/s, Resolution: None
Name: CCTV-4, URL: https://migu.188766.xyz/?migutoken=dc6f16a12ec14642df7a0cb05470e482&id=CCTV4&type=yy, From: subscribe, IPv_Type: ipv6, Location: 美国, ISP: CloudFlare Inc., Date: None, Delay: -1 ms, Speed: 0.00 M/s, Resolution: None
Name: CCTV-4, URL: https://migu.188766.xyz/?migutoken=bf654c88023b1c57c8e91c4b08eb2ed6&id=CCTV4%E6%AC%A7%E6%B4%B2&type=yy, From: subscribe, IPv_Type: ipv6, Location: 美国, ISP: CloudFlare Inc., Date: None, Delay: -1 ms, Speed: 0.00 M/s, Resolution: None
Name: CCTV-4, URL: https://migu.188766.xyz/?migutoken=60373d91892515e93841ffbd8621a519&id=CCTV4%E7%BE%8E%E6%B4%B2&type=yy, From: subscribe, IPv_Type: ipv6, Location: 美国, ISP: CloudFlare Inc., Date: None, Delay: -1 ms, Speed: 0.00 M/s, Resolution: None
Name: CCTV-4, URL: https://migu.188766.xyz/?migutoken=50b261f8c1727075fea0b99d2ec749bc&id=CCTV4&type=yy, From: subscribe, IPv_Type: ipv6, Location: 美国, ISP: CloudFlare Inc., Date: None, Delay: -1 ms, Speed: 0.00 M/s, Resolution: None
Name: CCTV-4, URL: https://migu.188766.xyz/?migutoken=c68746ccec059f933ccd81b49dde7e71&id=CCTV4%E6%AC%A7%E6%B4%B2&type=yy, From: subscribe, IPv_Type: ipv6, Location: 美国, ISP: CloudFlare Inc., Date: None, Delay: -1 ms, Speed: 0.00 M/s, Resolution: None
Name: CCTV-4, URL: https://migu.188766.xyz/?migutoken=d2d740f21307b9e068163fe7722e0428&id=CCTV4%E7%BE%8E%E6%B4%B2&type=yy, From: subscribe, IPv_Type: ipv6, Location: 美国, ISP: CloudFlare Inc., Date: None, Delay: -1 ms, Speed: 0.00 M/s, Resolution: None
Name: CCTV-4, URL: https://migu.188766.xyz/?migutoken=cb9cc92eac006d7b81d2dd46bef57c99&id=CCTV4&type=yy, From: subscribe, IPv_Type: ipv6, Location: 美国, ISP: CloudFlare Inc., Date: None, Delay: -1 ms, Speed: 0.00 M/s, Resolution: None
Name: CCTV-4, URL: https://migu.188766.xyz/?migutoken=a1abe96dea73e0c573c49b4afe1d04a1&id=CCTV4%E6%AC%A7%E6%B4%B2&type=yy, From: subscribe, IPv_Type: ipv6, Location: 美国, ISP: CloudFlare Inc., Date: None, Delay: -1 ms, Speed: 0.00 M/s, Resolution: None
Name: CCTV-4, URL: https://migu.188766.xyz/?migutoken=06f6bc601557d3bd425de57e721e54b8&id=CCTV4%E7%BE%8E%E6%B4%B2&type=yy, From: subscribe, IPv_Type: ipv6, Location: 美国, ISP: CloudFlare Inc., Date: None, Delay: -1 ms, Speed: 0.00 M/s, Resolution: None
Name: CCTV-4, URL: https://iptv.catvod.com/live.php?id=CCTV4, From: subscribe, IPv_Type: ipv6, Location: 美国, ISP: CloudFlare Inc., Date: None, Delay: -1 ms, Speed: 0.00 M/s, Resolution: None
Name: CCTV-4, URL: https://migu.188766.xyz/?migutoken=e9fe6c4ced8f5cdfd601e6b701045155&id=CCTV4&type=yy, From: subscribe, IPv_Type: ipv6, Location: 美国, ISP: CloudFlare Inc., Date: None, Delay: -1 ms, Speed: 0.00 M/s, Resolution: None
Name: CCTV-4, URL: https://migu.188766.xyz/?migutoken=b2c2f8bb41e92091a6eb44c77194bad8&id=CCTV4%E6%AC%A7%E6%B4%B2&type=yy, From: subscribe, IPv_Type: ipv6, Location: 美国, ISP: CloudFlare Inc., Date: None, Delay: -1 ms, Speed: 0.00 M/s, Resolution: None
Name: CCTV-4, URL: https://migu.188766.xyz/?migutoken=cc266b96f289031d0d077c3620d42ddb&id=CCTV4%E7%BE%8E%E6%B4%B2&type=yy, From: subscribe, IPv_Type: ipv6, Location: 美国, ISP: CloudFlare Inc., Date: None, Delay: -1 ms, Speed: 0.00 M/s, Resolution: None
Name: CCTV-4, URL: https://migu.188766.xyz/?migutoken=c9cfc8ee5405263448dcdce25ae758fd&id=CCTV4&type=yy, From: subscribe, IPv_Type: ipv6, Location: 美国, ISP: CloudFlare Inc., Date: None, Delay: -1 ms, Speed: 0.00 M/s, Resolution: None
Name: CCTV-4, URL: https://migu.188766.xyz/?migutoken=b14bc869c9e30d0a1d39c6c349eb62ef&id=CCTV4%E6%AC%A7%E6%B4%B2&type=yy, From: subscribe, IPv_Type: ipv6, Location: 美国, ISP: CloudFlare Inc., Date: None, Delay: -1 ms, Speed: 0.00 M/s, Resolution: None
Name: CCTV-4, URL: https://migu.188766.xyz/?migutoken=32a317c433e0ea079c8925b3c4aa1703&id=CCTV4%E7%BE%8E%E6%B4%B2&type=yy, From: subscribe, IPv_Type: ipv6, Location: 美国, ISP: CloudFlare Inc., Date: None, Delay: -1 ms, Speed: 0.00 M/s, Resolution: None
Name: CCTV-4, URL: https://migu.188766.xyz/?migutoken=0b95b99eed76e9ba1b529ace684d259c&id=CCTV4&type=yy, From: subscribe, IPv_Type: ipv6, Location: 美国, ISP: CloudFlare Inc., Date: None, Delay: -1 ms, Speed: 0.00 M/s, Resolution: None
Name: CCTV-4, URL: https://migu.188766.xyz/?migutoken=545c88767be574dc163a987ea6750810&id=CCTV4%E6%AC%A7%E6%B4%B2&type=yy, From: subscribe, IPv_Type: ipv6, Location: 美国, ISP: CloudFlare Inc., Date: None, Delay: -1 ms, Speed: 0.00 M/s, Resolution: None
Name: CCTV-4, URL: https://migu.188766.xyz/?migutoken=e8c503829f4a7d6f96cbf4759713a4bd&id=CCTV4%E7%BE%8E%E6%B4%B2&type=yy, From: subscribe, IPv_Type: ipv6, Location: 美国, ISP: CloudFlare Inc., Date: None, Delay: -1 ms, Speed: 0.00 M/s, Resolution: None
Name: CCTV-4, URL: https://migu.188766.xyz/?migutoken=5a62eec209f2f4fa8f4421599346cfaa&id=CCTV4&type=yy, From: subscribe, IPv_Type: ipv6, Location: 美国, ISP: CloudFlare Inc., Date: None, Delay: -1 ms, Speed: 0.00 M/s, Resolution: None
Name: CCTV-4, URL: https://migu.188766.xyz/?migutoken=8c1df4798163667cb832f4cc144757d3&id=CCTV4%E6%AC%A7%E6%B4%B2&type=yy, From: subscribe, IPv_Type: ipv6, Location: 美国, ISP: CloudFlare Inc., Date: None, Delay: -1 ms, Speed: 0.00 M/s, Resolution: None
Name: CCTV-4, URL: https://migu.188766.xyz/?migutoken=6ab980a1c93998f0665eb49bb9d7daac&id=CCTV4%E7%BE%8E%E6%B4%B2&type=yy, From: subscribe, IPv_Type: ipv6, Location: 美国, ISP: CloudFlare Inc., Date: None, Delay: -1 ms, Speed: 0.00 M/s, Resolution: None
Name: CCTV-4, URL: https://migu.188766.xyz/?migutoken=b7351949e5971a1d1664369143a853d7&id=CCTV4&type=yy, From: subscribe, IPv_Type: ipv6, Location: 美国, ISP: CloudFlare Inc., Date: None, Delay: -1 ms, Speed: 0.00 M/s, Resolution: None
Name: CCTV-4, URL: https://migu.188766.xyz/?migutoken=8da2b2bd4841ddc0448520e48aaad63a&id=CCTV4%E6%AC%A7%E6%B4%B2&type=yy, From: subscribe, IPv_Type: ipv6, Location: 美国, ISP: CloudFlare Inc., Date: None, Delay: -1 ms, Speed: 0.00 M/s, Resolution: None
Name: CCTV-4, URL: https://migu.188766.xyz/?migutoken=bbe10e8abeadb00e898bd11b6368ff16&id=CCTV4%E7%BE%8E%E6%B4%B2&type=yy, From: subscribe, IPv_Type: ipv6, Location: 美国, ISP: CloudFlare Inc., Date: None, Delay: -1 ms, Speed: 0.00 M/s, Resolution: None
Name: CCTV-4, URL: https://migu.188766.xyz/?migutoken=c905e6d0e63f25a36d023b418037e9d2&id=CCTV4&type=yy, From: subscribe, IPv_Type: ipv6, Location: 美国, ISP: CloudFlare Inc., Date: None, Delay: -1 ms, Speed: 0.00 M/s, Resolution: None
Name: CCTV-4, URL: https://migu.188766.xyz/?migutoken=1007e3415eee5e20eff4e2a6ba85e8a1&id=CCTV4%E6%AC%A7%E6%B4%B2&type=yy, From: subscribe, IPv_Type: ipv6, Location: 美国, ISP: CloudFlare Inc., Date: None, Delay: -1 ms, Speed: 0.00 M/s, Resolution: None
Name: CCTV-4, URL: https://migu.188766.xyz/?migutoken=e0c535f775e8bb0a5251db1d214d0584&id=CCTV4%E7%BE%8E%E6%B4%B2&type=yy, From: subscribe, IPv_Type: ipv6, Location: 美国, ISP: CloudFlare Inc., Date: None, Delay: -1 ms, Speed: 0.00 M/s, Resolution: None
Name: CCTV-4, URL: https://migu.188766.xyz/?migutoken=0ef1c998369a238cdcb6d4f112032151&id=CCTV4&type=yy, From: subscribe, IPv_Type: ipv6, Location: 美国, ISP: CloudFlare Inc., Date: None, Delay: -1 ms, Speed: 0.00 M/s, Resolution: None
Name: CCTV-4, URL: https://migu.188766.xyz/?migutoken=9661567aed2227822645c1fe94b97993&id=CCTV4%E6%AC%A7%E6%B4%B2&type=yy, From: subscribe, IPv_Type: ipv6, Location: 美国, ISP: CloudFlare Inc., Date: None, Delay: -1 ms, Speed: 0.00 M/s, Resolution: None
Name: CCTV-4, URL: https://migu.188766.xyz/?migutoken=23007688fc75bbf874b66f0d610eaf5c&id=CCTV4%E7%BE%8E%E6%B4%B2&type=yy, From: subscribe, IPv_Type: ipv6, Location: 美国, ISP: CloudFlare Inc., Date: None, Delay: -1 ms, Speed: 0.00 M/s, Resolution: None
Name: CCTV-4, URL: https://migu.188766.xyz/?migutoken=9e9a11a42a50229b45da009cf7f5f5b2&id=CCTV4&type=yy, From: subscribe, IPv_Type: ipv6, Location: 美国, ISP: CloudFlare Inc., Date: None, Delay: -1 ms, Speed: 0.00 M/s, Resolution: None
Name: CCTV-4, URL: https://migu.188766.xyz/?migutoken=7befe3b1a9eeb9603887e17888976ca3&id=CCTV4%E6%AC%A7%E6%B4%B2&type=yy, From: subscribe, IPv_Type: ipv6, Location: 美国, ISP: CloudFlare Inc., Date: None, Delay: -1 ms, Speed: 0.00 M/s, Resolution: None
Name: CCTV-4, URL: https://migu.188766.xyz/?migutoken=1fb381d40f341ec4d02cb223e8d52740&id=CCTV4%E7%BE%8E%E6%B4%B2&type=yy, From: subscribe, IPv_Type: ipv6, Location: 美国, ISP: CloudFlare Inc., Date: None, Delay: -1 ms, Speed: 0.00 M/s, Resolution: None
Name: CCTV-4, URL: https://migu.188766.xyz/?migutoken=59c2095392084ae77c5fc85c18d2e51c&id=CCTV4&type=yy, From: subscribe, IPv_Type: ipv6, Location: 美国, ISP: CloudFlare Inc., Date: None, Delay: -1 ms, Speed: 0.00 M/s, Resolution: None
Name: CCTV-4, URL: https://migu.188766.xyz/?migutoken=47a2f69c3d9594e375067d6842259cf9&id=CCTV4%E6%AC%A7%E6%B4%B2&type=yy, From: subscribe, IPv_Type: ipv6, Location: 美国, ISP: CloudFlare Inc., Date: None, Delay: -1 ms, Speed: 0.00 M/s, Resolution: None
Name: CCTV-4, URL: https://migu.188766.xyz/?migutoken=cfba6d7f8a7055a6865b05dd99d84e65&id=CCTV4%E7%BE%8E%E6%B4%B2&type=yy, From: subscribe, IPv_Type: ipv6, Location: 美国, ISP: CloudFlare Inc., Date: None, Delay: -1 ms, Speed: 0.00 M/s, Resolution: None
Name: CCTV-4, URL: https://migu.188766.xyz/?migutoken=852648f4ebf992095e620e1dda0603f1&id=CCTV4&type=yy, From: subscribe, IPv_Type: ipv6, Location: 美国, ISP: CloudFlare Inc., Date: None, Delay: -1 ms, Speed: 0.00 M/s, Resolution: None
Name: CCTV-4, URL: https://migu.188766.xyz/?migutoken=f589fc6affebd1ecd786819ba75d24d1&id=CCTV4%E6%AC%A7%E6%B4%B2&type=yy, From: subscribe, IPv_Type: ipv6, Location: 美国, ISP: CloudFlare Inc., Date: None, Delay: -1 ms, Speed: 0.00 M/s, Resolution: None
Name: CCTV-4, URL: https://migu.188766.xyz/?migutoken=81392478c69ea09beea8e5f205fed74c&id=CCTV4%E7%BE%8E%E6%B4%B2&type=yy, From: subscribe, IPv_Type: ipv6, Location: 美国, ISP: CloudFlare Inc., Date: None, Delay: -1 ms, Speed: 0.00 M/s, Resolution: None
Name: CCTV-4, URL: https://migu.188766.xyz/?migutoken=e89c6f525c253c27ae6d3d45b0e3d406&id=CCTV4&type=yy, From: subscribe, IPv_Type: ipv6, Location: 美国, ISP: CloudFlare Inc., Date: None, Delay: -1 ms, Speed: 0.00 M/s, Resolution: None
Name: CCTV-4, URL: https://migu.188766.xyz/?migutoken=ca6bfdb734437d0b67b446631798e8ac&id=CCTV4%E6%AC%A7%E6%B4%B2&type=yy, From: subscribe, IPv_Type: ipv6, Location: 美国, ISP: CloudFlare Inc., Date: None, Delay: -1 ms, Speed: 0.00 M/s, Resolution: None
Name: CCTV-4, URL: https://migu.188766.xyz/?migutoken=efd5d063791da255a9ec1e5a23694ed0&id=CCTV4%E7%BE%8E%E6%B4%B2&type=yy, From: subscribe, IPv_Type: ipv6, Location: 美国, ISP: CloudFlare Inc., Date: None, Delay: -1 ms, Speed: 0.00 M/s, Resolution: None
Name: CCTV-4, URL: https://migu.188766.xyz/?migutoken=f54d140223ea8c55f0c4b1b89afaecde&id=CCTV4&type=yy, From: subscribe, IPv_Type: ipv6, Location: 美国, ISP: CloudFlare Inc., Date: None, Delay: -1 ms, Speed: 0.00 M/s, Resolution: None
Name: CCTV-4, URL: https://migu.188766.xyz/?migutoken=ddb00a73920fc57fd5130632e5f53397&id=CCTV4%E6%AC%A7%E6%B4%B2&type=yy, From: subscribe, IPv_Type: ipv6, Location: 美国, ISP: CloudFlare Inc., Date: None, Delay: -1 ms, Speed: 0.00 M/s, Resolution: None
Name: CCTV-4, URL: https://migu.188766.xyz/?migutoken=14ae13263503b6fdec10b833a8aee724&id=CCTV4%E7%BE%8E%E6%B4%B2&type=yy, From: subscribe, IPv_Type: ipv6, Location: 美国, ISP: CloudFlare Inc., Date: None, Delay: -1 ms, Speed: 0.00 M/s, Resolution: None
Name: CCTV-4, URL: https://migu.188766.xyz/?migutoken=c6d83ffff4900149fd6ff7f367a67f40&id=CCTV4&type=yy, From: subscribe, IPv_Type: ipv6, Location: 美国, ISP: CloudFlare Inc., Date: None, Delay: -1 ms, Speed: 0.00 M/s, Resolution: None
Name: CCTV-4, URL: https://migu.188766.xyz/?migutoken=8b23847ee96c21b85e51c76cfb15752a&id=CCTV4%E6%AC%A7%E6%B4%B2&type=yy, From: subscribe, IPv_Type: ipv6, Location: 美国, ISP: CloudFlare Inc., Date: None, Delay: -1 ms, Speed: 0.00 M/s, Resolution: None
Name: CCTV-4, URL: https://migu.188766.xyz/?migutoken=62715dc437aa1a06f93b6e786c98c526&id=CCTV4%E7%BE%8E%E6%B4%B2&type=yy, From: subscribe, IPv_Type: ipv6, Location: 美国, ISP: CloudFlare Inc., Date: None, Delay: -1 ms, Speed: 0.00 M/s, Resolution: None
Name: CCTV-4, URL: https://migu.188766.xyz/?migutoken=8095f46c75f0d68a44161386e05055b4&id=CCTV4&type=yy, From: subscribe, IPv_Type: ipv6, Location: 美国, ISP: CloudFlare Inc., Date: None, Delay: -1 ms, Speed: 0.00 M/s, Resolution: None
Name: CCTV-4, URL: https://migu.188766.xyz/?migutoken=e155dd3d7b6ad7ad6c4c73132e9088c4&id=CCTV4%E6%AC%A7%E6%B4%B2&type=yy, From: subscribe, IPv_Type: ipv6, Location: 美国, ISP: CloudFlare Inc., Date: None, Delay: -1 ms, Speed: 0.00 M/s, Resolution: None
Name: CCTV-4, URL: https://migu.188766.xyz/?migutoken=8ce1f39999aecb1294333dbd2f5ba257&id=CCTV4%E7%BE%8E%E6%B4%B2&type=yy, From: subscribe, IPv_Type: ipv6, Location: 美国, ISP: CloudFlare Inc., Date: None, Delay: -1 ms, Speed: 0.00 M/s, Resolution: None
Name: CCTV-4, URL: https://migu.188766.xyz/?migutoken=03c20ec173b6334b1e88958a549a3a39&id=CCTV4&type=yy, From: subscribe, IPv_Type: ipv6, Location: 美国, ISP: CloudFlare Inc., Date: None, Delay: -1 ms, Speed: 0.00 M/s, Resolution: None
Name: CCTV-4, URL: https://migu.188766.xyz/?migutoken=1ed15776439a99693406063bf254bb9d&id=CCTV4%E6%AC%A7%E6%B4%B2&type=yy, From: subscribe, IPv_Type: ipv6, Location: 美国, ISP: CloudFlare Inc., Date: None, Delay: -1 ms, Speed: 0.00 M/s, Resolution: None
Name: CCTV-4, URL: https://migu.188766.xyz/?migutoken=547f44e14df4bb4ada174b27d4c2b330&id=CCTV4%E7%BE%8E%E6%B4%B2&type=yy, From: subscribe, IPv_Type: ipv6, Location: 美国, ISP: CloudFlare Inc., Date: None, Delay: -1 ms, Speed: 0.00 M/s, Resolution: None
Name: CCTV-4, URL: https://migu.188766.xyz/?migutoken=0438f7209fb07047409499ebc2851c4d&id=CCTV4&type=yy, From: subscribe, IPv_Type: ipv6, Location: 美国, ISP: CloudFlare Inc., Date: None, Delay: -1 ms, Speed: 0.00 M/s, Resolution: None
Name: CCTV-4, URL: https://migu.188766.xyz/?migutoken=3d22f155005bcd3674e62a1f3c5f943c&id=CCTV4%E6%AC%A7%E6%B4%B2&type=yy, From: subscribe, IPv_Type: ipv6, Location: 美国, ISP: CloudFlare Inc., Date: None, Delay: -1 ms, Speed: 0.00 M/s, Resolution: None
Name: CCTV-4, URL: https://migu.188766.xyz/?migutoken=302541e4df55efa30b3e10f7ced3cbff&id=CCTV4%E7%BE%8E%E6%B4%B2&type=yy, From: subscribe, IPv_Type: ipv6, Location: 美国, ISP: CloudFlare Inc., Date: None, Delay: -1 ms, Speed: 0.00 M/s, Resolution: None
Name: CCTV-4, URL: https://migu.188766.xyz/?migutoken=5a9ab4ffe9a0c89761faa75c599ddc27&id=CCTV4&type=yy, From: subscribe, IPv_Type: ipv6, Location: 美国, ISP: CloudFlare Inc., Date: None, Delay: -1 ms, Speed: 0.00 M/s, Resolution: None
Name: CCTV-4, URL: https://migu.188766.xyz/?migutoken=c13e0eb51796ef4a644c24ca7f8e96b2&id=CCTV4%E6%AC%A7%E6%B4%B2&type=yy, From: subscribe, IPv_Type: ipv6, Location: 美国, ISP: CloudFlare Inc., Date: None, Delay: -1 ms, Speed: 0.00 M/s, Resolution: None
Name: CCTV-4, URL: https://migu.188766.xyz/?migutoken=b87fba62a907a4b720cdb6f9805e24dc&id=CCTV4%E7%BE%8E%E6%B4%B2&type=yy, From: subscribe, IPv_Type: ipv6, Location: 美国, ISP: CloudFlare Inc., Date: None, Delay: -1 ms, Speed: 0.00 M/s, Resolution: None
Name: CCTV-4, URL: https://migu.188766.xyz/?migutoken=09538877bf3364e094f60487e10af2f2&id=CCTV4&type=yy, From: subscribe, IPv_Type: ipv6, Location: 美国, ISP: CloudFlare Inc., Date: None, Delay: -1 ms, Speed: 0.00 M/s, Resolution: None
Name: CCTV-4, URL: https://migu.188766.xyz/?migutoken=7d4ad586133f830e958db9e80817ff77&id=CCTV4%E6%AC%A7%E6%B4%B2&type=yy, From: subscribe, IPv_Type: ipv6, Location: 美国, ISP: CloudFlare Inc., Date: None, Delay: -1 ms, Speed: 0.00 M/s, Resolution: None
Name: CCTV-4, URL: https://migu.188766.xyz/?migutoken=76ac75aa5c052d77805484de55f6bae7&id=CCTV4%E7%BE%8E%E6%B4%B2&type=yy, From: subscribe, IPv_Type: ipv6, Location: 美国, ISP: CloudFlare Inc., Date: None, Delay: -1 ms, Speed: 0.00 M/s, Resolution: None
Name: CCTV-4, URL: https://migu.188766.xyz/?migutoken=b4c519556f8cb9910e78404bc7a165a3&id=CCTV4&type=yy, From: subscribe, IPv_Type: ipv6, Location: 美国, ISP: CloudFlare Inc., Date: None, Delay: -1 ms, Speed: 0.00 M/s, Resolution: None
Name: CCTV-4, URL: https://migu.188766.xyz/?migutoken=f251c82d77d2a1c8de1fbb32cd5b31ce&id=CCTV4%E6%AC%A7%E6%B4%B2&type=yy, From: subscribe, IPv_Type: ipv6, Location: 美国, ISP: CloudFlare Inc., Date: None, Delay: -1 ms, Speed: 0.00 M/s, Resolution: None
Name: CCTV-4, URL: https://migu.188766.xyz/?migutoken=745f11e46cb2248ead0677d1c55a9762&id=CCTV4%E7%BE%8E%E6%B4%B2&type=yy, From: subscribe, IPv_Type: ipv6, Location: 美国, ISP: CloudFlare Inc., Date: None, Delay: -1 ms, Speed: 0.00 M/s, Resolution: None
Name: CCTV-4, URL: https://migu.188766.xyz/?migutoken=5845a07dac602027393a4442dbe52cba&id=CCTV4&type=yy, From: subscribe, IPv_Type: ipv6, Location: 美国, ISP: CloudFlare Inc., Date: None, Delay: -1 ms, Speed: 0.00 M/s, Resolution: None
Name: CCTV-4, URL: https://migu.188766.xyz/?migutoken=7ace76ad4baadc11c3bbb84e18bcbafa&id=CCTV4%E6%AC%A7%E6%B4%B2&type=yy, From: subscribe, IPv_Type: ipv6, Location: 美国, ISP: CloudFlare Inc., Date: None, Delay: -1 ms, Speed: 0.00 M/s, Resolution: None
Name: CCTV-4, URL: https://migu.188766.xyz/?migutoken=aa64e1a645c91f19d4915c77fdaa9a13&id=CCTV4%E7%BE%8E%E6%B4%B2&type=yy, From: subscribe, IPv_Type: ipv6, Location: 美国, ISP: CloudFlare Inc., Date: None, Delay: -1 ms, Speed: 0.00 M/s, Resolution: None
Name: CCTV-4, URL: https://migu.188766.xyz/?migutoken=c5f51f12693033afcd5de949ec0db90f&id=CCTV4&type=yy, From: subscribe, IPv_Type: ipv6, Location: 美国, ISP: CloudFlare Inc., Date: None, Delay: -1 ms, Speed: 0.00 M/s, Resolution: None
Name: CCTV-4, URL: https://migu.188766.xyz/?migutoken=2a9fb077c5df6117ea1d92faea782a11&id=CCTV4%E6%AC%A7%E6%B4%B2&type=yy, From: subscribe, IPv_Type: ipv6, Location: 美国, ISP: CloudFlare Inc., Date: None, Delay: -1 ms, Speed: 0.00 M/s, Resolution: None
Name: CCTV-4, URL: https://migu.188766.xyz/?migutoken=78bc729f344b988c920bdcacd6b13af5&id=CCTV4%E7%BE%8E%E6%B4%B2&type=yy, From: subscribe, IPv_Type: ipv6, Location: 美国, ISP: CloudFlare Inc., Date: None, Delay: -1 ms, Speed: 0.00 M/s, Resolution: None
Name: CCTV-4, URL: https://migu.188766.xyz/?migutoken=6eeb5a71cae497b613b75f47c5d042fa&id=CCTV4&type=yy, From: subscribe, IPv_Type: ipv6, Location: 美国, ISP: CloudFlare Inc., Date: None, Delay: -1 ms, Speed: 0.00 M/s, Resolution: None
Name: CCTV-4, URL: https://migu.188766.xyz/?migutoken=04e8dd1f406d886ac9302c188394be09&id=CCTV4%E6%AC%A7%E6%B4%B2&type=yy, From: subscribe, IPv_Type: ipv6, Location: 美国, ISP: CloudFlare Inc., Date: None, Delay: -1 ms, Speed: 0.00 M/s, Resolution: None
Name: CCTV-4, URL: https://migu.188766.xyz/?migutoken=4fc6141a762d2db1fab26c5a06f271c4&id=CCTV4%E7%BE%8E%E6%B4%B2&type=yy, From: subscribe, IPv_Type: ipv6, Location: 美国, ISP: CloudFlare Inc., Date: None, Delay: -1 ms, Speed: 0.00 M/s, Resolution: None
Name: CCTV-4, URL: https://global.cgtn.cicc.media.caton.cloud/master/cgtn-america.m3u8, From: subscribe, IPv_Type: ipv4, Location: 英国, ISP: , Date: None, Delay: 7343 ms, Speed: 0.33 M/s, Resolution: 1920x1080
Name: CCTV-5, URL: http://php.jdshipin.com/TVOD/hljyd.php?id=3221226019, From: subscribe, IPv_Type: ipv6, Location: 美国, ISP: CloudFlare Inc., Date: None, Delay: -1 ms, Speed: 0.00 M/s, Resolution: None
Name: CCTV-5, URL: http://iptv.huuc.edu.cn/hls/cctv5hd.m3u8, From: subscribe, IPv_Type: ipv6, Location: 中国, ISP: 教育网, Date: None, Delay: -1 ms, Speed: 0.00 M/s, Resolution: None
Name: CCTV-5, URL: https://zby.130519.xyz/PLTV/11/224/3221225734/index.m3u8, From: subscribe, IPv_Type: ipv6, Location: 美国, ISP: CloudFlare Inc., Date: None, Delay: -1 ms, Speed: 0.00 M/s, Resolution: None
Name: CCTV-5, URL: https://www.freetv.top/migu/641886683.m3u8?migutoken=3e5c01f93922de8d1c940fe15bb47349b27e8f7a2e624dde1a83dff3b2a80f58b7624151a3a4d00488edee34f202818557340903382fae02bb754084eb942bd50e59061df36fab62fb5b908903, From: subscribe, IPv_Type: ipv6, Location: 美国-加利福尼亚州-圣克拉拉, ISP: DigitalOcean, Date: None, Delay: -1 ms, Speed: 0.00 M/s, Resolution: None
Name: CCTV-5, URL: http://[2409:8087:1a01:df::4077]/ottrrs.hl.chinamobile.com/PLTV/88888888/224/3221226019/index.m3u8, From: subscribe, IPv_Type: ipv6, Location: 中国, ISP: 中国移动, Date: None, Delay: -1 ms, Speed: 0.00 M/s, Resolution: None
Name: CCTV-5, URL: https://smart.pendy.dpdns.org/Smart.php?id=cctv5, From: subscribe, IPv_Type: ipv6, Location: 美国, ISP: CloudFlare Inc., Date: None, Delay: -1 ms, Speed: 0.00 M/s, Resolution: None
Name: CCTV-5, URL: http://[2409:8087:1a01:df::4077]:80/ottrrs.hl.chinamobile.com/TVOD/88888888/224/3221226019/index.m3u8, From: subscribe, IPv_Type: ipv6, Location: 中国, ISP: 中国移动, Date: None, Delay: -1 ms, Speed: 0.00 M/s, Resolution: None
Name: CCTV-5, URL: https://ldcctvwbcdks.v.kcdnvip.com/ldcctvwbcd/cdrmldcctv5plus_1/index.m3u8?b=200-2100, From: subscribe, IPv_Type: ipv6, Location: 中国, ISP: 中国联通, Date: None, Delay: -1 ms, Speed: 0.00 M/s, Resolution: None
Name: CCTV-5, URL: http://[2409:8087:1a01:df::4077]:80/ottrrs.hl.chinamobile.com/yinhe/88888888/224/3221226019/index.m3u8, From: subscribe, IPv_Type: ipv6, Location: 中国, ISP: 中国移动, Date: None, Delay: -1 ms, Speed: 0.00 M/s, Resolution: None
Name: CCTV-5, URL: http://[2409:8087:1a01:df::4077]:80/ottrrs.hl.chinamobile.com/PLTV/88888888/224/3221226019/index.m3u8, From: subscribe, IPv_Type: ipv6, Location: 中国, ISP: 中国移动, Date: None, Delay: -1 ms, Speed: 0.00 M/s, Resolution: None
Name: CCTV-5, URL: https://migu.188766.xyz/?migutoken=6da9dd3c7d37210f738039f7b8434453&id=CCTV5&type=yy, From: subscribe, IPv_Type: ipv6, Location: 美国, ISP: CloudFlare Inc., Date: None, Delay: -1 ms, Speed: 0.00 M/s, Resolution: None
Name: CCTV-5, URL: https://migu.188766.xyz/?migutoken=e0e465fd676646c4e33a92a77e7f7e81&id=CCTV5p&type=yy, From: subscribe, IPv_Type: ipv6, Location: 美国, ISP: CloudFlare Inc., Date: None, Delay: -1 ms, Speed: 0.00 M/s, Resolution: None
Name: CCTV-5, URL: https://iptv.catvod.com/live.php?id=CCTV-5, From: subscribe, IPv_Type: ipv6, Location: 美国, ISP: CloudFlare Inc., Date: None, Delay: -1 ms, Speed: 0.00 M/s, Resolution: None
Name: CCTV-5, URL: https://iptv.catvod.com/live.php?id=CCTV-5plus, From: subscribe, IPv_Type: ipv6, Location: 美国, ISP: CloudFlare Inc., Date: None, Delay: -1 ms, Speed: 0.00 M/s, Resolution: None
Name: CCTV-5, URL: https://hls-gateway.vpstv.net/streams/476885.m3u8, From: subscribe, IPv_Type: ipv6, Location: 美国, ISP: CloudFlare Inc., Date: None, Delay: -1 ms, Speed: 0.00 M/s, Resolution: None
Name: CCTV-5, URL: http://[2409:8087:8:21::18]:6610/otttv.bj.chinamobile.com/PLTV/88888888/224/3221226469/1.m3u8?, From: subscribe, IPv_Type: ipv6, Location: 中国, ISP: 中国移动, Date: None, Delay: -1 ms, Speed: 0.00 M/s, Resolution: None
Name: CCTV-5, URL: http://[2409:8087:1a01:df::4077]/ottrrs.hl.chinamobile.com/PLTV/88888888/8/3221226019/index.m3u8, From: subscribe, IPv_Type: ipv6, Location: 中国, ISP: 中国移动, Date: None, Delay: -1 ms, Speed: 0.00 M/s, Resolution: None
Name: CCTV-5, URL: https://migu.188766.xyz/?migutoken=015dac1ba88c65f57a7a9d1c8b707372&id=CCTV5&type=yy, From: subscribe, IPv_Type: ipv6, Location: 美国, ISP: CloudFlare Inc., Date: None, Delay: -1 ms, Speed: 0.00 M/s, Resolution: None
Name: CCTV-5, URL: https://migu.188766.xyz/?migutoken=5594c13771eda0047e0b8d0c0921bc69&id=CCTV5p&type=yy, From: subscribe, IPv_Type: ipv6, Location: 美国, ISP: CloudFlare Inc., Date: None, Delay: -1 ms, Speed: 0.00 M/s, Resolution: None
Name: CCTV-5, URL: https://migu.188766.xyz/?migutoken=0b3886af850071a8162f53ed77831b88&id=CCTV5&type=yy, From: subscribe, IPv_Type: ipv6, Location: 美国, ISP: CloudFlare Inc., Date: None, Delay: -1 ms, Speed: 0.00 M/s, Resolution: None
Name: CCTV-5, URL: https://migu.188766.xyz/?migutoken=67736b223a5b665d69afb10857ac5363&id=CCTV5p&type=yy, From: subscribe, IPv_Type: ipv6, Location: 美国, ISP: CloudFlare Inc., Date: None, Delay: -1 ms, Speed: 0.00 M/s, Resolution: None
Name: CCTV-5, URL: https://migu.188766.xyz/?migutoken=48bbd30016633cbcf423647047d90a4f&id=CCTV5&type=yy, From: subscribe, IPv_Type: ipv6, Location: 美国, ISP: CloudFlare Inc., Date: None, Delay: -1 ms, Speed: 0.00 M/s, Resolution: None
Name: CCTV-5, URL: https://migu.188766.xyz/?migutoken=a3824db7270042308673fa905895aece&id=CCTV5p&type=yy, From: subscribe, IPv_Type: ipv6, Location: 美国, ISP: CloudFlare Inc., Date: None, Delay: -1 ms, Speed: 0.00 M/s, Resolution: None
Name: CCTV-5, URL: https://migu.188766.xyz/?migutoken=36ff4fc38592b4ab3ea98562490a613d&id=CCTV5&type=yy, From: subscribe, IPv_Type: ipv6, Location: 美国, ISP: CloudFlare Inc., Date: None, Delay: -1 ms, Speed: 0.00 M/s, Resolution: None
Name: CCTV-5, URL: https://migu.188766.xyz/?migutoken=4d76e7eded549f1bb07c6bcd7aeaa56f&id=CCTV5p&type=yy, From: subscribe, IPv_Type: ipv6, Location: 美国, ISP: CloudFlare Inc., Date: None, Delay: -1 ms, Speed: 0.00 M/s, Resolution: None
Name: CCTV-5, URL: https://migu.188766.xyz/?migutoken=b3bde64f5b6efe8d0ad02e65e09785ae&id=CCTV5&type=yy, From: subscribe, IPv_Type: ipv6, Location: 美国, ISP: CloudFlare Inc., Date: None, Delay: -1 ms, Speed: 0.00 M/s, Resolution: None
Name: CCTV-5, URL: https://migu.188766.xyz/?migutoken=b28b2625ab79f3f568ba8673127a2913&id=CCTV5p&type=yy, From: subscribe, IPv_Type: ipv6, Location: 美国, ISP: CloudFlare Inc., Date: None, Delay: -1 ms, Speed: 0.00 M/s, Resolution: None
Name: CCTV-5, URL: https://iptv.catvod.com/live.php?id=CCTV5, From: subscribe, IPv_Type: ipv6, Location: 美国, ISP: CloudFlare Inc., Date: None, Delay: -1 ms, Speed: 0.00 M/s, Resolution: None
Name: CCTV-5, URL: https://migu.188766.xyz/?migutoken=0ef31531d347dfb6e1d0c26d4217578e&id=CCTV5&type=yy, From: subscribe, IPv_Type: ipv6, Location: 美国, ISP: CloudFlare Inc., Date: None, Delay: -1 ms, Speed: 0.00 M/s, Resolution: None
Name: CCTV-5, URL: https://migu.188766.xyz/?migutoken=cff335bae78b3d8e8e188fa0d603821e&id=CCTV5p&type=yy, From: subscribe, IPv_Type: ipv6, Location: 美国, ISP: CloudFlare Inc., Date: None, Delay: -1 ms, Speed: 0.00 M/s, Resolution: None
Name: CCTV-5, URL: https://migu.188766.xyz/?migutoken=763b4e6a2dc36a2fc9bce9561156de93&id=CCTV5&type=yy, From: subscribe, IPv_Type: ipv6, Location: 美国, ISP: CloudFlare Inc., Date: None, Delay: -1 ms, Speed: 0.00 M/s, Resolution: None
Name: CCTV-5, URL: https://migu.188766.xyz/?migutoken=106f338e986b8dc33591373ac654068a&id=CCTV5p&type=yy, From: subscribe, IPv_Type: ipv6, Location: 美国, ISP: CloudFlare Inc., Date: None, Delay: -1 ms, Speed: 0.00 M/s, Resolution: None
Name: CCTV-5, URL: https://migu.188766.xyz/?migutoken=07490da5f2a06be9036792be8bb76ef9&id=CCTV5&type=yy, From: subscribe, IPv_Type: ipv6, Location: 美国, ISP: CloudFlare Inc., Date: None, Delay: -1 ms, Speed: 0.00 M/s, Resolution: None
Name: CCTV-5, URL: https://migu.188766.xyz/?migutoken=6cffffbb4b3d117bf9b00656a87e55dc&id=CCTV5p&type=yy, From: subscribe, IPv_Type: ipv6, Location: 美国, ISP: CloudFlare Inc., Date: None, Delay: -1 ms, Speed: 0.00 M/s, Resolution: None
Name: CCTV-5, URL: https://migu.188766.xyz/?migutoken=69eaca09f1e6b2b2797e4a4c2fe34233&id=CCTV5&type=yy, From: subscribe, IPv_Type: ipv6, Location: 美国, ISP: CloudFlare Inc., Date: None, Delay: -1 ms, Speed: 0.00 M/s, Resolution: None
Name: CCTV-5, URL: https://migu.188766.xyz/?migutoken=04f4dfedad9497278a0786dd87f38311&id=CCTV5p&type=yy, From: subscribe, IPv_Type: ipv6, Location: 美国, ISP: CloudFlare Inc., Date: None, Delay: -1 ms, Speed: 0.00 M/s, Resolution: None
Name: CCTV-5, URL: https://migu.188766.xyz/?migutoken=c42551c689288d1c6f6a9e95a5d9d387&id=CCTV5&type=yy, From: subscribe, IPv_Type: ipv6, Location: 美国, ISP: CloudFlare Inc., Date: None, Delay: -1 ms, Speed: 0.00 M/s, Resolution: None
Name: CCTV-5, URL: https://migu.188766.xyz/?migutoken=22a1935beff8df1352b3b47bd548c04f&id=CCTV5p&type=yy, From: subscribe, IPv_Type: ipv6, Location: 美国, ISP: CloudFlare Inc., Date: None, Delay: -1 ms, Speed: 0.00 M/s, Resolution: None
Name: CCTV-5, URL: http://tvgslb.hn.chinamobile.com:8089/180000001002/00000001000000000099000000197689/main.m3u8?stbid=, From: subscribe, IPv_Type: ipv6, Location: 中国, ISP: 中国移动, Date: None, Delay: -1 ms, Speed: 0.00 M/s, Resolution: None
Name: CCTV-5, URL: http://tvgslb.hn.chinamobile.com:8089/180000001002/00000001000000000008000000047456/main.m3u8?stbid=, From: subscribe, IPv_Type: ipv6, Location: 中国, ISP: 中国移动, Date: None, Delay: -1 ms, Speed: 0.00 M/s, Resolution: None
Name: CCTV-5, URL: http://hwottcdn.ln.chinamobile.com/PLTV/11/224/3221227218/index.m3u8, From: subscribe, IPv_Type: ipv6, Location: 中国, ISP: 中国移动, Date: None, Delay: -1 ms, Speed: 0.00 M/s, Resolution: None
Name: CCTV-5, URL: http://ott.mobaibox.com/PLTV/3/224/3221228502/index.m3u8, From: subscribe, IPv_Type: ipv6, Location: 中国, ISP: 中国移动, Date: None, Delay: -1 ms, Speed: 0.00 M/s, Resolution: None
Name: CCTV-5, URL: http://hwltc.tv.cdn.zj.chinamobile.com/PLTV/88888888/224/3221236444/index.m3u8, From: subscribe, IPv_Type: ipv6, Location: 中国, ISP: 中国移动, Date: None, Delay: -1 ms, Speed: 0.00 M/s, Resolution: None
Name: CCTV-5, URL: http://rrs01.hw.gmcc.net:8088/PLTV/81/224/3221226731/1.m3u8, From: subscribe, IPv_Type: ipv6, Location: 中国, ISP: 中国移动, Date: None, Delay: -1 ms, Speed: 0.00 M/s, Resolution: None
Name: CCTV-5, URL: http://hwottcdn.ln.chinamobile.com/PLTV/11/224/3221227293/index.m3u8, From: subscribe, IPv_Type: ipv6, Location: 中国, ISP: 中国移动, Date: None, Delay: -1 ms, Speed: 0.00 M/s, Resolution: None
Name: CCTV-5, URL: http://hwottcdn.ln.chinamobile.com/PLTV/11/224/3221227338/index.m3u8, From: subscribe, IPv_Type: ipv6, Location: 中国, ISP: 中国移动, Date: None, Delay: -1 ms, Speed: 0.00 M/s, Resolution: None
Name: CCTV-5, URL: http://hwottcdn.ln.chinamobile.com/PLTV/11/224/3221226200/index.m3u8, From: subscribe, IPv_Type: ipv6, Location: 中国, ISP: 中国移动, Date: None, Delay: -1 ms, Speed: 0.00 M/s, Resolution: None
Name: CCTV-5, URL: http://k.061899.xyz/k.php?id=cctv5, From: subscribe, IPv_Type: ipv6, Location: 新加坡, ISP: Aceville Pte.Ltd., Date: None, Delay: -1 ms, Speed: 0.00 M/s, Resolution: None
Name: CCTV-5, URL: http://tvgslb.hn.chinamobile.com:8089/180000001002/00000000000000020000000000182561/main.m3u8?stbid=, From: subscribe, IPv_Type: ipv6, Location: 中国, ISP: 中国移动, Date: None, Delay: -1 ms, Speed: 0.00 M/s, Resolution: None
Name: CCTV-5, URL: http://ott.mobaibox.com/PLTV/3/224/3221228176/index.m3u8, From: subscribe, IPv_Type: ipv6, Location: 中国, ISP: 中国移动, Date: None, Delay: -1 ms, Speed: 0.00 M/s, Resolution: None
Name: CCTV-5, URL: http://k.061899.xyz/k.php?id=cctv5p, From: subscribe, IPv_Type: ipv6, Location: 新加坡, ISP: Aceville Pte.Ltd., Date: None, Delay: -1 ms, Speed: 0.00 M/s, Resolution: None
Name: CCTV-5, URL: http://hwottcdn.ln.chinamobile.com/PLTV/11/224/3221226910/index.m3u8, From: subscribe, IPv_Type: ipv6, Location: 中国, ISP: 中国移动, Date: None, Delay: -1 ms, Speed: 0.00 M/s, Resolution: None
Name: CCTV-5, URL: http://rrs01.hw.gmcc.net:8088/PLTV/81/224/3221226711/1.m3u8, From: subscribe, IPv_Type: ipv6, Location: 中国, ISP: 中国移动, Date: None, Delay: -1 ms, Speed: 0.00 M/s, Resolution: None
Name: CCTV-5, URL: http://hwltc.tv.cdn.zj.chinamobile.com/PLTV/88888888/224/3221236306/index.m3u8, From: subscribe, IPv_Type: ipv6, Location: 中国, ISP: 中国移动, Date: None, Delay: -1 ms, Speed: 0.00 M/s, Resolution: None
Name: CCTV-5, URL: http://tvgslb.hn.chinamobile.com:8089/180000001002/00000001000000000008000000047442/main.m3u8?stbid=, From: subscribe, IPv_Type: ipv6, Location: 中国, ISP: 中国移动, Date: None, Delay: -1 ms, Speed: 0.00 M/s, Resolution: None
Name: CCTV-5, URL: http://hwottcdn.ln.chinamobile.com/PLTV/11/224/3221227236/index.m3u8, From: subscribe, IPv_Type: ipv6, Location: 中国, ISP: 中国移动, Date: None, Delay: -1 ms, Speed: 0.00 M/s, Resolution: None
Name: CCTV-5, URL: http://hwottcdn.ln.chinamobile.com/PLTV/11/224/3221226745/index.m3u8, From: subscribe, IPv_Type: ipv6, Location: 中国, ISP: 中国移动, Date: None, Delay: -1 ms, Speed: 0.00 M/s, Resolution: None
Name: CCTV-5, URL: http://hwottcdn.ln.chinamobile.com/PLTV/11/224/3221226198/index.m3u8, From: subscribe, IPv_Type: ipv6, Location: 中国, ISP: 中国移动, Date: None, Delay: -1 ms, Speed: 0.00 M/s, Resolution: None
Name: CCTV-5, URL: https://migu.188766.xyz/?migutoken=cef9d26a1aeb0e6f5282a07f1a2bdaa6&id=CCTV5&type=yy, From: subscribe, IPv_Type: ipv6, Location: 美国, ISP: CloudFlare Inc., Date: None, Delay: -1 ms, Speed: 0.00 M/s, Resolution: None
Name: CCTV-5, URL: https://migu.188766.xyz/?migutoken=4aa339bd9b06016a10fea48423167f67&id=CCTV5p&type=yy, From: subscribe, IPv_Type: ipv6, Location: 美国, ISP: CloudFlare Inc., Date: None, Delay: -1 ms, Speed: 0.00 M/s, Resolution: None
Name: CCTV-5, URL: https://migu.188766.xyz/?migutoken=c8e0133967a0e288f7032f0e27300aa3&id=CCTV5&type=yy, From: subscribe, IPv_Type: ipv6, Location: 美国, ISP: CloudFlare Inc., Date: None, Delay: -1 ms, Speed: 0.00 M/s, Resolution: None
Name: CCTV-5, URL: https://migu.188766.xyz/?migutoken=2e433173463e31485c5182c461feb0ea&id=CCTV5p&type=yy, From: subscribe, IPv_Type: ipv6, Location: 美国, ISP: CloudFlare Inc., Date: None, Delay: -1 ms, Speed: 0.00 M/s, Resolution: None
Name: CCTV-5, URL: https://migu.188766.xyz/?migutoken=f9b995f0f53da3d4333bd647b37d20b6&id=CCTV5&type=yy, From: subscribe, IPv_Type: ipv6, Location: 美国, ISP: CloudFlare Inc., Date: None, Delay: -1 ms, Speed: 0.00 M/s, Resolution: None
Name: CCTV-5, URL: https://migu.188766.xyz/?migutoken=d21e9fd89e94b33e00649c1c360fd768&id=CCTV5p&type=yy, From: subscribe, IPv_Type: ipv6, Location: 美国, ISP: CloudFlare Inc., Date: None, Delay: -1 ms, Speed: 0.00 M/s, Resolution: None
Name: CCTV-5, URL: https://migu.188766.xyz/?migutoken=19d7756686bee8bab550504b3a8e998b&id=CCTV5&type=yy, From: subscribe, IPv_Type: ipv6, Location: 美国, ISP: CloudFlare Inc., Date: None, Delay: -1 ms, Speed: 0.00 M/s, Resolution: None
Name: CCTV-5, URL: https://migu.188766.xyz/?migutoken=297fb9c57607a408e6f367a87d1f63c4&id=CCTV5p&type=yy, From: subscribe, IPv_Type: ipv6, Location: 美国, ISP: CloudFlare Inc., Date: None, Delay: -1 ms, Speed: 0.00 M/s, Resolution: None
Name: CCTV-5, URL: https://migu.188766.xyz/?migutoken=7764b3003bb40318de3e079067665117&id=CCTV5&type=yy, From: subscribe, IPv_Type: ipv6, Location: 美国, ISP: CloudFlare Inc., Date: None, Delay: -1 ms, Speed: 0.00 M/s, Resolution: None
Name: CCTV-5, URL: https://migu.188766.xyz/?migutoken=eb8b7df54981b8d912718f5547ad2f94&id=CCTV5p&type=yy, From: subscribe, IPv_Type: ipv6, Location: 美国, ISP: CloudFlare Inc., Date: None, Delay: -1 ms, Speed: 0.00 M/s, Resolution: None
Name: CCTV-5, URL: https://migu.188766.xyz/?migutoken=3803480da7c3ee6e07115f4bb5827c0d&id=CCTV5&type=yy, From: subscribe, IPv_Type: ipv6, Location: 美国, ISP: CloudFlare Inc., Date: None, Delay: -1 ms, Speed: 0.00 M/s, Resolution: None
Name: CCTV-5, URL: https://migu.188766.xyz/?migutoken=c83b4f41efe4ebc2e7b4db08353cc545&id=CCTV5p&type=yy, From: subscribe, IPv_Type: ipv6, Location: 美国, ISP: CloudFlare Inc., Date: None, Delay: -1 ms, Speed: 0.00 M/s, Resolution: None
Name: CCTV-5, URL: https://migu.188766.xyz/?migutoken=e5ff77b01fe36e30113bc7f056fd7f0f&id=CCTV5&type=yy, From: subscribe, IPv_Type: ipv6, Location: 美国, ISP: CloudFlare Inc., Date: None, Delay: -1 ms, Speed: 0.00 M/s, Resolution: None
Name: CCTV-5, URL: https://migu.188766.xyz/?migutoken=2fdfe9117943b926c3d966185451467f&id=CCTV5p&type=yy, From: subscribe, IPv_Type: ipv6, Location: 美国, ISP: CloudFlare Inc., Date: None, Delay: -1 ms, Speed: 0.00 M/s, Resolution: None
Name: CCTV-5, URL: https://migu.188766.xyz/?migutoken=03ff350b76e6317104b6bbef670b1c76&id=CCTV5&type=yy, From: subscribe, IPv_Type: ipv6, Location: 美国, ISP: CloudFlare Inc., Date: None, Delay: -1 ms, Speed: 0.00 M/s, Resolution: None
Name: CCTV-5, URL: https://migu.188766.xyz/?migutoken=dab091165f850acdcef51e426ddd1616&id=CCTV5p&type=yy, From: subscribe, IPv_Type: ipv6, Location: 美国, ISP: CloudFlare Inc., Date: None, Delay: -1 ms, Speed: 0.00 M/s, Resolution: None
Name: CCTV-5, URL: https://migu.188766.xyz/?migutoken=b516ab91fe28836fe97fc9a221ac53c7&id=CCTV5&type=yy, From: subscribe, IPv_Type: ipv6, Location: 美国, ISP: CloudFlare Inc., Date: None, Delay: -1 ms, Speed: 0.00 M/s, Resolution: None
Name: CCTV-5, URL: https://migu.188766.xyz/?migutoken=8c6fab8a444d0721a2c30e15636d3a16&id=CCTV5p&type=yy, From: subscribe, IPv_Type: ipv6, Location: 美国, ISP: CloudFlare Inc., Date: None, Delay: -1 ms, Speed: 0.00 M/s, Resolution: None
Name: CCTV-5, URL: https://migu.188766.xyz/?migutoken=369a4b02b1b7adabd26d90a0d159cb3d&id=CCTV5&type=yy, From: subscribe, IPv_Type: ipv6, Location: 美国, ISP: CloudFlare Inc., Date: None, Delay: -1 ms, Speed: 0.00 M/s, Resolution: None
Name: CCTV-5, URL: https://migu.188766.xyz/?migutoken=987e453e95282556939c105e785ad7bb&id=CCTV5p&type=yy, From: subscribe, IPv_Type: ipv6, Location: 美国, ISP: CloudFlare Inc., Date: None, Delay: -1 ms, Speed: 0.00 M/s, Resolution: None
Name: CCTV-5, URL: https://migu.188766.xyz/?migutoken=88eed20cb8892f742cec5cb4d96762f3&id=CCTV5&type=yy, From: subscribe, IPv_Type: ipv6, Location: 美国, ISP: CloudFlare Inc., Date: None, Delay: -1 ms, Speed: 0.00 M/s, Resolution: None
Name: CCTV-5, URL: https://migu.188766.xyz/?migutoken=ae8a85e6f17b1383f9ad1a973489ad09&id=CCTV5p&type=yy, From: subscribe, IPv_Type: ipv6, Location: 美国, ISP: CloudFlare Inc., Date: None, Delay: -1 ms, Speed: 0.00 M/s, Resolution: None
Name: CCTV-5, URL: https://migu.188766.xyz/?migutoken=48216643b534e08c848e8f53e84bde38&id=CCTV5&type=yy, From: subscribe, IPv_Type: ipv6, Location: 美国, ISP: CloudFlare Inc., Date: None, Delay: -1 ms, Speed: 0.00 M/s, Resolution: None
Name: CCTV-5, URL: https://migu.188766.xyz/?migutoken=c336b1fa58440ae96671f4728b7ffd10&id=CCTV5p&type=yy, From: subscribe, IPv_Type: ipv6, Location: 美国, ISP: CloudFlare Inc., Date: None, Delay: -1 ms, Speed: 0.00 M/s, Resolution: None
Name: CCTV-5, URL: https://migu.188766.xyz/?migutoken=32f6ca1f9f07f951159844d7ab974c05&id=CCTV5&type=yy, From: subscribe, IPv_Type: ipv6, Location: 美国, ISP: CloudFlare Inc., Date: None, Delay: -1 ms, Speed: 0.00 M/s, Resolution: None
Name: CCTV-5, URL: https://migu.188766.xyz/?migutoken=f141fea1aa022499c48610385499ef18&id=CCTV5p&type=yy, From: subscribe, IPv_Type: ipv6, Location: 美国, ISP: CloudFlare Inc., Date: None, Delay: -1 ms, Speed: 0.00 M/s, Resolution: None
Name: CCTV-5, URL: https://migu.188766.xyz/?migutoken=32b88473afb290068b01bc9975125fae&id=CCTV5&type=yy, From: subscribe, IPv_Type: ipv6, Location: 美国, ISP: CloudFlare Inc., Date: None, Delay: -1 ms, Speed: 0.00 M/s, Resolution: None
Name: CCTV-5, URL: https://migu.188766.xyz/?migutoken=c8465a94d50f7573c61c620b877fd8e5&id=CCTV5p&type=yy, From: subscribe, IPv_Type: ipv6, Location: 美国, ISP: CloudFlare Inc., Date: None, Delay: -1 ms, Speed: 0.00 M/s, Resolution: None
Name: CCTV-5, URL: https://migu.188766.xyz/?migutoken=6b4ba1e3a4778853bbc99fbe3789dc72&id=CCTV5&type=yy, From: subscribe, IPv_Type: ipv6, Location: 美国, ISP: CloudFlare Inc., Date: None, Delay: -1 ms, Speed: 0.00 M/s, Resolution: None
Name: CCTV-5, URL: https://migu.188766.xyz/?migutoken=0a93b0f8c10c8c3d4114daf993d3a1f5&id=CCTV5p&type=yy, From: subscribe, IPv_Type: ipv6, Location: 美国, ISP: CloudFlare Inc., Date: None, Delay: -1 ms, Speed: 0.00 M/s, Resolution: None
Name: CCTV-5, URL: https://migu.188766.xyz/?migutoken=fee6315fb0316e1801b7a0eef7023969&id=CCTV5&type=yy, From: subscribe, IPv_Type: ipv6, Location: 美国, ISP: CloudFlare Inc., Date: None, Delay: -1 ms, Speed: 0.00 M/s, Resolution: None
Name: CCTV-5, URL: https://migu.188766.xyz/?migutoken=c6490b08f9affbb813f1711b77cbc4dd&id=CCTV5p&type=yy, From: subscribe, IPv_Type: ipv6, Location: 美国, ISP: CloudFlare Inc., Date: None, Delay: -1 ms, Speed: 0.00 M/s, Resolution: None
Name: CCTV-5, URL: https://migu.188766.xyz/?migutoken=ede1b0c965a5f97adc964f0223ae6b6e&id=CCTV5&type=yy, From: subscribe, IPv_Type: ipv6, Location: 美国, ISP: CloudFlare Inc., Date: None, Delay: -1 ms, Speed: 0.00 M/s, Resolution: None
Name: CCTV-5, URL: https://migu.188766.xyz/?migutoken=ca413694463edd2c32eb8d573be875ba&id=CCTV5p&type=yy, From: subscribe, IPv_Type: ipv6, Location: 美国, ISP: CloudFlare Inc., Date: None, Delay: -1 ms, Speed: 0.00 M/s, Resolution: None
Name: CCTV-5, URL: http://38.75.136.137:98/gslb/dsdqbv/cctv5hd.m3u8?auth=test20251009, From: subscribe, IPv_Type: ipv4, Location: 美国-伊利诺伊州-库克, ISP: Cogent, Date: None, Delay: 681 ms, Speed: 6.88 M/s, Resolution: 1920x1080
Name: CCTV-5, URL: http://38.75.136.137:98/gslb/dsdqpub/cctv5p.m3u8?auth=testpub, From: subscribe, IPv_Type: ipv4, Location: 美国-伊利诺伊州-库克, ISP: Cogent, Date: None, Delay: 340 ms, Speed: 6.82 M/s, Resolution: 1920x1080
Name: CCTV-5, URL: http://38.75.136.137:98/gslb/dsdqbv/cctv5p.m3u8?auth=test20251009, From: subscribe, IPv_Type: ipv4, Location: 美国-伊利诺伊州-库克, ISP: Cogent, Date: None, Delay: 674 ms, Speed: 6.29 M/s, Resolution: 1920x1080
Name: CCTV-5, URL: http://23.237.228.134/live5/CCTV5.m3u8, From: subscribe, IPv_Type: ipv4, Location: 北美地区, ISP: , Date: None, Delay: 599 ms, Speed: 4.05 M/s, Resolution: 1920x1080
Name: CCTV-5, URL: http://23.237.228.134/live5/CCTV5p.m3u8, From: subscribe, IPv_Type: ipv4, Location: 北美地区, ISP: , Date: None, Delay: 1077 ms, Speed: 2.92 M/s, Resolution: 1920x1080
Name: CCTV-5+, URL: http://php.jdshipin.com/TVOD/hljyd.php?id=3221225603, From: subscribe, IPv_Type: ipv6, Location: 美国, ISP: CloudFlare Inc., Date: None, Delay: -1 ms, Speed: 0.00 M/s, Resolution: None
Name: CCTV-5+, URL: https://www.freetv.top/migu/641886773.m3u8?migutoken=03a1b82e35e58cd89a95034ecb29e77e50493397000ec2b1e4d1ce59af01e6420d6dbc068c8230ec03be3a35a20eed8714e0959e3570a08713a7a2e8d86085eabf8f1aa85744c80c38343988b2, From: subscribe, IPv_Type: ipv6, Location: 美国-加利福尼亚州-圣克拉拉, ISP: DigitalOcean, Date: None, Delay: -1 ms, Speed: 0.00 M/s, Resolution: None
Name: CCTV-5+, URL: http://[2409:8087:1a01:df::4077]/ottrrs.hl.chinamobile.com/PLTV/88888888/8/3221225603/index.m3u8, From: subscribe, IPv_Type: ipv6, Location: 中国, ISP: 中国移动, Date: None, Delay: -1 ms, Speed: 0.00 M/s, Resolution: None
Name: CCTV-5+, URL: https://smart.pendy.dpdns.org/Smart.php?id=cctv5plus, From: subscribe, IPv_Type: ipv6, Location: 美国, ISP: CloudFlare Inc., Date: None, Delay: -1 ms, Speed: 0.00 M/s, Resolution: None
Name: CCTV-5+, URL: http://[2409:8087:1a01:df::4077]/ottrrs.hl.chinamobile.com/PLTV/88888888/224/3221225603/index.m3u8, From: subscribe, IPv_Type: ipv6, Location: 中国, ISP: 中国移动, Date: None, Delay: -1 ms, Speed: 0.00 M/s, Resolution: None
Name: CCTV-5+, URL: http://[2409:8087:1a0a:df::404b]/ottrrs.hl.chinamobile.com/TVOD/88888888/224/3221225603/index.m3u8, From: subscribe, IPv_Type: ipv6, Location: 中国, ISP: 中国移动, Date: None, Delay: -1 ms, Speed: 0.00 M/s, Resolution: None
Name: CCTV-5+, URL: http://[2409:8087:8:21::18]:6610/otttv.bj.chinamobile.com/PLTV/88888888/224/3221226349/1.m3u8, From: subscribe, IPv_Type: ipv6, Location: 中国, ISP: 中国移动, Date: None, Delay: -1 ms, Speed: 0.00 M/s, Resolution: None
Name: CCTV-5+, URL: http://iptv.cdn.ha.chinamobile.com/PLTV/88888888/224/3221227348/index.m3u8, From: subscribe, IPv_Type: ipv6, Location: 中国, ISP: 中国移动, Date: None, Delay: -1 ms, Speed: 0.00 M/s, Resolution: None
Name: CCTV-5+, URL: https://www.freetv.top/migu/641886773.m3u8?migutoken=d7396c05a877872a7519b5df4582a7a4bdf13c82d09889e561f50d0035f006d199741b00d465e4e41b0f706bccfe3420f5d427961e7698ad2a8b8d82d9d320a827310f6c8a7d1c8f203c91b392, From: subscribe, IPv_Type: ipv6, Location: 美国-加利福尼亚州-圣克拉拉, ISP: DigitalOcean, Date: None, Delay: -1 ms, Speed: 0.00 M/s, Resolution: None
Name: CCTV-5+, URL: https://www.freetv.top/migu/641886773.m3u8?migutoken=408252ae4ee84d4533a52e87dc35e108f3557992d0837a3c98af9093fccdb78373328e743136467868d2125b1fa35c3f4d576327db5e3ec96ec3108e28e950fb462f2dc81da44be8ae43ebe0ce, From: subscribe, IPv_Type: ipv6, Location: 美国-加利福尼亚州-圣克拉拉, ISP: DigitalOcean, Date: None, Delay: -1 ms, Speed: 0.00 M/s, Resolution: None
Name: CCTV-5+, URL: https://hls-gateway.vpstv.net/streams/476888.m3u8, From: subscribe, IPv_Type: ipv6, Location: 美国, ISP: CloudFlare Inc., Date: None, Delay: -1 ms, Speed: 0.00 M/s, Resolution: None
Name: CCTV-5+, URL: http://[2409:8087:8:21::18]:6610/otttv.bj.chinamobile.com/PLTV/88888888/224/3221226894/1.m3u8?, From: subscribe, IPv_Type: ipv6, Location: 中国, ISP: 中国移动, Date: None, Delay: -1 ms, Speed: 0.00 M/s, Resolution: None
Name: CCTV-5+, URL: https://iptv.catvod.com/live.php?id=CCTV-5%2B, From: subscribe, IPv_Type: ipv4, Location: 美国-加利福尼亚州-洛杉矶, ISP: IT7网络, Date: None, Delay: 70 ms, Speed: 14.53 M/s, Resolution: 1920x1080
Name: CCTV-6, URL: http://php.jdshipin.com/TVOD/hljyd.php?id=3221226010, From: subscribe, IPv_Type: ipv6, Location: 美国, ISP: CloudFlare Inc., Date: None, Delay: -1 ms, Speed: 0.00 M/s, Resolution: None
Name: CCTV-6, URL: http://iptv.huuc.edu.cn/hls/cctv6hd.m3u8, From: subscribe, IPv_Type: ipv6, Location: 中国, ISP: 教育网, Date: None, Delay: -1 ms, Speed: 0.00 M/s, Resolution: None
Name: CCTV-6, URL: https://zby.130519.xyz/PLTV/11/224/3221225741/index.m3u8, From: subscribe, IPv_Type: ipv6, Location: 美国, ISP: CloudFlare Inc., Date: None, Delay: -1 ms, Speed: 0.00 M/s, Resolution: None
Name: CCTV-6, URL: https://migu.188766.xyz/?migutoken=2210be5dade91b0e3a6a709ad29b3e5d&id=CCTV6&type=yy, From: subscribe, IPv_Type: ipv6, Location: 美国, ISP: CloudFlare Inc., Date: None, Delay: -1 ms, Speed: 0.00 M/s, Resolution: None
Name: CCTV-6, URL: https://iptv.catvod.com/live.php?id=CCTV6, From: subscribe, IPv_Type: ipv6, Location: 美国, ISP: CloudFlare Inc., Date: None, Delay: -1 ms, Speed: 0.00 M/s, Resolution: None
Name: CCTV-6, URL: https://hls-gateway.vpstv.net/streams/476890.m3u8, From: subscribe, IPv_Type: ipv6, Location: 美国, ISP: CloudFlare Inc., Date: None, Delay: -1 ms, Speed: 0.00 M/s, Resolution: None
Name: CCTV-6, URL: https://iptv.catvod.com/live.php?id=CCTV-6, From: subscribe, IPv_Type: ipv6, Location: 美国, ISP: CloudFlare Inc., Date: None, Delay: -1 ms, Speed: 0.00 M/s, Resolution: None
Name: CCTV-6, URL: https://smart.pendy.dpdns.org/Smart.php?id=cctv6, From: subscribe, IPv_Type: ipv6, Location: 美国, ISP: CloudFlare Inc., Date: None, Delay: -1 ms, Speed: 0.00 M/s, Resolution: None
Name: CCTV-6, URL: http://[2409:8087:1a01:df::4077]/ottrrs.hl.chinamobile.com/PLTV/88888888/224/3221226010/index.m3u8, From: subscribe, IPv_Type: ipv6, Location: 中国, ISP: 中国移动, Date: None, Delay: -1 ms, Speed: 0.00 M/s, Resolution: None
Name: CCTV-6, URL: http://[2409:8087:1a01:df::4077]:80/ottrrs.hl.chinamobile.com/TVOD/88888888/224/3221226010/index.m3u8, From: subscribe, IPv_Type: ipv6, Location: 中国, ISP: 中国移动, Date: None, Delay: -1 ms, Speed: 0.00 M/s, Resolution: None
Name: CCTV-6, URL: http://[2409:8087:8:21::18]:6610/otttv.bj.chinamobile.com/PLTV/88888888/224/3221226468/1.m3u8?, From: subscribe, IPv_Type: ipv6, Location: 中国, ISP: 中国移动, Date: None, Delay: -1 ms, Speed: 0.00 M/s, Resolution: None
Name: CCTV-6, URL: http://[2409:8087:1a01:df::4077]/ottrrs.hl.chinamobile.com/PLTV/88888888/8/3221226010/index.m3u8, From: subscribe, IPv_Type: ipv6, Location: 中国, ISP: 中国移动, Date: None, Delay: -1 ms, Speed: 0.00 M/s, Resolution: None
Name: CCTV-6, URL: http://[2409:8087:1a01:df::4077]/ottrrs.hl.chinamobile.com/PLTV/88888888/224/3221226010/1.m3u8?icpid=88888888&from=1&hms_devid=1012&vqe=3, From: subscribe, IPv_Type: ipv6, Location: 中国, ISP: 中国移动, Date: None, Delay: -1 ms, Speed: 0.00 M/s, Resolution: None
Name: CCTV-6, URL: http://[2409:8087:1a01:df::4077]/ottrrs.hl.chinamobile.com/yinhe/88888888/224/3221226010/index.m3u8, From: subscribe, IPv_Type: ipv6, Location: 中国, ISP: 中国移动, Date: None, Delay: -1 ms, Speed: 0.00 M/s, Resolution: None
Name: CCTV-6, URL: http://[2409:8087:1a01:df::4077]:80/ottrrs.hl.chinamobile.com/PLTV/88888888/8/3221226010/index.m3u8, From: subscribe, IPv_Type: ipv6, Location: 中国, ISP: 中国移动, Date: None, Delay: -1 ms, Speed: 0.00 M/s, Resolution: None
Name: CCTV-6, URL: http://[2409:8087:1a01:df::4077]:80/ottrrs.hl.chinamobile.com/yinhe/88888888/224/3221226010/index.m3u8, From: subscribe, IPv_Type: ipv6, Location: 中国, ISP: 中国移动, Date: None, Delay: -1 ms, Speed: 0.00 M/s, Resolution: None
Name: CCTV-6, URL: https://migu.188766.xyz/?migutoken=6302215fa79195ba9d17e45f6deedb2a&id=CCTV6&type=yy, From: subscribe, IPv_Type: ipv6, Location: 美国, ISP: CloudFlare Inc., Date: None, Delay: -1 ms, Speed: 0.00 M/s, Resolution: None
Name: CCTV-6, URL: https://migu.188766.xyz/?migutoken=3d967aee167bf303f1d47f287e529105&id=CCTV6&type=yy, From: subscribe, IPv_Type: ipv6, Location: 美国, ISP: CloudFlare Inc., Date: None, Delay: -1 ms, Speed: 0.00 M/s, Resolution: None
Name: CCTV-6, URL: https://migu.188766.xyz/?migutoken=58c4bf9e543a743204b874b4595e623d&id=CCTV6&type=yy, From: subscribe, IPv_Type: ipv6, Location: 美国, ISP: CloudFlare Inc., Date: None, Delay: -1 ms, Speed: 0.00 M/s, Resolution: None
Name: CCTV-6, URL: https://migu.188766.xyz/?migutoken=733a86c67f1ea4b52dabb1158cc8d240&id=CCTV6&type=yy, From: subscribe, IPv_Type: ipv6, Location: 美国, ISP: CloudFlare Inc., Date: None, Delay: -1 ms, Speed: 0.00 M/s, Resolution: None
Name: CCTV-6, URL: https://migu.188766.xyz/?migutoken=d3e3faf1e6de108f2e53b00f8295c8ec&id=CCTV6&type=yy, From: subscribe, IPv_Type: ipv6, Location: 美国, ISP: CloudFlare Inc., Date: None, Delay: -1 ms, Speed: 0.00 M/s, Resolution: None
Name: CCTV-6, URL: https://migu.188766.xyz/?migutoken=bde5296e5fa523b56f5e08b3c70ceb75&id=CCTV6&type=yy, From: subscribe, IPv_Type: ipv6, Location: 美国, ISP: CloudFlare Inc., Date: None, Delay: -1 ms, Speed: 0.00 M/s, Resolution: None
Name: CCTV-6, URL: https://migu.188766.xyz/?migutoken=e39c6201bb56d4b7caffe42b8dc2fa08&id=CCTV6&type=yy, From: subscribe, IPv_Type: ipv6, Location: 美国, ISP: CloudFlare Inc., Date: None, Delay: -1 ms, Speed: 0.00 M/s, Resolution: None
Name: CCTV-6, URL: https://migu.188766.xyz/?migutoken=cfbaf6510501670b3542425418751920&id=CCTV6&type=yy, From: subscribe, IPv_Type: ipv6, Location: 美国, ISP: CloudFlare Inc., Date: None, Delay: -1 ms, Speed: 0.00 M/s, Resolution: None
Name: CCTV-6, URL: https://migu.188766.xyz/?migutoken=ccf4f62b5fb0b9998e65c5453595d8bd&id=CCTV6&type=yy, From: subscribe, IPv_Type: ipv6, Location: 美国, ISP: CloudFlare Inc., Date: None, Delay: -1 ms, Speed: 0.00 M/s, Resolution: None
Name: CCTV-6, URL: https://migu.188766.xyz/?migutoken=2087bc38fe5055f74547364310b62253&id=CCTV6&type=yy, From: subscribe, IPv_Type: ipv6, Location: 美国, ISP: CloudFlare Inc., Date: None, Delay: -1 ms, Speed: 0.00 M/s, Resolution: None
Name: CCTV-6, URL: https://migu.188766.xyz/?migutoken=c994c3cc0129252fe70dec5cedfb7f94&id=CCTV6&type=yy, From: subscribe, IPv_Type: ipv6, Location: 美国, ISP: CloudFlare Inc., Date: None, Delay: -1 ms, Speed: 0.00 M/s, Resolution: None
Name: CCTV-6, URL: https://migu.188766.xyz/?migutoken=e0ff873c151bdf4bd3106b73332e22e1&id=CCTV6&type=yy, From: subscribe, IPv_Type: ipv6, Location: 美国, ISP: CloudFlare Inc., Date: None, Delay: -1 ms, Speed: 0.00 M/s, Resolution: None
Name: CCTV-6, URL: https://migu.188766.xyz/?migutoken=91b1cc84626dad732d134311cd9e02cc&id=CCTV6&type=yy, From: subscribe, IPv_Type: ipv6, Location: 美国, ISP: CloudFlare Inc., Date: None, Delay: -1 ms, Speed: 0.00 M/s, Resolution: None
Name: CCTV-6, URL: https://migu.188766.xyz/?migutoken=05f9d6cc3c728260dfd4eb80fb8fc61e&id=CCTV6&type=yy, From: subscribe, IPv_Type: ipv6, Location: 美国, ISP: CloudFlare Inc., Date: None, Delay: -1 ms, Speed: 0.00 M/s, Resolution: None
Name: CCTV-6, URL: https://migu.188766.xyz/?migutoken=fdfd320c7266e4080120aaf331e5c534&id=CCTV6&type=yy, From: subscribe, IPv_Type: ipv6, Location: 美国, ISP: CloudFlare Inc., Date: None, Delay: -1 ms, Speed: 0.00 M/s, Resolution: None
Name: CCTV-6, URL: https://migu.188766.xyz/?migutoken=f86bd047905dd1bc1610fcf80eda94cf&id=CCTV6&type=yy, From: subscribe, IPv_Type: ipv6, Location: 美国, ISP: CloudFlare Inc., Date: None, Delay: -1 ms, Speed: 0.00 M/s, Resolution: None
Name: CCTV-6, URL: https://migu.188766.xyz/?migutoken=463ccfebc8bfb91c86289bc99e342971&id=CCTV6&type=yy, From: subscribe, IPv_Type: ipv6, Location: 美国, ISP: CloudFlare Inc., Date: None, Delay: -1 ms, Speed: 0.00 M/s, Resolution: None
Name: CCTV-6, URL: https://migu.188766.xyz/?migutoken=2167482b2460c67f99496796a8f2e1f9&id=CCTV6&type=yy, From: subscribe, IPv_Type: ipv6, Location: 美国, ISP: CloudFlare Inc., Date: None, Delay: -1 ms, Speed: 0.00 M/s, Resolution: None
Name: CCTV-6, URL: http://pull-hs-f5.flive.douyincdn.com/media/stream-695136636620505772/index.m3u8?arch_hrchy=w1&exp_hrchy=w1&expire=1769036350&major_anchor_level=common&sign=885e193653aa0618ba5e6cc9642df55e&t_id=037-20260115065909EE0FD10FEE16A7461774-rUFdkF&volcSecret=885e193653aa0618ba5e6cc9642df55e&volcTime=1769036350, From: subscribe, IPv_Type: ipv6, Location: 美国, ISP: , Date: None, Delay: -1 ms, Speed: 0.00 M/s, Resolution: None
Name: CCTV-6, URL: https://migu.188766.xyz/?migutoken=84832e0c7e255d0bb56929479ba0b673&id=CCTV6&type=yy, From: subscribe, IPv_Type: ipv6, Location: 美国, ISP: CloudFlare Inc., Date: None, Delay: -1 ms, Speed: 0.00 M/s, Resolution: None
Name: CCTV-6, URL: https://migu.188766.xyz/?migutoken=4c23318112455baf49c9873427f94e05&id=CCTV6&type=yy, From: subscribe, IPv_Type: ipv6, Location: 美国, ISP: CloudFlare Inc., Date: None, Delay: -1 ms, Speed: 0.00 M/s, Resolution: None
Name: CCTV-6, URL: https://migu.188766.xyz/?migutoken=8459da0c8924b66740d8223477775abd&id=CCTV6&type=yy, From: subscribe, IPv_Type: ipv6, Location: 美国, ISP: CloudFlare Inc., Date: None, Delay: -1 ms, Speed: 0.00 M/s, Resolution: None
Name: CCTV-6, URL: https://migu.188766.xyz/?migutoken=e45a1203d8e6edab79211278729886fe&id=CCTV6&type=yy, From: subscribe, IPv_Type: ipv6, Location: 美国, ISP: CloudFlare Inc., Date: None, Delay: -1 ms, Speed: 0.00 M/s, Resolution: None
Name: CCTV-6, URL: https://migu.188766.xyz/?migutoken=4956ed14c307c4ac97f60671cb081bfc&id=CCTV6&type=yy, From: subscribe, IPv_Type: ipv6, Location: 美国, ISP: CloudFlare Inc., Date: None, Delay: -1 ms, Speed: 0.00 M/s, Resolution: None
Name: CCTV-6, URL: https://migu.188766.xyz/?migutoken=da07526d27548f4bbf1b1c1651f89565&id=CCTV6&type=yy, From: subscribe, IPv_Type: ipv6, Location: 美国, ISP: CloudFlare Inc., Date: None, Delay: -1 ms, Speed: 0.00 M/s, Resolution: None
Name: CCTV-6, URL: https://migu.188766.xyz/?migutoken=fee91a5ff4648f48b0eb8eaafea31a48&id=CCTV6&type=yy, From: subscribe, IPv_Type: ipv6, Location: 美国, ISP: CloudFlare Inc., Date: None, Delay: -1 ms, Speed: 0.00 M/s, Resolution: None
Name: CCTV-6, URL: https://migu.188766.xyz/?migutoken=eaaaef663f94f32556d350c60bb8973b&id=CCTV6&type=yy, From: subscribe, IPv_Type: ipv6, Location: 美国, ISP: CloudFlare Inc., Date: None, Delay: -1 ms, Speed: 0.00 M/s, Resolution: None
Name: CCTV-6, URL: https://migu.188766.xyz/?migutoken=df5712c1d32ace093c34b817898c1792&id=CCTV6&type=yy, From: subscribe, IPv_Type: ipv6, Location: 美国, ISP: CloudFlare Inc., Date: None, Delay: -1 ms, Speed: 0.00 M/s, Resolution: None
Name: CCTV-6, URL: http://38.75.136.137:98/gslb/dsdqbv/cctv6hd.m3u8?auth=test20251009, From: subscribe, IPv_Type: ipv4, Location: 美国-伊利诺伊州-库克, ISP: Cogent, Date: None, Delay: 648 ms, Speed: 5.10 M/s, Resolution: 1920x1080
Name: CCTV-7, URL: http://php.jdshipin.com/TVOD/hljyd.php?id=3221225733, From: subscribe, IPv_Type: ipv6, Location: 美国, ISP: CloudFlare Inc., Date: None, Delay: -1 ms, Speed: 0.00 M/s, Resolution: None
Name: CCTV-7, URL: http://goo.bkpcp.top/mg/CCTV7, From: subscribe, IPv_Type: ipv6, Location: 美国, ISP: CloudFlare Inc., Date: None, Delay: -1 ms, Speed: 0.00 M/s, Resolution: None
Name: CCTV-7, URL: http://iptv.huuc.edu.cn/hls/cctv7hd.m3u8, From: subscribe, IPv_Type: ipv6, Location: 中国, ISP: 教育网, Date: None, Delay: -1 ms, Speed: 0.00 M/s, Resolution: None
Name: CCTV-7, URL: https://zby.130519.xyz/PLTV/11/224/3221225701/index.m3u8, From: subscribe, IPv_Type: ipv6, Location: 美国, ISP: CloudFlare Inc., Date: None, Delay: -1 ms, Speed: 0.00 M/s, Resolution: None
Name: CCTV-7, URL: https://migu.188766.xyz/?migutoken=8ee27a1a7b64b54355bb0fc57db2633d&id=CCTV7&type=yy, From: subscribe, IPv_Type: ipv6, Location: 美国, ISP: CloudFlare Inc., Date: None, Delay: -1 ms, Speed: 0.00 M/s, Resolution: None
Name: CCTV-7, URL: https://iptv.catvod.com/live.php?id=CCTV7, From: subscribe, IPv_Type: ipv6, Location: 美国, ISP: CloudFlare Inc., Date: None, Delay: -1 ms, Speed: 0.00 M/s, Resolution: None
Name: CCTV-7, URL: https://iptv.catvod.com/live.php?id=CCTV-7, From: subscribe, IPv_Type: ipv6, Location: 美国, ISP: CloudFlare Inc., Date: None, Delay: -1 ms, Speed: 0.00 M/s, Resolution: None
Name: CCTV-7, URL: http://[2409:8087:1a01:df::4077]/ottrrs.hl.chinamobile.com/PLTV/88888888/224/3221225733/index.m3u8, From: subscribe, IPv_Type: ipv6, Location: 中国, ISP: 中国移动, Date: None, Delay: -1 ms, Speed: 0.00 M/s, Resolution: None
Name: CCTV-7, URL: http://[2409:8087:8:21::18]:6610/otttv.bj.chinamobile.com/PLTV/88888888/224/3221226946/1.m3u8?, From: subscribe, IPv_Type: ipv6, Location: 中国, ISP: 中国移动, Date: None, Delay: -1 ms, Speed: 0.00 M/s, Resolution: None
Name: CCTV-7, URL: http://[2409:8087:1a01:df::4077]/ottrrs.hl.chinamobile.com/PLTV/88888888/8/3221225733/index.m3u8, From: subscribe, IPv_Type: ipv6, Location: 中国, ISP: 中国移动, Date: None, Delay: -1 ms, Speed: 0.00 M/s, Resolution: None
Name: CCTV-7, URL: https://migu.188766.xyz/?migutoken=bc3b848a60c573a96f41d935421fc373&id=CCTV7&type=yy, From: subscribe, IPv_Type: ipv6, Location: 美国, ISP: CloudFlare Inc., Date: None, Delay: -1 ms, Speed: 0.00 M/s, Resolution: None
Name: CCTV-7, URL: https://migu.188766.xyz/?migutoken=fc0845ff2f5a0c9ca3f89188024e7e56&id=CCTV7&type=yy, From: subscribe, IPv_Type: ipv6, Location: 美国, ISP: CloudFlare Inc., Date: None, Delay: -1 ms, Speed: 0.00 M/s, Resolution: None
Name: CCTV-7, URL: https://migu.188766.xyz/?migutoken=d0abcfcac9e874dd61d07bf6a89e8247&id=CCTV7&type=yy, From: subscribe, IPv_Type: ipv6, Location: 美国, ISP: CloudFlare Inc., Date: None, Delay: -1 ms, Speed: 0.00 M/s, Resolution: None
Name: CCTV-7, URL: https://migu.188766.xyz/?migutoken=67be2c9dfb0ff7eaa90db1f3300fcc88&id=CCTV7&type=yy, From: subscribe, IPv_Type: ipv6, Location: 美国, ISP: CloudFlare Inc., Date: None, Delay: -1 ms, Speed: 0.00 M/s, Resolution: None
Name: CCTV-7, URL: https://migu.188766.xyz/?migutoken=ff45ecbd75c21f04ee973366bd0d7617&id=CCTV7&type=yy, From: subscribe, IPv_Type: ipv6, Location: 美国, ISP: CloudFlare Inc., Date: None, Delay: -1 ms, Speed: 0.00 M/s, Resolution: None
Name: CCTV-7, URL: https://migu.188766.xyz/?migutoken=c5ade7375369747ff173d28b43999bb9&id=CCTV7&type=yy, From: subscribe, IPv_Type: ipv6, Location: 美国, ISP: CloudFlare Inc., Date: None, Delay: -1 ms, Speed: 0.00 M/s, Resolution: None
Name: CCTV-7, URL: https://www.freetv.top/migu/673168121.m3u8?migutoken=44446ab398991313e6a822efdaec82f3b845a2e8f141c172aa857c477255724bbb28fc01d33f764c51106c446af1c57e8815b58822075b194f4cf55cde28fe55f54330d4586c92e75e8aa50a48, From: subscribe, IPv_Type: ipv6, Location: 美国, ISP: Oracle Corporation, Date: None, Delay: -1 ms, Speed: 0.00 M/s, Resolution: None
Name: CCTV-7, URL: https://migu.188766.xyz/?migutoken=a4282ec143f035d9bc77404eeed37a8e&id=CCTV7&type=yy, From: subscribe, IPv_Type: ipv6, Location: 美国, ISP: CloudFlare Inc., Date: None, Delay: -1 ms, Speed: 0.00 M/s, Resolution: None
Name: CCTV-7, URL: https://migu.188766.xyz/?migutoken=ae22d84db26f80bdd1e306c6f2e00c47&id=CCTV7&type=yy, From: subscribe, IPv_Type: ipv6, Location: 美国, ISP: CloudFlare Inc., Date: None, Delay: -1 ms, Speed: 0.00 M/s, Resolution: None
Name: CCTV-7, URL: https://migu.188766.xyz/?migutoken=0878594d1daf10dc5c810be1b68f9d95&id=CCTV7&type=yy, From: subscribe, IPv_Type: ipv6, Location: 美国, ISP: CloudFlare Inc., Date: None, Delay: -1 ms, Speed: 0.00 M/s, Resolution: None
Name: CCTV-7, URL: https://migu.188766.xyz/?migutoken=3c91fa9ea0cc78e41de7b5fb8e66f2d3&id=CCTV7&type=yy, From: subscribe, IPv_Type: ipv6, Location: 美国, ISP: CloudFlare Inc., Date: None, Delay: -1 ms, Speed: 0.00 M/s, Resolution: None
Name: CCTV-7, URL: https://migu.188766.xyz/?migutoken=4b139c9aa2b114f5f4972d91fa5f5711&id=CCTV7&type=yy, From: subscribe, IPv_Type: ipv6, Location: 美国, ISP: CloudFlare Inc., Date: None, Delay: -1 ms, Speed: 0.00 M/s, Resolution: None
Name: CCTV-7, URL: https://migu.188766.xyz/?migutoken=5f719707ae3a21e825ca5a1f5cc797fd&id=CCTV7&type=yy, From: subscribe, IPv_Type: ipv6, Location: 美国, ISP: CloudFlare Inc., Date: None, Delay: -1 ms, Speed: 0.00 M/s, Resolution: None
Name: CCTV-7, URL: https://migu.188766.xyz/?migutoken=071d7f5e2e78cb1c203c0e87e1f7b6ac&id=CCTV7&type=yy, From: subscribe, IPv_Type: ipv6, Location: 美国, ISP: CloudFlare Inc., Date: None, Delay: -1 ms, Speed: 0.00 M/s, Resolution: None
Name: CCTV-7, URL: https://migu.188766.xyz/?migutoken=259bac7b27850790a160a293009d4439&id=CCTV7&type=yy, From: subscribe, IPv_Type: ipv6, Location: 美国, ISP: CloudFlare Inc., Date: None, Delay: -1 ms, Speed: 0.00 M/s, Resolution: None
Name: CCTV-7, URL: https://migu.188766.xyz/?migutoken=180bf6320b644afbf9e08a40329e5cd4&id=CCTV7&type=yy, From: subscribe, IPv_Type: ipv6, Location: 美国, ISP: CloudFlare Inc., Date: None, Delay: -1 ms, Speed: 0.00 M/s, Resolution: None
Name: CCTV-7, URL: https://migu.188766.xyz/?migutoken=419a5399ffdea7ac4d26cc3d2ac2788c&id=CCTV7&type=yy, From: subscribe, IPv_Type: ipv6, Location: 美国, ISP: CloudFlare Inc., Date: None, Delay: -1 ms, Speed: 0.00 M/s, Resolution: None
Name: CCTV-7, URL: https://migu.188766.xyz/?migutoken=f1ce29d13ed751ea63d33951c2b4d91e&id=CCTV7&type=yy, From: subscribe, IPv_Type: ipv6, Location: 美国, ISP: CloudFlare Inc., Date: None, Delay: -1 ms, Speed: 0.00 M/s, Resolution: None
Name: CCTV-7, URL: https://migu.188766.xyz/?migutoken=e6253c6a629f1b06ac687fc338a9fdb0&id=CCTV7&type=yy, From: subscribe, IPv_Type: ipv6, Location: 美国, ISP: CloudFlare Inc., Date: None, Delay: -1 ms, Speed: 0.00 M/s, Resolution: None
Name: CCTV-7, URL: https://migu.188766.xyz/?migutoken=e4efe21fc6ddd1109adf1d385d3a42a5&id=CCTV7&type=yy, From: subscribe, IPv_Type: ipv6, Location: 美国, ISP: CloudFlare Inc., Date: None, Delay: -1 ms, Speed: 0.00 M/s, Resolution: None
Name: CCTV-7, URL: https://migu.188766.xyz/?migutoken=8758e467109995f585c2f307f2a968ab&id=CCTV7&type=yy, From: subscribe, IPv_Type: ipv6, Location: 美国, ISP: CloudFlare Inc., Date: None, Delay: -1 ms, Speed: 0.00 M/s, Resolution: None
Name: CCTV-7, URL: https://migu.188766.xyz/?migutoken=9a0ee800fc2fddb475e6c176eaf9d8de&id=CCTV7&type=yy, From: subscribe, IPv_Type: ipv6, Location: 美国, ISP: CloudFlare Inc., Date: None, Delay: -1 ms, Speed: 0.00 M/s, Resolution: None
Name: CCTV-7, URL: https://migu.188766.xyz/?migutoken=c177ff1fad7e7f2371be703ed1dbc62e&id=CCTV7&type=yy, From: subscribe, IPv_Type: ipv6, Location: 美国, ISP: CloudFlare Inc., Date: None, Delay: -1 ms, Speed: 0.00 M/s, Resolution: None
Name: CCTV-7, URL: https://migu.188766.xyz/?migutoken=562c13e9e6a643eb30967bbc98ef4aad&id=CCTV7&type=yy, From: subscribe, IPv_Type: ipv6, Location: 美国, ISP: CloudFlare Inc., Date: None, Delay: -1 ms, Speed: 0.00 M/s, Resolution: None
Name: CCTV-7, URL: https://migu.188766.xyz/?migutoken=e2b59cb90ff6ae8128b1ec1f9c50314c&id=CCTV7&type=yy, From: subscribe, IPv_Type: ipv6, Location: 美国, ISP: CloudFlare Inc., Date: None, Delay: -1 ms, Speed: 0.00 M/s, Resolution: None
Name: CCTV-7, URL: https://migu.188766.xyz/?migutoken=44e7ba029c2bad5c056bb495aba58317&id=CCTV7&type=yy, From: subscribe, IPv_Type: ipv6, Location: 美国, ISP: CloudFlare Inc., Date: None, Delay: -1 ms, Speed: 0.00 M/s, Resolution: None
Name: CCTV-7, URL: https://migu.188766.xyz/?migutoken=0b4deab092281894f3004a873742c63e&id=CCTV7&type=yy, From: subscribe, IPv_Type: ipv6, Location: 美国, ISP: CloudFlare Inc., Date: None, Delay: -1 ms, Speed: 0.00 M/s, Resolution: None
Name: CCTV-7, URL: https://migu.188766.xyz/?migutoken=059875427e5b661a22a87696bcef2d7a&id=CCTV7&type=yy, From: subscribe, IPv_Type: ipv6, Location: 美国, ISP: CloudFlare Inc., Date: None, Delay: -1 ms, Speed: 0.00 M/s, Resolution: None
Name: CCTV-7, URL: http://38.75.136.137:98/gslb/dsdqbv/cctv7hd.m3u8?auth=test20251009, From: subscribe, IPv_Type: ipv4, Location: 美国-伊利诺伊州-库克, ISP: Cogent, Date: None, Delay: 641 ms, Speed: 5.17 M/s, Resolution: 1920x1080
Name: CCTV-7, URL: http://23.237.228.134/live5/CCTV7.m3u8, From: subscribe, IPv_Type: ipv4, Location: 北美地区, ISP: , Date: None, Delay: 582 ms, Speed: 4.25 M/s, Resolution: 1920x1080
Name: CCTV-8, URL: http://php.jdshipin.com/TVOD/hljyd.php?id=3221226008, From: subscribe, IPv_Type: ipv6, Location: 美国, ISP: CloudFlare Inc., Date: None, Delay: -1 ms, Speed: 0.00 M/s, Resolution: None
Name: CCTV-8, URL: http://goo.bkpcp.top/mg/cctv8, From: subscribe, IPv_Type: ipv6, Location: 美国, ISP: CloudFlare Inc., Date: None, Delay: -1 ms, Speed: 0.00 M/s, Resolution: None
Name: CCTV-8, URL: http://iptv.huuc.edu.cn/hls/cctv8hd.m3u8, From: subscribe, IPv_Type: ipv6, Location: 中国, ISP: 教育网, Date: None, Delay: -1 ms, Speed: 0.00 M/s, Resolution: None
Name: CCTV-8, URL: https://zby.130519.xyz/PLTV/11/224/3221225736/index.m3u8, From: subscribe, IPv_Type: ipv6, Location: 美国, ISP: CloudFlare Inc., Date: None, Delay: -1 ms, Speed: 0.00 M/s, Resolution: None
Name: CCTV-8, URL: https://migu.188766.xyz/?migutoken=152c01109040c30ae90c98217f187466&id=CCTV8&type=yy, From: subscribe, IPv_Type: ipv6, Location: 美国, ISP: CloudFlare Inc., Date: None, Delay: -1 ms, Speed: 0.00 M/s, Resolution: None
Name: CCTV-8, URL: https://iptv.catvod.com/live.php?id=CCTV-8, From: subscribe, IPv_Type: ipv6, Location: 美国, ISP: CloudFlare Inc., Date: None, Delay: -1 ms, Speed: 0.00 M/s, Resolution: None
Name: CCTV-8, URL: https://hls-gateway.vpstv.net/streams/476892.m3u8, From: subscribe, IPv_Type: ipv6, Location: 美国, ISP: CloudFlare Inc., Date: None, Delay: -1 ms, Speed: 0.00 M/s, Resolution: None
Name: CCTV-8, URL: http://[2409:8087:1a01:df::4077]/ottrrs.hl.chinamobile.com/PLTV/88888888/224/3221226008/index.m3u8, From: subscribe, IPv_Type: ipv6, Location: 中国, ISP: 中国移动, Date: None, Delay: -1 ms, Speed: 0.00 M/s, Resolution: None
Name: CCTV-8, URL: http://[2409:8087:1a01:df::4077]:80/ottrrs.hl.chinamobile.com/TVOD/88888888/224/3221226008/index.m3u8, From: subscribe, IPv_Type: ipv6, Location: 中国, ISP: 中国移动, Date: None, Delay: -1 ms, Speed: 0.00 M/s, Resolution: None
Name: CCTV-8, URL: http://[2409:8087:8:21::18]:6610/otttv.bj.chinamobile.com/PLTV/88888888/224/3221226485/1.m3u8?, From: subscribe, IPv_Type: ipv6, Location: 中国, ISP: 中国移动, Date: None, Delay: -1 ms, Speed: 0.00 M/s, Resolution: None
Name: CCTV-8, URL: http://[2409:8087:1a01:df::4051]:80/TVOD/88888888/224/3221225795/main.m3u8, From: subscribe, IPv_Type: ipv6, Location: 中国, ISP: 中国移动, Date: None, Delay: -1 ms, Speed: 0.00 M/s, Resolution: None
Name: CCTV-8, URL: http://[2409:8087:1a01:df::4077]/ottrrs.hl.chinamobile.com/PLTV/88888888/8/3221226008/index.m3u8, From: subscribe, IPv_Type: ipv6, Location: 中国, ISP: 中国移动, Date: None, Delay: -1 ms, Speed: 0.00 M/s, Resolution: None
Name: CCTV-8, URL: http://[2409:8087:1a01:df::4077]:80/ottrrs.hl.chinamobile.com/PLTV/88888888/224/3221226008/index.m3u8, From: subscribe, IPv_Type: ipv6, Location: 中国, ISP: 中国移动, Date: None, Delay: -1 ms, Speed: 0.00 M/s, Resolution: None
Name: CCTV-8, URL: https://migu.188766.xyz/?migutoken=8c219eb083d559854524d795a9b52389&id=CCTV8&type=yy, From: subscribe, IPv_Type: ipv6, Location: 美国, ISP: CloudFlare Inc., Date: None, Delay: -1 ms, Speed: 0.00 M/s, Resolution: None
Name: CCTV-8, URL: https://migu.188766.xyz/?migutoken=d3b89dce0593cb520244ce119372eb19&id=CCTV8&type=yy, From: subscribe, IPv_Type: ipv6, Location: 美国, ISP: CloudFlare Inc., Date: None, Delay: -1 ms, Speed: 0.00 M/s, Resolution: None
Name: CCTV-8, URL: https://migu.188766.xyz/?migutoken=7e17ee0fcd4b7be7adec33f3bf50188e&id=CCTV8&type=yy, From: subscribe, IPv_Type: ipv6, Location: 美国, ISP: CloudFlare Inc., Date: None, Delay: -1 ms, Speed: 0.00 M/s, Resolution: None
Name: CCTV-8, URL: https://migu.188766.xyz/?migutoken=8d5b8568f37e4b15e7a204e49f3793a2&id=CCTV8&type=yy, From: subscribe, IPv_Type: ipv6, Location: 美国, ISP: CloudFlare Inc., Date: None, Delay: -1 ms, Speed: 0.00 M/s, Resolution: None
Name: CCTV-8, URL: https://migu.188766.xyz/?migutoken=2133bcc8e587d74c5dd986c4c50b754d&id=CCTV8&type=yy, From: subscribe, IPv_Type: ipv6, Location: 美国, ISP: CloudFlare Inc., Date: None, Delay: -1 ms, Speed: 0.00 M/s, Resolution: None
Name: CCTV-8, URL: https://iptv.catvod.com/live.php?id=CCTV8, From: subscribe, IPv_Type: ipv6, Location: 美国, ISP: CloudFlare Inc., Date: None, Delay: -1 ms, Speed: 0.00 M/s, Resolution: None
Name: CCTV-8, URL: https://migu.188766.xyz/?migutoken=1d68f4d30e8be12239a3666578543a83&id=CCTV8&type=yy, From: subscribe, IPv_Type: ipv6, Location: 美国, ISP: CloudFlare Inc., Date: None, Delay: -1 ms, Speed: 0.00 M/s, Resolution: None
Name: CCTV-8, URL: https://migu.188766.xyz/?migutoken=21d2aa8f102e657595bc735ec83cb9b4&id=CCTV8&type=yy, From: subscribe, IPv_Type: ipv6, Location: 美国, ISP: CloudFlare Inc., Date: None, Delay: -1 ms, Speed: 0.00 M/s, Resolution: None
Name: CCTV-8, URL: https://migu.188766.xyz/?migutoken=f764b3e9974b7630b20e85271d93c9c9&id=CCTV8&type=yy, From: subscribe, IPv_Type: ipv6, Location: 美国, ISP: CloudFlare Inc., Date: None, Delay: -1 ms, Speed: 0.00 M/s, Resolution: None
Name: CCTV-8, URL: https://migu.188766.xyz/?migutoken=c899203e36e5a278cf9ae7e18260b762&id=CCTV8&type=yy, From: subscribe, IPv_Type: ipv6, Location: 美国, ISP: CloudFlare Inc., Date: None, Delay: -1 ms, Speed: 0.00 M/s, Resolution: None
Name: CCTV-8, URL: https://migu.188766.xyz/?migutoken=1a9f09eb2cf8f14848238c9dd9264cd8&id=CCTV8&type=yy, From: subscribe, IPv_Type: ipv6, Location: 美国, ISP: CloudFlare Inc., Date: None, Delay: -1 ms, Speed: 0.00 M/s, Resolution: None
Name: CCTV-8, URL: https://migu.188766.xyz/?migutoken=a9ef6a5ecaebc2df15ec27f1be358dfc&id=CCTV8&type=yy, From: subscribe, IPv_Type: ipv6, Location: 美国, ISP: CloudFlare Inc., Date: None, Delay: -1 ms, Speed: 0.00 M/s, Resolution: None
Name: CCTV-8, URL: https://migu.188766.xyz/?migutoken=cc8feed3bc93c7ec6b3a7ac51688be01&id=CCTV8&type=yy, From: subscribe, IPv_Type: ipv6, Location: 美国, ISP: CloudFlare Inc., Date: None, Delay: -1 ms, Speed: 0.00 M/s, Resolution: None
Name: CCTV-8, URL: https://migu.188766.xyz/?migutoken=9ed28327707ac34f241450b03894a149&id=CCTV8&type=yy, From: subscribe, IPv_Type: ipv6, Location: 美国, ISP: CloudFlare Inc., Date: None, Delay: -1 ms, Speed: 0.00 M/s, Resolution: None
Name: CCTV-8, URL: https://migu.188766.xyz/?migutoken=2057c35c462008a95740dffedfc36c99&id=CCTV8&type=yy, From: subscribe, IPv_Type: ipv6, Location: 美国, ISP: CloudFlare Inc., Date: None, Delay: -1 ms, Speed: 0.00 M/s, Resolution: None
Name: CCTV-8, URL: https://migu.188766.xyz/?migutoken=0541904d0a6e020e2bc7d15428101a91&id=CCTV8&type=yy, From: subscribe, IPv_Type: ipv6, Location: 美国, ISP: CloudFlare Inc., Date: None, Delay: -1 ms, Speed: 0.00 M/s, Resolution: None
Name: CCTV-8, URL: https://migu.188766.xyz/?migutoken=3b137cffc353142c6d7f1a00bb407eb7&id=CCTV8&type=yy, From: subscribe, IPv_Type: ipv6, Location: 美国, ISP: CloudFlare Inc., Date: None, Delay: -1 ms, Speed: 0.00 M/s, Resolution: None
Name: CCTV-8, URL: https://migu.188766.xyz/?migutoken=d83d77c2c49da3dd2b8c5133992d6c9a&id=CCTV8&type=yy, From: subscribe, IPv_Type: ipv6, Location: 美国, ISP: CloudFlare Inc., Date: None, Delay: -1 ms, Speed: 0.00 M/s, Resolution: None
Name: CCTV-8, URL: https://migu.188766.xyz/?migutoken=a7d5ea3b288718cb618a68348b4e9c45&id=CCTV8&type=yy, From: subscribe, IPv_Type: ipv6, Location: 美国, ISP: CloudFlare Inc., Date: None, Delay: -1 ms, Speed: 0.00 M/s, Resolution: None
Name: CCTV-8, URL: https://migu.188766.xyz/?migutoken=a4c1bfeebcb01cc7eda1b17d8394527e&id=CCTV8&type=yy, From: subscribe, IPv_Type: ipv6, Location: 美国, ISP: CloudFlare Inc., Date: None, Delay: -1 ms, Speed: 0.00 M/s, Resolution: None
Name: CCTV-8, URL: https://migu.188766.xyz/?migutoken=36636e7bd73de5a2558c71a99e757066&id=CCTV8&type=yy, From: subscribe, IPv_Type: ipv6, Location: 美国, ISP: CloudFlare Inc., Date: None, Delay: -1 ms, Speed: 0.00 M/s, Resolution: None
Name: CCTV-8, URL: https://migu.188766.xyz/?migutoken=44fc07d6a00f7452069a4c3261963728&id=CCTV8&type=yy, From: subscribe, IPv_Type: ipv6, Location: 美国, ISP: CloudFlare Inc., Date: None, Delay: -1 ms, Speed: 0.00 M/s, Resolution: None
Name: CCTV-8, URL: https://migu.188766.xyz/?migutoken=58463633e1a5753c0628b5244eadf13f&id=CCTV8&type=yy, From: subscribe, IPv_Type: ipv6, Location: 美国, ISP: CloudFlare Inc., Date: None, Delay: -1 ms, Speed: 0.00 M/s, Resolution: None
Name: CCTV-8, URL: https://migu.188766.xyz/?migutoken=52b8d9d7897edd13e20d8a7fdaa59c0b&id=CCTV8&type=yy, From: subscribe, IPv_Type: ipv6, Location: 美国, ISP: CloudFlare Inc., Date: None, Delay: -1 ms, Speed: 0.00 M/s, Resolution: None
Name: CCTV-8, URL: https://migu.188766.xyz/?migutoken=7c1e29c197800da107cfb572a68e2e56&id=CCTV8&type=yy, From: subscribe, IPv_Type: ipv6, Location: 美国, ISP: CloudFlare Inc., Date: None, Delay: -1 ms, Speed: 0.00 M/s, Resolution: None
Name: CCTV-8, URL: https://migu.188766.xyz/?migutoken=ce74e8b074a1fdf4693c4d2e7a568453&id=CCTV8&type=yy, From: subscribe, IPv_Type: ipv6, Location: 美国, ISP: CloudFlare Inc., Date: None, Delay: -1 ms, Speed: 0.00 M/s, Resolution: None
Name: CCTV-8, URL: https://migu.188766.xyz/?migutoken=a44ffd03e65e7798029f44d9835ca73f&id=CCTV8&type=yy, From: subscribe, IPv_Type: ipv6, Location: 美国, ISP: CloudFlare Inc., Date: None, Delay: -1 ms, Speed: 0.00 M/s, Resolution: None
Name: CCTV-8, URL: https://migu.188766.xyz/?migutoken=cc5685bf647924dc2a5871eb658a55c2&id=CCTV8&type=yy, From: subscribe, IPv_Type: ipv6, Location: 美国, ISP: CloudFlare Inc., Date: None, Delay: -1 ms, Speed: 0.00 M/s, Resolution: None
Name: CCTV-8, URL: http://38.75.136.137:98/gslb/dsdqbv/cctv8hd.m3u8?auth=test20251009, From: subscribe, IPv_Type: ipv4, Location: 美国-伊利诺伊州-库克, ISP: Cogent, Date: None, Delay: 641 ms, Speed: 5.17 M/s, Resolution: 1920x1080
Name: CCTV-9, URL: http://php.jdshipin.com/TVOD/hljyd.php?id=3221225734, From: subscribe, IPv_Type: ipv6, Location: 美国, ISP: CloudFlare Inc., Date: None, Delay: -1 ms, Speed: 0.00 M/s, Resolution: None
Name: CCTV-9, URL: http://iptv.huuc.edu.cn/hls/cctv9hd.m3u8, From: subscribe, IPv_Type: ipv6, Location: 中国, ISP: 教育网, Date: None, Delay: -1 ms, Speed: 0.00 M/s, Resolution: None
Name: CCTV-9, URL: https://migu.188766.xyz/?migutoken=39d30bdfcb53b7b8ad1d386a806d4ad9&id=CCTV9&type=yy, From: subscribe, IPv_Type: ipv6, Location: 美国, ISP: CloudFlare Inc., Date: None, Delay: -1 ms, Speed: 0.00 M/s, Resolution: None
Name: CCTV-9, URL: https://iptv.catvod.com/live.php?id=CCTV-9, From: subscribe, IPv_Type: ipv6, Location: 美国, ISP: CloudFlare Inc., Date: None, Delay: -1 ms, Speed: 0.00 M/s, Resolution: None
Name: CCTV-9, URL: https://iptv.catvod.com/live.php?id=CCTV9, From: subscribe, IPv_Type: ipv6, Location: 美国, ISP: CloudFlare Inc., Date: None, Delay: -1 ms, Speed: 0.00 M/s, Resolution: None
Name: CCTV-9, URL: https://hls-gateway.vpstv.net/streams/476893.m3u8, From: subscribe, IPv_Type: ipv6, Location: 美国, ISP: CloudFlare Inc., Date: None, Delay: -1 ms, Speed: 0.00 M/s, Resolution: None
Name: CCTV-9, URL: http://[2409:8087:1a01:df::4077]/ottrrs.hl.chinamobile.com/PLTV/88888888/224/3221225734/index.m3u8, From: subscribe, IPv_Type: ipv6, Location: 中国, ISP: 中国移动, Date: None, Delay: -1 ms, Speed: 0.00 M/s, Resolution: None
Name: CCTV-9, URL: http://[2409:8087:1a01:df::4077]:80/ottrrs.hl.chinamobile.com/TVOD/88888888/224/3221225734/index.m3u8, From: subscribe, IPv_Type: ipv6, Location: 中国, ISP: 中国移动, Date: None, Delay: -1 ms, Speed: 0.00 M/s, Resolution: None
Name: CCTV-9, URL: http://[2409:8087:8:21::18]:6610/otttv.bj.chinamobile.com/PLTV/88888888/224/3221226944/1.m3u8?, From: subscribe, IPv_Type: ipv6, Location: 中国, ISP: 中国移动, Date: None, Delay: -1 ms, Speed: 0.00 M/s, Resolution: None
Name: CCTV-9, URL: http://[2409:8087:1a01:df::4077]/ottrrs.hl.chinamobile.com/PLTV/88888888/8/3221225734/index.m3u8, From: subscribe, IPv_Type: ipv6, Location: 中国, ISP: 中国移动, Date: None, Delay: -1 ms, Speed: 0.00 M/s, Resolution: None
Name: CCTV-9, URL: http://[2409:8087:1a01:df::4077]:80/ottrrs.hl.chinamobile.com/PLTV/88888888/224/3221225734/index.m3u8, From: subscribe, IPv_Type: ipv6, Location: 中国, ISP: 中国移动, Date: None, Delay: -1 ms, Speed: 0.00 M/s, Resolution: None
Name: CCTV-9, URL: http://[2409:8087:1a01:df::4077]/ottrrs.hl.chinamobile.com/yinhe/88888888/224/3221225734/index.m3u8, From: subscribe, IPv_Type: ipv6, Location: 中国, ISP: 中国移动, Date: None, Delay: -1 ms, Speed: 0.00 M/s, Resolution: None
Name: CCTV-9, URL: http://[2409:8087:1a01:df::4077]:80/ottrrs.hl.chinamobile.com/PLTV/88888888/8/3221225734/index.m3u8, From: subscribe, IPv_Type: ipv6, Location: 中国, ISP: 中国移动, Date: None, Delay: -1 ms, Speed: 0.00 M/s, Resolution: None
Name: CCTV-9, URL: https://migu.188766.xyz/?migutoken=df17b6caa83a3527488df3b092e1f959&id=CCTV9&type=yy, From: subscribe, IPv_Type: ipv6, Location: 美国, ISP: CloudFlare Inc., Date: None, Delay: -1 ms, Speed: 0.00 M/s, Resolution: None
Name: CCTV-9, URL: https://migu.188766.xyz/?migutoken=2ca68161ae823be00665db2a76eea016&id=CCTV9&type=yy, From: subscribe, IPv_Type: ipv6, Location: 美国, ISP: CloudFlare Inc., Date: None, Delay: -1 ms, Speed: 0.00 M/s, Resolution: None
Name: CCTV-9, URL: https://migu.188766.xyz/?migutoken=bb734687d3f05c3b676b9134ab55801f&id=CCTV9&type=yy, From: subscribe, IPv_Type: ipv6, Location: 美国, ISP: CloudFlare Inc., Date: None, Delay: -1 ms, Speed: 0.00 M/s, Resolution: None
Name: CCTV-9, URL: https://migu.188766.xyz/?migutoken=c904884d91a06bf74c65bc86ddc35c98&id=CCTV9&type=yy, From: subscribe, IPv_Type: ipv6, Location: 美国, ISP: CloudFlare Inc., Date: None, Delay: -1 ms, Speed: 0.00 M/s, Resolution: None
Name: CCTV-9, URL: https://migu.188766.xyz/?migutoken=9e7c478075020abeeda636a53701a7b1&id=CCTV9&type=yy, From: subscribe, IPv_Type: ipv6, Location: 美国, ISP: CloudFlare Inc., Date: None, Delay: -1 ms, Speed: 0.00 M/s, Resolution: None
Name: CCTV-9, URL: https://migu.188766.xyz/?migutoken=5dea409fe6a7ed74ea95fd56e67c6d3a&id=CCTV9&type=yy, From: subscribe, IPv_Type: ipv6, Location: 美国, ISP: CloudFlare Inc., Date: None, Delay: -1 ms, Speed: 0.00 M/s, Resolution: None
Name: CCTV-9, URL: https://migu.188766.xyz/?migutoken=99adab05483433b9bbf4c1af110760b3&id=CCTV9&type=yy, From: subscribe, IPv_Type: ipv6, Location: 美国, ISP: CloudFlare Inc., Date: None, Delay: -1 ms, Speed: 0.00 M/s, Resolution: None
Name: CCTV-9, URL: https://migu.188766.xyz/?migutoken=fac42ea373b9f84dd39b533438525583&id=CCTV9&type=yy, From: subscribe, IPv_Type: ipv6, Location: 美国, ISP: CloudFlare Inc., Date: None, Delay: -1 ms, Speed: 0.00 M/s, Resolution: None
Name: CCTV-9, URL: https://migu.188766.xyz/?migutoken=d677c38017eac0710844dbcee7e2f3bb&id=CCTV9&type=yy, From: subscribe, IPv_Type: ipv6, Location: 美国, ISP: CloudFlare Inc., Date: None, Delay: -1 ms, Speed: 0.00 M/s, Resolution: None
Name: CCTV-9, URL: https://migu.188766.xyz/?migutoken=5d5c0fbe37e987b7a21e5be4a0f9dccb&id=CCTV9&type=yy, From: subscribe, IPv_Type: ipv6, Location: 美国, ISP: CloudFlare Inc., Date: None, Delay: -1 ms, Speed: 0.00 M/s, Resolution: None
Name: CCTV-9, URL: https://migu.188766.xyz/?migutoken=153de0a033a55c8ceaf6e039979599ef&id=CCTV9&type=yy, From: subscribe, IPv_Type: ipv6, Location: 美国, ISP: CloudFlare Inc., Date: None, Delay: -1 ms, Speed: 0.00 M/s, Resolution: None
Name: CCTV-9, URL: https://migu.188766.xyz/?migutoken=afe2117a10c80d26c9581dd214d56fa9&id=CCTV9&type=yy, From: subscribe, IPv_Type: ipv6, Location: 美国, ISP: CloudFlare Inc., Date: None, Delay: -1 ms, Speed: 0.00 M/s, Resolution: None
Name: CCTV-9, URL: https://migu.188766.xyz/?migutoken=04cd2cc8970d8153f9dad9ecc1d6dd29&id=CCTV9&type=yy, From: subscribe, IPv_Type: ipv6, Location: 美国, ISP: CloudFlare Inc., Date: None, Delay: -1 ms, Speed: 0.00 M/s, Resolution: None
Name: CCTV-9, URL: https://migu.188766.xyz/?migutoken=e7002072abe31eb664ee38b68a1b8664&id=CCTV9&type=yy, From: subscribe, IPv_Type: ipv6, Location: 美国, ISP: CloudFlare Inc., Date: None, Delay: -1 ms, Speed: 0.00 M/s, Resolution: None
Name: CCTV-9, URL: https://migu.188766.xyz/?migutoken=cd95a235a7cfc0765c98efadfcf5b03c&id=CCTV9&type=yy, From: subscribe, IPv_Type: ipv6, Location: 美国, ISP: CloudFlare Inc., Date: None, Delay: -1 ms, Speed: 0.00 M/s, Resolution: None
Name: CCTV-9, URL: https://migu.188766.xyz/?migutoken=379ce64d80e9b2e1cd4c6deae52f24bf&id=CCTV9&type=yy, From: subscribe, IPv_Type: ipv6, Location: 美国, ISP: CloudFlare Inc., Date: None, Delay: -1 ms, Speed: 0.00 M/s, Resolution: None
Name: CCTV-9, URL: https://migu.188766.xyz/?migutoken=50b2ed0172f262453904d5af3a6d4bdb&id=CCTV9&type=yy, From: subscribe, IPv_Type: ipv6, Location: 美国, ISP: CloudFlare Inc., Date: None, Delay: -1 ms, Speed: 0.00 M/s, Resolution: None
Name: CCTV-9, URL: https://migu.188766.xyz/?migutoken=4b4fcf74218d43cc86ab51bb0ca9ac63&id=CCTV9&type=yy, From: subscribe, IPv_Type: ipv6, Location: 美国, ISP: CloudFlare Inc., Date: None, Delay: -1 ms, Speed: 0.00 M/s, Resolution: None
Name: CCTV-9, URL: https://migu.188766.xyz/?migutoken=bf2e9042229fd4c91f53340eb191dd44&id=CCTV9&type=yy, From: subscribe, IPv_Type: ipv6, Location: 美国, ISP: CloudFlare Inc., Date: None, Delay: -1 ms, Speed: 0.00 M/s, Resolution: None
Name: CCTV-9, URL: https://migu.188766.xyz/?migutoken=47fafd9372b3556d8a58e25d7df0c9be&id=CCTV9&type=yy, From: subscribe, IPv_Type: ipv6, Location: 美国, ISP: CloudFlare Inc., Date: None, Delay: -1 ms, Speed: 0.00 M/s, Resolution: None
Name: CCTV-9, URL: https://migu.188766.xyz/?migutoken=ae67bb121c504e33d6a480573cf01c56&id=CCTV9&type=yy, From: subscribe, IPv_Type: ipv6, Location: 美国, ISP: CloudFlare Inc., Date: None, Delay: -1 ms, Speed: 0.00 M/s, Resolution: None
Name: CCTV-9, URL: https://migu.188766.xyz/?migutoken=00d973c3f525481ffb1868ab71fcc370&id=CCTV9&type=yy, From: subscribe, IPv_Type: ipv6, Location: 美国, ISP: CloudFlare Inc., Date: None, Delay: -1 ms, Speed: 0.00 M/s, Resolution: None
Name: CCTV-9, URL: https://migu.188766.xyz/?migutoken=6fe6657a61135652c4fdf43513880faa&id=CCTV9&type=yy, From: subscribe, IPv_Type: ipv6, Location: 美国, ISP: CloudFlare Inc., Date: None, Delay: -1 ms, Speed: 0.00 M/s, Resolution: None
Name: CCTV-9, URL: https://migu.188766.xyz/?migutoken=3ac2cc8bff9ba38b60b1cf6be9cc2cba&id=CCTV9&type=yy, From: subscribe, IPv_Type: ipv6, Location: 美国, ISP: CloudFlare Inc., Date: None, Delay: -1 ms, Speed: 0.00 M/s, Resolution: None
Name: CCTV-9, URL: https://migu.188766.xyz/?migutoken=82c847286a8a13d5aaeb14cef695b662&id=CCTV9&type=yy, From: subscribe, IPv_Type: ipv6, Location: 美国, ISP: CloudFlare Inc., Date: None, Delay: -1 ms, Speed: 0.00 M/s, Resolution: None
Name: CCTV-9, URL: https://migu.188766.xyz/?migutoken=bbbff28daaaff65ddb942d01d5ba1bed&id=CCTV9&type=yy, From: subscribe, IPv_Type: ipv6, Location: 美国, ISP: CloudFlare Inc., Date: None, Delay: -1 ms, Speed: 0.00 M/s, Resolution: None
Name: CCTV-9, URL: https://migu.188766.xyz/?migutoken=1a3e7901821a691e0b0a6f69238673c1&id=CCTV9&type=yy, From: subscribe, IPv_Type: ipv6, Location: 美国, ISP: CloudFlare Inc., Date: None, Delay: -1 ms, Speed: 0.00 M/s, Resolution: None
Name: CCTV-9, URL: http://38.75.136.137:98/gslb/dsdqbv/cctv9hd.m3u8?auth=test20251009, From: subscribe, IPv_Type: ipv4, Location: 美国-伊利诺伊州-库克, ISP: Cogent, Date: None, Delay: 671 ms, Speed: 4.88 M/s, Resolution: 1920x1080
Name: CCTV-9, URL: http://23.237.228.134/live5/CCTV9.m3u8, From: subscribe, IPv_Type: ipv4, Location: 北美地区, ISP: , Date: None, Delay: 583 ms, Speed: 4.05 M/s, Resolution: 1920x1080
Name: CCTV-10, URL: http://z.b.bkpcp.top/m.php?id=CCTV-10科教科教, From: subscribe, IPv_Type: ipv6, Location: 美国, ISP: CloudFlare Inc., Date: None, Delay: -1 ms, Speed: 0.00 M/s, Resolution: None
Name: CCTV-10, URL: http://goo.bkpcp.top/mg/cctv10, From: subscribe, IPv_Type: ipv6, Location: 美国, ISP: CloudFlare Inc., Date: None, Delay: -1 ms, Speed: 0.00 M/s, Resolution: None
Name: CCTV-10, URL: http://iptv.huuc.edu.cn/hls/cctv10hd.m3u8, From: subscribe, IPv_Type: ipv6, Location: 中国, ISP: 教育网, Date: None, Delay: -1 ms, Speed: 0.00 M/s, Resolution: None
Name: CCTV-10, URL: https://zby.130519.xyz/PLTV/11/224/3221225743/index.m3u8, From: subscribe, IPv_Type: ipv6, Location: 美国, ISP: CloudFlare Inc., Date: None, Delay: -1 ms, Speed: 0.00 M/s, Resolution: None
Name: CCTV-10, URL: https://migu.188766.xyz/?migutoken=11910a49b78457d30f49d41977140800&id=CCTV10&type=yy, From: subscribe, IPv_Type: ipv6, Location: 美国, ISP: CloudFlare Inc., Date: None, Delay: -1 ms, Speed: 0.00 M/s, Resolution: None
Name: CCTV-10, URL: https://smart.pendy.dpdns.org/Smart.php?id=cctv10hd, From: subscribe, IPv_Type: ipv6, Location: 美国, ISP: CloudFlare Inc., Date: None, Delay: -1 ms, Speed: 0.00 M/s, Resolution: None
Name: CCTV-10, URL: http://[2409:8087:1a01:df::4077]/ottrrs.hl.chinamobile.com/PLTV/88888888/224/3221225730/index.m3u8, From: subscribe, IPv_Type: ipv6, Location: 中国, ISP: 中国移动, Date: None, Delay: -1 ms, Speed: 0.00 M/s, Resolution: None
Name: CCTV-10, URL: http://[2409:8087:8:21::18]:6610/otttv.bj.chinamobile.com/PLTV/88888888/224/3221226937/1.m3u8?, From: subscribe, IPv_Type: ipv6, Location: 中国, ISP: 中国移动, Date: None, Delay: -1 ms, Speed: 0.00 M/s, Resolution: None
Name: CCTV-10, URL: http://[2409:8087:1a01:df::4077]/ottrrs.hl.chinamobile.com/PLTV/88888888/8/3221225730/index.m3u8, From: subscribe, IPv_Type: ipv6, Location: 中国, ISP: 中国移动, Date: None, Delay: -1 ms, Speed: 0.00 M/s, Resolution: None
Name: CCTV-10, URL: https://www.freetv.top/migu/624878405.m3u8?migutoken=e7e8abe9ae322869a93e8450014e08c5949217331c53007abb9f6eee64b06cc42f81828befee8b129005bcdebf805a1bbd19f0949e8329cf7ff4ab9379e930cfb8185ddf66c83b972ea6481e86, From: subscribe, IPv_Type: ipv6, Location: 美国-加利福尼亚州-圣克拉拉, ISP: DigitalOcean, Date: None, Delay: -1 ms, Speed: 0.00 M/s, Resolution: None
Name: CCTV-10, URL: https://migu.188766.xyz/?migutoken=52db7d2641e1ede637b63c25ef599ee7&id=CCTV10&type=yy, From: subscribe, IPv_Type: ipv6, Location: 美国, ISP: CloudFlare Inc., Date: None, Delay: -1 ms, Speed: 0.00 M/s, Resolution: None
Name: CCTV-10, URL: https://migu.188766.xyz/?migutoken=7b9a1e4a315ef06b5f8b77eff7f1a210&id=CCTV10&type=yy, From: subscribe, IPv_Type: ipv6, Location: 美国, ISP: CloudFlare Inc., Date: None, Delay: -1 ms, Speed: 0.00 M/s, Resolution: None
Name: CCTV-10, URL: https://iptv.catvod.com/live.php?id=CCTV-10, From: subscribe, IPv_Type: ipv6, Location: 美国, ISP: CloudFlare Inc., Date: None, Delay: -1 ms, Speed: 0.00 M/s, Resolution: None
Name: CCTV-10, URL: https://migu.188766.xyz/?migutoken=8d7cddb1121e89ac9b800115cf57e745&id=CCTV10&type=yy, From: subscribe, IPv_Type: ipv6, Location: 美国, ISP: CloudFlare Inc., Date: None, Delay: -1 ms, Speed: 0.00 M/s, Resolution: None
Name: CCTV-10, URL: https://migu.188766.xyz/?migutoken=447ce6aad45b5a4b595b811421dbdeb3&id=CCTV10&type=yy, From: subscribe, IPv_Type: ipv6, Location: 美国, ISP: CloudFlare Inc., Date: None, Delay: -1 ms, Speed: 0.00 M/s, Resolution: None
Name: CCTV-10, URL: https://migu.188766.xyz/?migutoken=c996e39b9e3ea44b0fe33fdcececf16f&id=CCTV10&type=yy, From: subscribe, IPv_Type: ipv6, Location: 美国, ISP: CloudFlare Inc., Date: None, Delay: -1 ms, Speed: 0.00 M/s, Resolution: None
Name: CCTV-10, URL: https://migu.188766.xyz/?migutoken=5e5b009b11332982ae52a6914cae6a2b&id=CCTV10&type=yy, From: subscribe, IPv_Type: ipv6, Location: 美国, ISP: CloudFlare Inc., Date: None, Delay: -1 ms, Speed: 0.00 M/s, Resolution: None
Name: CCTV-10, URL: https://migu.188766.xyz/?migutoken=c1bf3b4f3a84441b01cb5908dc27819d&id=CCTV10&type=yy, From: subscribe, IPv_Type: ipv6, Location: 美国, ISP: CloudFlare Inc., Date: None, Delay: -1 ms, Speed: 0.00 M/s, Resolution: None
Name: CCTV-10, URL: https://migu.188766.xyz/?migutoken=a3b126baa1404c962561e26e7573d92c&id=CCTV10&type=yy, From: subscribe, IPv_Type: ipv6, Location: 美国, ISP: CloudFlare Inc., Date: None, Delay: -1 ms, Speed: 0.00 M/s, Resolution: None
Name: CCTV-10, URL: https://migu.188766.xyz/?migutoken=63aea3ad21bad2e478f88a1ff78cfcff&id=CCTV10&type=yy, From: subscribe, IPv_Type: ipv6, Location: 美国, ISP: CloudFlare Inc., Date: None, Delay: -1 ms, Speed: 0.00 M/s, Resolution: None
Name: CCTV-10, URL: https://migu.188766.xyz/?migutoken=a18a479b60a85b83a6d48f84304ae093&id=CCTV10&type=yy, From: subscribe, IPv_Type: ipv6, Location: 美国, ISP: CloudFlare Inc., Date: None, Delay: -1 ms, Speed: 0.00 M/s, Resolution: None
Name: CCTV-10, URL: https://migu.188766.xyz/?migutoken=06c9d1a309a7a6071ceae95f0cf2d729&id=CCTV10&type=yy, From: subscribe, IPv_Type: ipv6, Location: 美国, ISP: CloudFlare Inc., Date: None, Delay: -1 ms, Speed: 0.00 M/s, Resolution: None
Name: CCTV-10, URL: https://migu.188766.xyz/?migutoken=280988fa45eb264870fe9a9cd50095fc&id=CCTV10&type=yy, From: subscribe, IPv_Type: ipv6, Location: 美国, ISP: CloudFlare Inc., Date: None, Delay: -1 ms, Speed: 0.00 M/s, Resolution: None
Name: CCTV-10, URL: https://migu.188766.xyz/?migutoken=379fe12e911d1daf514a399b38e6d944&id=CCTV10&type=yy, From: subscribe, IPv_Type: ipv6, Location: 美国, ISP: CloudFlare Inc., Date: None, Delay: -1 ms, Speed: 0.00 M/s, Resolution: None
Name: CCTV-10, URL: https://migu.188766.xyz/?migutoken=768a97c80f07aa03ed0b1bc74eac2054&id=CCTV10&type=yy, From: subscribe, IPv_Type: ipv6, Location: 美国, ISP: CloudFlare Inc., Date: None, Delay: -1 ms, Speed: 0.00 M/s, Resolution: None
Name: CCTV-10, URL: https://migu.188766.xyz/?migutoken=f7f06ac0278e183b637ae0e09e333cd4&id=CCTV10&type=yy, From: subscribe, IPv_Type: ipv6, Location: 美国, ISP: CloudFlare Inc., Date: None, Delay: -1 ms, Speed: 0.00 M/s, Resolution: None
Name: CCTV-10, URL: https://migu.188766.xyz/?migutoken=f8c5c12f585af3734c649c321310f165&id=CCTV10&type=yy, From: subscribe, IPv_Type: ipv6, Location: 美国, ISP: CloudFlare Inc., Date: None, Delay: -1 ms, Speed: 0.00 M/s, Resolution: None
Name: CCTV-10, URL: https://migu.188766.xyz/?migutoken=8c17679bda5d654613c2e5ae8f557dbb&id=CCTV10&type=yy, From: subscribe, IPv_Type: ipv6, Location: 美国, ISP: CloudFlare Inc., Date: None, Delay: -1 ms, Speed: 0.00 M/s, Resolution: None
Name: CCTV-10, URL: https://migu.188766.xyz/?migutoken=5eedc9428baa23e15b81a25555cc4ce6&id=CCTV10&type=yy, From: subscribe, IPv_Type: ipv6, Location: 美国, ISP: CloudFlare Inc., Date: None, Delay: -1 ms, Speed: 0.00 M/s, Resolution: None
Name: CCTV-10, URL: https://migu.188766.xyz/?migutoken=2c67a406171df650854d4f4b2e513d22&id=CCTV10&type=yy, From: subscribe, IPv_Type: ipv6, Location: 美国, ISP: CloudFlare Inc., Date: None, Delay: -1 ms, Speed: 0.00 M/s, Resolution: None
Name: CCTV-10, URL: https://migu.188766.xyz/?migutoken=d10e415fc917d35df1fa251d00a8d4b9&id=CCTV10&type=yy, From: subscribe, IPv_Type: ipv6, Location: 美国, ISP: CloudFlare Inc., Date: None, Delay: -1 ms, Speed: 0.00 M/s, Resolution: None
Name: CCTV-10, URL: https://migu.188766.xyz/?migutoken=77682c897c2a39311f9cc175a532dacb&id=CCTV10&type=yy, From: subscribe, IPv_Type: ipv6, Location: 美国, ISP: CloudFlare Inc., Date: None, Delay: -1 ms, Speed: 0.00 M/s, Resolution: None
Name: CCTV-10, URL: https://migu.188766.xyz/?migutoken=e8e3fabf12713820b7433174548f288f&id=CCTV10&type=yy, From: subscribe, IPv_Type: ipv6, Location: 美国, ISP: CloudFlare Inc., Date: None, Delay: -1 ms, Speed: 0.00 M/s, Resolution: None
Name: CCTV-10, URL: https://migu.188766.xyz/?migutoken=3e171fc1f8d092c799e1556eafd6daca&id=CCTV10&type=yy, From: subscribe, IPv_Type: ipv6, Location: 美国, ISP: CloudFlare Inc., Date: None, Delay: -1 ms, Speed: 0.00 M/s, Resolution: None
Name: CCTV-10, URL: https://migu.188766.xyz/?migutoken=b55466cfda87238a14c01253a415529a&id=CCTV10&type=yy, From: subscribe, IPv_Type: ipv6, Location: 美国, ISP: CloudFlare Inc., Date: None, Delay: -1 ms, Speed: 0.00 M/s, Resolution: None
Name: CCTV-10, URL: https://migu.188766.xyz/?migutoken=8c000c282439f84b9c8d70f70461f3b9&id=CCTV10&type=yy, From: subscribe, IPv_Type: ipv6, Location: 美国, ISP: CloudFlare Inc., Date: None, Delay: -1 ms, Speed: 0.00 M/s, Resolution: None
Name: CCTV-10, URL: https://migu.188766.xyz/?migutoken=932c6be8bc52299701f04b2bd6e1a7ef&id=CCTV10&type=yy, From: subscribe, IPv_Type: ipv6, Location: 美国, ISP: CloudFlare Inc., Date: None, Delay: -1 ms, Speed: 0.00 M/s, Resolution: None
Name: CCTV-10, URL: https://migu.188766.xyz/?migutoken=34b6b5dfb6c9cad3bc0fb8f8527edcc2&id=CCTV10&type=yy, From: subscribe, IPv_Type: ipv6, Location: 美国, ISP: CloudFlare Inc., Date: None, Delay: -1 ms, Speed: 0.00 M/s, Resolution: None
Name: CCTV-10, URL: http://23.237.228.134/live5/CCTV10.m3u8, From: subscribe, IPv_Type: ipv4, Location: 北美地区, ISP: , Date: None, Delay: 598 ms, Speed: 4.57 M/s, Resolution: 1920x1080
Name: CCTV-10, URL: http://38.75.136.137:98/gslb/dsdqbv/cctv10hd.m3u8?auth=test20251009, From: subscribe, IPv_Type: ipv4, Location: 美国-伊利诺伊州-库克, ISP: Cogent, Date: None, Delay: 753 ms, Speed: 4.53 M/s, Resolution: 1920x1080
Name: CCTV-10, URL: http://38.75.136.137:98/gslb/dsdqpub/cctv10hd.m3u8?auth=testpub, From: subscribe, IPv_Type: ipv4, Location: 美国-伊利诺伊州-库克, ISP: Cogent, Date: None, Delay: 314 ms, Speed: 3.37 M/s, Resolution: 1920x1080
Name: CCTV-11, URL: http://php.jdshipin.com/TVOD/hljyd.php?id=3221226565, From: subscribe, IPv_Type: ipv6, Location: 美国, ISP: CloudFlare Inc., Date: None, Delay: -1 ms, Speed: 0.00 M/s, Resolution: None
Name: CCTV-11, URL: http://iptv.huuc.edu.cn/hls/cctv11hd.m3u8, From: subscribe, IPv_Type: ipv6, Location: 中国, ISP: 教育网, Date: None, Delay: -1 ms, Speed: 0.00 M/s, Resolution: None
Name: CCTV-11, URL: https://zby.130519.xyz/PLTV/11/224/3221226101/index.m3u8, From: subscribe, IPv_Type: ipv6, Location: 美国, ISP: CloudFlare Inc., Date: None, Delay: -1 ms, Speed: 0.00 M/s, Resolution: None
Name: CCTV-11, URL: https://migu.188766.xyz/?migutoken=6c3757274a2f75c78e4738243726a6a1&id=CCTV11&type=yy, From: subscribe, IPv_Type: ipv6, Location: 美国, ISP: CloudFlare Inc., Date: None, Delay: -1 ms, Speed: 0.00 M/s, Resolution: None
Name: CCTV-11, URL: https://iptv.catvod.com/live.php?id=CCTV-11, From: subscribe, IPv_Type: ipv6, Location: 美国, ISP: CloudFlare Inc., Date: None, Delay: -1 ms, Speed: 0.00 M/s, Resolution: None
Name: CCTV-11, URL: http://[2409:8087:1a01:df::4077]/ottrrs.hl.chinamobile.com/PLTV/88888888/224/3221225597/index.m3u8, From: subscribe, IPv_Type: ipv6, Location: 中国, ISP: 中国移动, Date: None, Delay: -1 ms, Speed: 0.00 M/s, Resolution: None
Name: CCTV-11, URL: http://[2409:8087:8:21::18]:6610/otttv.bj.chinamobile.com/PLTV/88888888/224/3221226334/1.m3u8?, From: subscribe, IPv_Type: ipv6, Location: 中国, ISP: 中国移动, Date: None, Delay: -1 ms, Speed: 0.00 M/s, Resolution: None
Name: CCTV-11, URL: http://[2409:8087:1a01:df::4077]/ottrrs.hl.chinamobile.com/PLTV/88888888/8/3221225597/index.m3u8, From: subscribe, IPv_Type: ipv6, Location: 中国, ISP: 中国移动, Date: None, Delay: -1 ms, Speed: 0.00 M/s, Resolution: None
Name: CCTV-11, URL: http://[2409:8087:1a01:df::4077]:80/ottrrs.hl.chinamobile.com/yinhe/88888888/224/3221225597/index.m3u8, From: subscribe, IPv_Type: ipv6, Location: 中国, ISP: 中国移动, Date: None, Delay: -1 ms, Speed: 0.00 M/s, Resolution: None
Name: CCTV-11, URL: http://[2409:8087:1a01:df::4077]/ottrrs.hl.chinamobile.com/yinhe/88888888/224/3221225597/index.m3u8, From: subscribe, IPv_Type: ipv6, Location: 中国, ISP: 中国移动, Date: None, Delay: -1 ms, Speed: 0.00 M/s, Resolution: None
Name: CCTV-11, URL: http://[2409:8087:1a01:df::4077]:80/ottrrs.hl.chinamobile.com/PLTV/88888888/8/3221225597/index.m3u8, From: subscribe, IPv_Type: ipv6, Location: 中国, ISP: 中国移动, Date: None, Delay: -1 ms, Speed: 0.00 M/s, Resolution: None
Name: CCTV-11, URL: http://[2409:8087:1a01:df::4077]:80/ottrrs.hl.chinamobile.com/PLTV/88888888/224/3221225597/index.m3u8, From: subscribe, IPv_Type: ipv6, Location: 中国, ISP: 中国移动, Date: None, Delay: -1 ms, Speed: 0.00 M/s, Resolution: None
Name: CCTV-11, URL: https://migu.188766.xyz/?migutoken=45ff78d9262d7a8917b78b88be921b98&id=CCTV11&type=yy, From: subscribe, IPv_Type: ipv6, Location: 美国, ISP: CloudFlare Inc., Date: None, Delay: -1 ms, Speed: 0.00 M/s, Resolution: None
Name: CCTV-11, URL: https://migu.188766.xyz/?migutoken=1b8adfdeda344c5703c2054fc613060d&id=CCTV11&type=yy, From: subscribe, IPv_Type: ipv6, Location: 美国, ISP: CloudFlare Inc., Date: None, Delay: -1 ms, Speed: 0.00 M/s, Resolution: None
Name: CCTV-11, URL: https://migu.188766.xyz/?migutoken=aa814646836aa9633c2e7532578aa2d9&id=CCTV11&type=yy, From: subscribe, IPv_Type: ipv6, Location: 美国, ISP: CloudFlare Inc., Date: None, Delay: -1 ms, Speed: 0.00 M/s, Resolution: None
Name: CCTV-11, URL: https://migu.188766.xyz/?migutoken=cdea265e52ed1e6cf2c80f7a4b4a50a6&id=CCTV11&type=yy, From: subscribe, IPv_Type: ipv6, Location: 美国, ISP: CloudFlare Inc., Date: None, Delay: -1 ms, Speed: 0.00 M/s, Resolution: None
Name: CCTV-11, URL: https://migu.188766.xyz/?migutoken=b6ba945fd23509773bc822b18852fed6&id=CCTV11&type=yy, From: subscribe, IPv_Type: ipv6, Location: 美国, ISP: CloudFlare Inc., Date: None, Delay: -1 ms, Speed: 0.00 M/s, Resolution: None
Name: CCTV-11, URL: https://migu.188766.xyz/?migutoken=914830b2abd9bcfb0efb870877925d0c&id=CCTV11&type=yy, From: subscribe, IPv_Type: ipv6, Location: 美国, ISP: CloudFlare Inc., Date: None, Delay: -1 ms, Speed: 0.00 M/s, Resolution: None
Name: CCTV-11, URL: https://migu.188766.xyz/?migutoken=adf985ee23b98a42ef9d96f9e0f06765&id=CCTV11&type=yy, From: subscribe, IPv_Type: ipv6, Location: 美国, ISP: CloudFlare Inc., Date: None, Delay: -1 ms, Speed: 0.00 M/s, Resolution: None
Name: CCTV-11, URL: https://migu.188766.xyz/?migutoken=b7de758c618b823614e998dc8962fad0&id=CCTV11&type=yy, From: subscribe, IPv_Type: ipv6, Location: 美国, ISP: CloudFlare Inc., Date: None, Delay: -1 ms, Speed: 0.00 M/s, Resolution: None
Name: CCTV-11, URL: https://migu.188766.xyz/?migutoken=76f60a268ee95af412b067e1a7424db4&id=CCTV11&type=yy, From: subscribe, IPv_Type: ipv6, Location: 美国, ISP: CloudFlare Inc., Date: None, Delay: -1 ms, Speed: 0.00 M/s, Resolution: None
Name: CCTV-11, URL: https://migu.188766.xyz/?migutoken=cf74138b7c9c7d4f9e75c54946611604&id=CCTV11&type=yy, From: subscribe, IPv_Type: ipv6, Location: 美国, ISP: CloudFlare Inc., Date: None, Delay: -1 ms, Speed: 0.00 M/s, Resolution: None
Name: CCTV-11, URL: https://migu.188766.xyz/?migutoken=24c2694489732396bcd1cf77af4615ad&id=CCTV11&type=yy, From: subscribe, IPv_Type: ipv6, Location: 美国, ISP: CloudFlare Inc., Date: None, Delay: -1 ms, Speed: 0.00 M/s, Resolution: None
Name: CCTV-11, URL: https://iptv.catvod.com/live.php?id=CCTV11, From: subscribe, IPv_Type: ipv6, Location: 美国, ISP: CloudFlare Inc., Date: None, Delay: -1 ms, Speed: 0.00 M/s, Resolution: None
Name: CCTV-11, URL: https://migu.188766.xyz/?migutoken=24eb749cd35f826873690586e3fd08cd&id=CCTV11&type=yy, From: subscribe, IPv_Type: ipv6, Location: 美国, ISP: CloudFlare Inc., Date: None, Delay: -1 ms, Speed: 0.00 M/s, Resolution: None
Name: CCTV-11, URL: https://migu.188766.xyz/?migutoken=6fc332702b7a97bf5df028f00c0477fa&id=CCTV11&type=yy, From: subscribe, IPv_Type: ipv6, Location: 美国, ISP: CloudFlare Inc., Date: None, Delay: -1 ms, Speed: 0.00 M/s, Resolution: None
Name: CCTV-11, URL: https://migu.188766.xyz/?migutoken=03cfeeebedb7b45955201657de7b0c4d&id=CCTV11&type=yy, From: subscribe, IPv_Type: ipv6, Location: 美国, ISP: CloudFlare Inc., Date: None, Delay: -1 ms, Speed: 0.00 M/s, Resolution: None
Name: CCTV-11, URL: https://migu.188766.xyz/?migutoken=9e855aa78c58762ee308d0cf072f7834&id=CCTV11&type=yy, From: subscribe, IPv_Type: ipv6, Location: 美国, ISP: CloudFlare Inc., Date: None, Delay: -1 ms, Speed: 0.00 M/s, Resolution: None
Name: CCTV-11, URL: https://migu.188766.xyz/?migutoken=50679bf783d9523c4b1a1905e6ecef93&id=CCTV11&type=yy, From: subscribe, IPv_Type: ipv6, Location: 美国, ISP: CloudFlare Inc., Date: None, Delay: -1 ms, Speed: 0.00 M/s, Resolution: None
Name: CCTV-11, URL: https://migu.188766.xyz/?migutoken=ab09cf2618eca846d6910de0b30f046b&id=CCTV11&type=yy, From: subscribe, IPv_Type: ipv6, Location: 美国, ISP: CloudFlare Inc., Date: None, Delay: -1 ms, Speed: 0.00 M/s, Resolution: None
Name: CCTV-11, URL: https://migu.188766.xyz/?migutoken=e354b612ae8e2c45414dd1ddea5b96a9&id=CCTV11&type=yy, From: subscribe, IPv_Type: ipv6, Location: 美国, ISP: CloudFlare Inc., Date: None, Delay: -1 ms, Speed: 0.00 M/s, Resolution: None
Name: CCTV-11, URL: https://migu.188766.xyz/?migutoken=85558585b8c6f941aeca3d9658879c27&id=CCTV11&type=yy, From: subscribe, IPv_Type: ipv6, Location: 美国, ISP: CloudFlare Inc., Date: None, Delay: -1 ms, Speed: 0.00 M/s, Resolution: None
Name: CCTV-11, URL: https://migu.188766.xyz/?migutoken=a2cae1b13b6576a605a6d9819abde0fe&id=CCTV11&type=yy, From: subscribe, IPv_Type: ipv6, Location: 美国, ISP: CloudFlare Inc., Date: None, Delay: -1 ms, Speed: 0.00 M/s, Resolution: None
Name: CCTV-11, URL: https://migu.188766.xyz/?migutoken=31c8f62ab810c9c313ab51b7c792ebfa&id=CCTV11&type=yy, From: subscribe, IPv_Type: ipv6, Location: 美国, ISP: CloudFlare Inc., Date: None, Delay: -1 ms, Speed: 0.00 M/s, Resolution: None
Name: CCTV-11, URL: https://migu.188766.xyz/?migutoken=5e31341478191c2ce7c40f110ff256ae&id=CCTV11&type=yy, From: subscribe, IPv_Type: ipv6, Location: 美国, ISP: CloudFlare Inc., Date: None, Delay: -1 ms, Speed: 0.00 M/s, Resolution: None
Name: CCTV-11, URL: https://migu.188766.xyz/?migutoken=02f32d73f19cb7aa3b1d908ad84aff10&id=CCTV11&type=yy, From: subscribe, IPv_Type: ipv6, Location: 美国, ISP: CloudFlare Inc., Date: None, Delay: -1 ms, Speed: 0.00 M/s, Resolution: None
Name: CCTV-11, URL: https://migu.188766.xyz/?migutoken=92624fe65d197b415ee9cbdaa1eb9a86&id=CCTV11&type=yy, From: subscribe, IPv_Type: ipv6, Location: 美国, ISP: CloudFlare Inc., Date: None, Delay: -1 ms, Speed: 0.00 M/s, Resolution: None
Name: CCTV-11, URL: https://migu.188766.xyz/?migutoken=24305dea1bb29f2f635a98d44fe8af4e&id=CCTV11&type=yy, From: subscribe, IPv_Type: ipv6, Location: 美国, ISP: CloudFlare Inc., Date: None, Delay: -1 ms, Speed: 0.00 M/s, Resolution: None
Name: CCTV-11, URL: https://migu.188766.xyz/?migutoken=b7864809be33bab66196ebcea2ff71e0&id=CCTV11&type=yy, From: subscribe, IPv_Type: ipv6, Location: 美国, ISP: CloudFlare Inc., Date: None, Delay: -1 ms, Speed: 0.00 M/s, Resolution: None
Name: CCTV-11, URL: https://migu.188766.xyz/?migutoken=5ef811c5df419f6585837747baf60c1d&id=CCTV11&type=yy, From: subscribe, IPv_Type: ipv6, Location: 美国, ISP: CloudFlare Inc., Date: None, Delay: -1 ms, Speed: 0.00 M/s, Resolution: None
Name: CCTV-11, URL: http://38.75.136.137:98/gslb/dsdqbv/cctv11hd.m3u8?auth=test20251009, From: subscribe, IPv_Type: ipv4, Location: 美国-伊利诺伊州-库克, ISP: Cogent, Date: None, Delay: 703 ms, Speed: 7.25 M/s, Resolution: 1920x1080
Name: CCTV-11, URL: http://38.75.136.137:98/gslb/dsdqpub/cctv11hd.m3u8?auth=testpub, From: subscribe, IPv_Type: ipv4, Location: 美国-伊利诺伊州-库克, ISP: Cogent, Date: None, Delay: 335 ms, Speed: 4.89 M/s, Resolution: 1920x1080
Name: CCTV-12, URL: http://php.jdshipin.com/TVOD/hljyd.php?id=3221225731, From: subscribe, IPv_Type: ipv6, Location: 美国, ISP: CloudFlare Inc., Date: None, Delay: -1 ms, Speed: 0.00 M/s, Resolution: None
Name: CCTV-12, URL: http://z.b.bkpcp.top/m.php?id=CCTV-12社会与法社会与法, From: subscribe, IPv_Type: ipv6, Location: 美国, ISP: CloudFlare Inc., Date: None, Delay: -1 ms, Speed: 0.00 M/s, Resolution: None
Name: CCTV-12, URL: http://iptv.huuc.edu.cn/hls/cctv12hd.m3u8, From: subscribe, IPv_Type: ipv6, Location: 中国, ISP: 教育网, Date: None, Delay: -1 ms, Speed: 0.00 M/s, Resolution: None
Name: CCTV-12, URL: https://zby.130519.xyz/PLTV/11/224/3221226103/index.m3u8, From: subscribe, IPv_Type: ipv6, Location: 美国, ISP: CloudFlare Inc., Date: None, Delay: -1 ms, Speed: 0.00 M/s, Resolution: None
Name: CCTV-12, URL: https://migu.188766.xyz/?migutoken=61900f31e352fac81a8065df04ba61ee&id=CCTV12&type=yy, From: subscribe, IPv_Type: ipv6, Location: 美国, ISP: CloudFlare Inc., Date: None, Delay: -1 ms, Speed: 0.00 M/s, Resolution: None
Name: CCTV-12, URL: https://iptv.catvod.com/live.php?id=CCTV12, From: subscribe, IPv_Type: ipv6, Location: 美国, ISP: CloudFlare Inc., Date: None, Delay: -1 ms, Speed: 0.00 M/s, Resolution: None
Name: CCTV-12, URL: https://iptv.catvod.com/live.php?id=CCTV-12, From: subscribe, IPv_Type: ipv6, Location: 美国, ISP: CloudFlare Inc., Date: None, Delay: -1 ms, Speed: 0.00 M/s, Resolution: None
Name: CCTV-12, URL: https://smart.pendy.dpdns.org/Smart.php?id=cctv12, From: subscribe, IPv_Type: ipv6, Location: 美国, ISP: CloudFlare Inc., Date: None, Delay: -1 ms, Speed: 0.00 M/s, Resolution: None
Name: CCTV-12, URL: http://[2409:8087:1a01:df::4077]/ottrrs.hl.chinamobile.com/PLTV/88888888/224/3221225731/index.m3u8, From: subscribe, IPv_Type: ipv6, Location: 中国, ISP: 中国移动, Date: None, Delay: -1 ms, Speed: 0.00 M/s, Resolution: None
Name: CCTV-12, URL: http://[2409:8087:1a01:df::4077]:80/ottrrs.hl.chinamobile.com/TVOD/88888888/224/3221225731/index.m3u8, From: subscribe, IPv_Type: ipv6, Location: 中国, ISP: 中国移动, Date: None, Delay: -1 ms, Speed: 0.00 M/s, Resolution: None
Name: CCTV-12, URL: http://[2409:8087:8:21::18]:6610/otttv.bj.chinamobile.com/PLTV/88888888/224/3221226942/1.m3u8?, From: subscribe, IPv_Type: ipv6, Location: 中国, ISP: 中国移动, Date: None, Delay: -1 ms, Speed: 0.00 M/s, Resolution: None
Name: CCTV-12, URL: http://[2409:8087:1a01:df::4077]/ottrrs.hl.chinamobile.com/PLTV/88888888/8/3221225731/index.m3u8, From: subscribe, IPv_Type: ipv6, Location: 中国, ISP: 中国移动, Date: None, Delay: -1 ms, Speed: 0.00 M/s, Resolution: None
Name: CCTV-12, URL: http://[2409:8087:1a01:df::4077]:80/ottrrs.hl.chinamobile.com/PLTV/88888888/224/3221225731/index.m3u8, From: subscribe, IPv_Type: ipv6, Location: 中国, ISP: 中国移动, Date: None, Delay: -1 ms, Speed: 0.00 M/s, Resolution: None
Name: CCTV-12, URL: https://www.freetv.top/migu/673168185.m3u8?migutoken=37acadb43b1d7932b0a1e8a4f2d01a06b42a10c31f3ccb417bae200ac3028f30a8110509f2cd6cd130aee4b21c85693aa49817f3381e4d28e140d8db1a20b6fecea22fec17a70ff1341efe6081, From: subscribe, IPv_Type: ipv6, Location: 美国-加利福尼亚州-圣克拉拉, ISP: DigitalOcean, Date: None, Delay: -1 ms, Speed: 0.00 M/s, Resolution: None
Name: CCTV-12, URL: https://migu.188766.xyz/?migutoken=fb042a07852e2ec23b4c15cfb5b93006&id=CCTV12&type=yy, From: subscribe, IPv_Type: ipv6, Location: 美国, ISP: CloudFlare Inc., Date: None, Delay: -1 ms, Speed: 0.00 M/s, Resolution: None
Name: CCTV-12, URL: https://migu.188766.xyz/?migutoken=8f2ed6528837227bdc8b9ea41c1f3e45&id=CCTV12&type=yy, From: subscribe, IPv_Type: ipv6, Location: 美国, ISP: CloudFlare Inc., Date: None, Delay: -1 ms, Speed: 0.00 M/s, Resolution: None
Name: CCTV-12, URL: https://migu.188766.xyz/?migutoken=98bf27ff9055ac9e7f9a0c4ce0e092c5&id=CCTV12&type=yy, From: subscribe, IPv_Type: ipv6, Location: 美国, ISP: CloudFlare Inc., Date: None, Delay: -1 ms, Speed: 0.00 M/s, Resolution: None
Name: CCTV-12, URL: https://migu.188766.xyz/?migutoken=9d8249bd149d9668de0c61b64b1cedd4&id=CCTV12&type=yy, From: subscribe, IPv_Type: ipv6, Location: 美国, ISP: CloudFlare Inc., Date: None, Delay: -1 ms, Speed: 0.00 M/s, Resolution: None
Name: CCTV-12, URL: https://migu.188766.xyz/?migutoken=3f03d8221d9110f65a16a00850a496b4&id=CCTV12&type=yy, From: subscribe, IPv_Type: ipv6, Location: 美国, ISP: CloudFlare Inc., Date: None, Delay: -1 ms, Speed: 0.00 M/s, Resolution: None
Name: CCTV-12, URL: https://migu.188766.xyz/?migutoken=fd2e609a12d54ecab5ce0398e8f9728c&id=CCTV12&type=yy, From: subscribe, IPv_Type: ipv6, Location: 美国, ISP: CloudFlare Inc., Date: None, Delay: -1 ms, Speed: 0.00 M/s, Resolution: None
Name: CCTV-12, URL: https://migu.188766.xyz/?migutoken=e7b1306afa819c3a6b880e624ca50cdf&id=CCTV12&type=yy, From: subscribe, IPv_Type: ipv6, Location: 美国, ISP: CloudFlare Inc., Date: None, Delay: -1 ms, Speed: 0.00 M/s, Resolution: None
Name: CCTV-12, URL: https://migu.188766.xyz/?migutoken=f32d8ab4a5cf1c4550b6c6972ca6a17a&id=CCTV12&type=yy, From: subscribe, IPv_Type: ipv6, Location: 美国, ISP: CloudFlare Inc., Date: None, Delay: -1 ms, Speed: 0.00 M/s, Resolution: None
Name: CCTV-12, URL: https://migu.188766.xyz/?migutoken=cb9b97258ece52ca4d2d5780f6ca25ab&id=CCTV12&type=yy, From: subscribe, IPv_Type: ipv6, Location: 美国, ISP: CloudFlare Inc., Date: None, Delay: -1 ms, Speed: 0.00 M/s, Resolution: None
Name: CCTV-12, URL: https://migu.188766.xyz/?migutoken=dad8424fa9e7b8f4817f5128ef909332&id=CCTV12&type=yy, From: subscribe, IPv_Type: ipv6, Location: 美国, ISP: CloudFlare Inc., Date: None, Delay: -1 ms, Speed: 0.00 M/s, Resolution: None
Name: CCTV-12, URL: https://epg.pw/stream/aedb71e61961cd2a5a5b9a8a83b8ae489c9408e6b420593aecb92cc36de628fe.m3u8, From: subscribe, IPv_Type: ipv6, Location: 美国, ISP: CloudFlare Inc., Date: None, Delay: -1 ms, Speed: 0.00 M/s, Resolution: None
Name: CCTV-12, URL: https://migu.188766.xyz/?migutoken=831d78c8af18a52d813d65bb0c05f3a5&id=CCTV12&type=yy, From: subscribe, IPv_Type: ipv6, Location: 美国, ISP: CloudFlare Inc., Date: None, Delay: -1 ms, Speed: 0.00 M/s, Resolution: None
Name: CCTV-12, URL: https://migu.188766.xyz/?migutoken=c11fe08d31a6f35e486517ef74554777&id=CCTV12&type=yy, From: subscribe, IPv_Type: ipv6, Location: 美国, ISP: CloudFlare Inc., Date: None, Delay: -1 ms, Speed: 0.00 M/s, Resolution: None
Name: CCTV-12, URL: https://migu.188766.xyz/?migutoken=498fc6fc181d22e9493235bd7c184bb7&id=CCTV12&type=yy, From: subscribe, IPv_Type: ipv6, Location: 美国, ISP: CloudFlare Inc., Date: None, Delay: -1 ms, Speed: 0.00 M/s, Resolution: None
Name: CCTV-12, URL: https://migu.188766.xyz/?migutoken=9454a7a5ed346e1cfa4b53c94f109511&id=CCTV12&type=yy, From: subscribe, IPv_Type: ipv6, Location: 美国, ISP: CloudFlare Inc., Date: None, Delay: -1 ms, Speed: 0.00 M/s, Resolution: None
Name: CCTV-12, URL: https://migu.188766.xyz/?migutoken=e14fa597810ee456ad130d32e0fb386f&id=CCTV12&type=yy, From: subscribe, IPv_Type: ipv6, Location: 美国, ISP: CloudFlare Inc., Date: None, Delay: -1 ms, Speed: 0.00 M/s, Resolution: None
Name: CCTV-12, URL: https://migu.188766.xyz/?migutoken=eedba1a801a8a33de72bce787319ccd3&id=CCTV12&type=yy, From: subscribe, IPv_Type: ipv6, Location: 美国, ISP: CloudFlare Inc., Date: None, Delay: -1 ms, Speed: 0.00 M/s, Resolution: None
Name: CCTV-12, URL: https://migu.188766.xyz/?migutoken=df573f2b549db76c79da2e8ccd852d8b&id=CCTV12&type=yy, From: subscribe, IPv_Type: ipv6, Location: 美国, ISP: CloudFlare Inc., Date: None, Delay: -1 ms, Speed: 0.00 M/s, Resolution: None
Name: CCTV-12, URL: https://migu.188766.xyz/?migutoken=0b444f6d540139ccad8718158e6d4796&id=CCTV12&type=yy, From: subscribe, IPv_Type: ipv6, Location: 美国, ISP: CloudFlare Inc., Date: None, Delay: -1 ms, Speed: 0.00 M/s, Resolution: None
Name: CCTV-12, URL: https://migu.188766.xyz/?migutoken=a3f1b6f76f454bf32da3b6ce1abd07dd&id=CCTV12&type=yy, From: subscribe, IPv_Type: ipv6, Location: 美国, ISP: CloudFlare Inc., Date: None, Delay: -1 ms, Speed: 0.00 M/s, Resolution: None
Name: CCTV-12, URL: https://migu.188766.xyz/?migutoken=a76ec6c43160155cadc93bf0bc94302d&id=CCTV12&type=yy, From: subscribe, IPv_Type: ipv6, Location: 美国, ISP: CloudFlare Inc., Date: None, Delay: -1 ms, Speed: 0.00 M/s, Resolution: None
Name: CCTV-12, URL: https://migu.188766.xyz/?migutoken=09f5a1656226e4f6ff9c3f3243eb1c1b&id=CCTV12&type=yy, From: subscribe, IPv_Type: ipv6, Location: 美国, ISP: CloudFlare Inc., Date: None, Delay: -1 ms, Speed: 0.00 M/s, Resolution: None
Name: CCTV-12, URL: https://migu.188766.xyz/?migutoken=f575fef3228294b6fd5ba032495792f6&id=CCTV12&type=yy, From: subscribe, IPv_Type: ipv6, Location: 美国, ISP: CloudFlare Inc., Date: None, Delay: -1 ms, Speed: 0.00 M/s, Resolution: None
Name: CCTV-12, URL: https://migu.188766.xyz/?migutoken=eb1c38bfe92e8e07ddc24c4b5b3c6e02&id=CCTV12&type=yy, From: subscribe, IPv_Type: ipv6, Location: 美国, ISP: CloudFlare Inc., Date: None, Delay: -1 ms, Speed: 0.00 M/s, Resolution: None
Name: CCTV-12, URL: https://migu.188766.xyz/?migutoken=18e102c03efcbeeb93a84e32e606e4ee&id=CCTV12&type=yy, From: subscribe, IPv_Type: ipv6, Location: 美国, ISP: CloudFlare Inc., Date: None, Delay: -1 ms, Speed: 0.00 M/s, Resolution: None
Name: CCTV-12, URL: https://migu.188766.xyz/?migutoken=dc9933367f5f4447bb6cedf6274f032e&id=CCTV12&type=yy, From: subscribe, IPv_Type: ipv6, Location: 美国, ISP: CloudFlare Inc., Date: None, Delay: -1 ms, Speed: 0.00 M/s, Resolution: None
Name: CCTV-12, URL: https://migu.188766.xyz/?migutoken=591bf69deeeb50c9425729a404b98733&id=CCTV12&type=yy, From: subscribe, IPv_Type: ipv6, Location: 美国, ISP: CloudFlare Inc., Date: None, Delay: -1 ms, Speed: 0.00 M/s, Resolution: None
Name: CCTV-12, URL: https://migu.188766.xyz/?migutoken=51ccf03fc1d62d6a01d13c4bb127f952&id=CCTV12&type=yy, From: subscribe, IPv_Type: ipv6, Location: 美国, ISP: CloudFlare Inc., Date: None, Delay: -1 ms, Speed: 0.00 M/s, Resolution: None
Name: CCTV-12, URL: http://38.75.136.137:98/gslb/dsdqbv/cctv12hd.m3u8?auth=test20251009, From: subscribe, IPv_Type: ipv4, Location: 美国-伊利诺伊州-库克, ISP: Cogent, Date: None, Delay: 709 ms, Speed: 6.52 M/s, Resolution: 1920x1080
Name: CCTV-12, URL: http://23.237.228.134/live3/CCTV12.m3u8, From: subscribe, IPv_Type: ipv4, Location: 北美地区, ISP: , Date: None, Delay: 1083 ms, Speed: 2.93 M/s, Resolution: 1920x1080
Name: CCTV-13, URL: https://event.pull.hebtv.com/jishi/cp1.m3u8, From: subscribe, IPv_Type: ipv6, Location: 中国, ISP: 中国电信, Date: None, Delay: -1 ms, Speed: 0.00 M/s, Resolution: None
Name: CCTV-13, URL: http://z.b.bkpcp.top/m.php?id=cctv13, From: subscribe, IPv_Type: ipv6, Location: 美国, ISP: CloudFlare Inc., Date: None, Delay: -1 ms, Speed: 0.00 M/s, Resolution: None
Name: CCTV-13, URL: http://j.x.bkpcp.top/jx/CCTV13HD, From: subscribe, IPv_Type: ipv6, Location: 美国, ISP: CloudFlare Inc., Date: None, Delay: -1 ms, Speed: 0.00 M/s, Resolution: None
Name: CCTV-13, URL: http://jwplay.hebyun.com.cn/live/cctv13/1500k/tzwj_video.m3u8, From: subscribe, IPv_Type: ipv6, Location: 中国, ISP: 中国联通, Date: None, Delay: -1 ms, Speed: 0.00 M/s, Resolution: None
Name: CCTV-13, URL: https://ldncctvwbcdcnc.v.wscdns.com/ldncctvwbcd/cdrmldcctv13_1/index.m3u8, From: subscribe, IPv_Type: ipv6, Location: 中国, ISP: 中国电信, Date: None, Delay: -1 ms, Speed: 0.00 M/s, Resolution: None
Name: CCTV-13, URL: http://iptv.huuc.edu.cn/hls/cctv13hd.m3u8, From: subscribe, IPv_Type: ipv6, Location: 中国, ISP: 教育网, Date: None, Delay: -1 ms, Speed: 0.00 M/s, Resolution: None
Name: CCTV-13, URL: https://zby.130519.xyz/PLTV/11/224/3221226128/index.m3u8, From: subscribe, IPv_Type: ipv6, Location: 美国, ISP: CloudFlare Inc., Date: None, Delay: -1 ms, Speed: 0.00 M/s, Resolution: None
Name: CCTV-13, URL: https://migu.188766.xyz/?migutoken=ae276ff79a7e43ad90f147a0d566a3e9&id=CCTV13&type=yy, From: subscribe, IPv_Type: ipv6, Location: 美国, ISP: CloudFlare Inc., Date: None, Delay: -1 ms, Speed: 0.00 M/s, Resolution: None
Name: CCTV-13, URL: https://iptv.catvod.com/live.php?id=CCTV-13, From: subscribe, IPv_Type: ipv6, Location: 美国, ISP: CloudFlare Inc., Date: None, Delay: -1 ms, Speed: 0.00 M/s, Resolution: None
Name: CCTV-13, URL: https://hls-gateway.vpstv.net/streams/476899.m3u8, From: subscribe, IPv_Type: ipv6, Location: 美国, ISP: CloudFlare Inc., Date: None, Delay: -1 ms, Speed: 0.00 M/s, Resolution: None
Name: CCTV-13, URL: http://[2409:8087:1a01:df::4077]/ottrrs.hl.chinamobile.com/PLTV/88888888/224/3221226011/index.m3u8, From: subscribe, IPv_Type: ipv6, Location: 中国, ISP: 中国移动, Date: None, Delay: -1 ms, Speed: 0.00 M/s, Resolution: None
Name: CCTV-13, URL: http://[2409:8087:8:21::18]:6610/otttv.bj.chinamobile.com/PLTV/88888888/224/3221226316/1.m3u8?, From: subscribe, IPv_Type: ipv6, Location: 中国, ISP: 中国移动, Date: None, Delay: -1 ms, Speed: 0.00 M/s, Resolution: None
Name: CCTV-13, URL: https://epg.pw/stream/5d3d047c64e44d0a24dc33e5700e579457201d2960036b43819bd930a0bb76a7.m3u8, From: subscribe, IPv_Type: ipv6, Location: 美国, ISP: CloudFlare Inc., Date: None, Delay: -1 ms, Speed: 0.00 M/s, Resolution: None
Name: CCTV-13, URL: https://www.freetv.top/migu/608807423.m3u8?migutoken=ac19a58805588401a8e818b6dd00df9b327912af3611ba95f89235e7020821668a2b6dc65ccc3904967da59d0a9742565c56ea582baf8915d068035054818ef0f369dab64705a6a7f7120529ec, From: subscribe, IPv_Type: ipv6, Location: 美国-加利福尼亚州-圣克拉拉, ISP: DigitalOcean, Date: None, Delay: -1 ms, Speed: 0.00 M/s, Resolution: None
Name: CCTV-13, URL: https://migu.188766.xyz/?migutoken=f6f596485c42e38c9eb1fbf73bf35328&id=CCTV13&type=yy, From: subscribe, IPv_Type: ipv6, Location: 美国, ISP: CloudFlare Inc., Date: None, Delay: -1 ms, Speed: 0.00 M/s, Resolution: None
Name: CCTV-13, URL: https://migu.188766.xyz/?migutoken=a07aeb14ac224d7e61744d61e16b77aa&id=CCTV13&type=yy, From: subscribe, IPv_Type: ipv6, Location: 美国, ISP: CloudFlare Inc., Date: None, Delay: -1 ms, Speed: 0.00 M/s, Resolution: None
Name: CCTV-13, URL: https://migu.188766.xyz/?migutoken=dea838fca5d0709ec73bb3701ce29c2b&id=CCTV13&type=yy, From: subscribe, IPv_Type: ipv6, Location: 美国, ISP: CloudFlare Inc., Date: None, Delay: -1 ms, Speed: 0.00 M/s, Resolution: None
Name: CCTV-13, URL: https://migu.188766.xyz/?migutoken=8e62361e44b6a7f49b00a22d1076844e&id=CCTV13&type=yy, From: subscribe, IPv_Type: ipv6, Location: 美国, ISP: CloudFlare Inc., Date: None, Delay: -1 ms, Speed: 0.00 M/s, Resolution: None
Name: CCTV-13, URL: https://migu.188766.xyz/?migutoken=ac63066edeebd4fdcc559850e7aed0e5&id=CCTV13&type=yy, From: subscribe, IPv_Type: ipv6, Location: 美国, ISP: CloudFlare Inc., Date: None, Delay: -1 ms, Speed: 0.00 M/s, Resolution: None
Name: CCTV-13, URL: https://iptv.catvod.com/live.php?id=CCTV13, From: subscribe, IPv_Type: ipv6, Location: 美国, ISP: CloudFlare Inc., Date: None, Delay: -1 ms, Speed: 0.00 M/s, Resolution: None
Name: CCTV-13, URL: https://migu.188766.xyz/?migutoken=b9b9190075eaf0e21ffe52949b83955c&id=CCTV13&type=yy, From: subscribe, IPv_Type: ipv6, Location: 美国, ISP: CloudFlare Inc., Date: None, Delay: -1 ms, Speed: 0.00 M/s, Resolution: None
Name: CCTV-13, URL: https://migu.188766.xyz/?migutoken=d0db65fcd5f76fbeec28a9231ac43c2c&id=CCTV13&type=yy, From: subscribe, IPv_Type: ipv6, Location: 美国, ISP: CloudFlare Inc., Date: None, Delay: -1 ms, Speed: 0.00 M/s, Resolution: None
Name: CCTV-13, URL: https://migu.188766.xyz/?migutoken=9b160ea328206a2085a517113dcb0af2&id=CCTV13&type=yy, From: subscribe, IPv_Type: ipv6, Location: 美国, ISP: CloudFlare Inc., Date: None, Delay: -1 ms, Speed: 0.00 M/s, Resolution: None
Name: CCTV-13, URL: https://migu.188766.xyz/?migutoken=d3e42e17bfd3f98c47dceb857aa243f0&id=CCTV13&type=yy, From: subscribe, IPv_Type: ipv6, Location: 美国, ISP: CloudFlare Inc., Date: None, Delay: -1 ms, Speed: 0.00 M/s, Resolution: None
Name: CCTV-13, URL: https://migu.188766.xyz/?migutoken=0e93d497b950c76d8fa9b1f412d914a7&id=CCTV13&type=yy, From: subscribe, IPv_Type: ipv6, Location: 美国, ISP: CloudFlare Inc., Date: None, Delay: -1 ms, Speed: 0.00 M/s, Resolution: None
Name: CCTV-13, URL: https://migu.188766.xyz/?migutoken=385786c12b6ad2768f253054b76c8747&id=CCTV13&type=yy, From: subscribe, IPv_Type: ipv6, Location: 美国, ISP: CloudFlare Inc., Date: None, Delay: -1 ms, Speed: 0.00 M/s, Resolution: None
Name: CCTV-13, URL: https://migu.188766.xyz/?migutoken=2c4ebc5adbac48075c12753726852b2e&id=CCTV13&type=yy, From: subscribe, IPv_Type: ipv6, Location: 美国, ISP: CloudFlare Inc., Date: None, Delay: -1 ms, Speed: 0.00 M/s, Resolution: None
Name: CCTV-13, URL: https://migu.188766.xyz/?migutoken=f67df04aa8b67e9be8a30446a857a433&id=CCTV13&type=yy, From: subscribe, IPv_Type: ipv6, Location: 美国, ISP: CloudFlare Inc., Date: None, Delay: -1 ms, Speed: 0.00 M/s, Resolution: None
Name: CCTV-13, URL: https://migu.188766.xyz/?migutoken=a3ab25da2c7d76001aec6c0ca7d41dcd&id=CCTV13&type=yy, From: subscribe, IPv_Type: ipv6, Location: 美国, ISP: CloudFlare Inc., Date: None, Delay: -1 ms, Speed: 0.00 M/s, Resolution: None
Name: CCTV-13, URL: https://migu.188766.xyz/?migutoken=0484bff9cbb56217127b445d6ca2a4b2&id=CCTV13&type=yy, From: subscribe, IPv_Type: ipv6, Location: 美国, ISP: CloudFlare Inc., Date: None, Delay: -1 ms, Speed: 0.00 M/s, Resolution: None
Name: CCTV-13, URL: https://migu.188766.xyz/?migutoken=2f35f43c546c904ff2e2863ffa031828&id=CCTV13&type=yy, From: subscribe, IPv_Type: ipv6, Location: 美国, ISP: CloudFlare Inc., Date: None, Delay: -1 ms, Speed: 0.00 M/s, Resolution: None
Name: CCTV-13, URL: https://migu.188766.xyz/?migutoken=f75e13c9cce82df0a08c7a43045bbc20&id=CCTV13&type=yy, From: subscribe, IPv_Type: ipv6, Location: 美国, ISP: CloudFlare Inc., Date: None, Delay: -1 ms, Speed: 0.00 M/s, Resolution: None
Name: CCTV-13, URL: https://migu.188766.xyz/?migutoken=db872002648b67d93526eaaab3ce7a85&id=CCTV13&type=yy, From: subscribe, IPv_Type: ipv6, Location: 美国, ISP: CloudFlare Inc., Date: None, Delay: -1 ms, Speed: 0.00 M/s, Resolution: None
Name: CCTV-13, URL: https://migu.188766.xyz/?migutoken=daa57858818b4cb980a4f0722edcdef1&id=CCTV13&type=yy, From: subscribe, IPv_Type: ipv6, Location: 美国, ISP: CloudFlare Inc., Date: None, Delay: -1 ms, Speed: 0.00 M/s, Resolution: None
Name: CCTV-13, URL: https://migu.188766.xyz/?migutoken=2004f8e23a143128f08e0baf644c3e24&id=CCTV13&type=yy, From: subscribe, IPv_Type: ipv6, Location: 美国, ISP: CloudFlare Inc., Date: None, Delay: -1 ms, Speed: 0.00 M/s, Resolution: None
Name: CCTV-13, URL: https://migu.188766.xyz/?migutoken=5951d7f95b06f962ff70147c4049e94b&id=CCTV13&type=yy, From: subscribe, IPv_Type: ipv6, Location: 美国, ISP: CloudFlare Inc., Date: None, Delay: -1 ms, Speed: 0.00 M/s, Resolution: None
Name: CCTV-13, URL: https://migu.188766.xyz/?migutoken=cb7975c97a6ea1b8907a1ec8f3744791&id=CCTV13&type=yy, From: subscribe, IPv_Type: ipv6, Location: 美国, ISP: CloudFlare Inc., Date: None, Delay: -1 ms, Speed: 0.00 M/s, Resolution: None
Name: CCTV-13, URL: http://pull-hs-f5.flive.douyincdn.com/media/stream-695161386435347116/index.m3u8?arch_hrchy=w1&exp_hrchy=w1&expire=1769399632&major_anchor_level=common&sign=9187b14d05855967b7a316320a1085ce&t_id=037-202601191153519CA1DA2812B4E30F9D02-KO6UcR&volcSecret=9187b14d05855967b7a316320a1085ce&volcTime=1769399632, From: subscribe, IPv_Type: ipv6, Location: 美国, ISP: , Date: None, Delay: -1 ms, Speed: 0.00 M/s, Resolution: None
Name: CCTV-13, URL: https://migu.188766.xyz/?migutoken=1f7419780f9b243ff9978aeacb58c75a&id=CCTV13&type=yy, From: subscribe, IPv_Type: ipv6, Location: 美国, ISP: CloudFlare Inc., Date: None, Delay: -1 ms, Speed: 0.00 M/s, Resolution: None
Name: CCTV-13, URL: https://migu.188766.xyz/?migutoken=203a8d0f6a75c00dd01254792112f154&id=CCTV13&type=yy, From: subscribe, IPv_Type: ipv6, Location: 美国, ISP: CloudFlare Inc., Date: None, Delay: -1 ms, Speed: 0.00 M/s, Resolution: None
Name: CCTV-13, URL: https://migu.188766.xyz/?migutoken=dca0113015e8ae71845507946285505d&id=CCTV13&type=yy, From: subscribe, IPv_Type: ipv6, Location: 美国, ISP: CloudFlare Inc., Date: None, Delay: -1 ms, Speed: 0.00 M/s, Resolution: None
Name: CCTV-13, URL: http://pull-hs-f5.flive.douyincdn.com/media/stream-695180860228633260/index.m3u8?arch_hrchy=w1&exp_hrchy=w1&expire=1769679988&major_anchor_level=common&sign=71caa1f6b7f3159013b402e1b0400258&t_id=037-20260122174627710B9646E4C8968A739B-Pdey7N&volcSecret=71caa1f6b7f3159013b402e1b0400258&volcTime=1769679988, From: subscribe, IPv_Type: ipv6, Location: 美国, ISP: , Date: None, Delay: -1 ms, Speed: 0.00 M/s, Resolution: None
Name: CCTV-13, URL: https://migu.188766.xyz/?migutoken=57405e8f0196834402f1f40bcd02ed36&id=CCTV13&type=yy, From: subscribe, IPv_Type: ipv6, Location: 美国, ISP: CloudFlare Inc., Date: None, Delay: -1 ms, Speed: 0.00 M/s, Resolution: None
Name: CCTV-13, URL: https://migu.188766.xyz/?migutoken=3bf275f1634e96807e5cabee9aac15ba&id=CCTV13&type=yy, From: subscribe, IPv_Type: ipv6, Location: 美国, ISP: CloudFlare Inc., Date: None, Delay: -1 ms, Speed: 0.00 M/s, Resolution: None
Name: CCTV-13, URL: https://cdn3.163189.xyz/163189/cctv13, From: subscribe, IPv_Type: ipv6, Location: 美国, ISP: CloudFlare Inc., Date: None, Delay: -1 ms, Speed: 0.00 M/s, Resolution: None
Name: CCTV-13, URL: http://38.75.136.137:98/gslb/dsdqbv/cctv13hd.m3u8?auth=test20251009, From: subscribe, IPv_Type: ipv4, Location: 美国-伊利诺伊州-库克, ISP: Cogent, Date: None, Delay: 666 ms, Speed: 6.33 M/s, Resolution: 1920x1080
Name: CCTV-14, URL: https://event.pull.hebtv.com/jishi/cp2.m3u8#rtsp://103.251.96.71/PLTV/88888888/224/3221225783/10000100000000060000000000726027_0.smil?icpid=SSPID&accounttype=1&limitflux=-1&limitdur=-1&accountinfo=:20240213104135, From: subscribe, IPv_Type: ipv6, Location: 中国, ISP: 中国电信, Date: None, Delay: -1 ms, Speed: 0.00 M/s, Resolution: None
Name: CCTV-14, URL: http://php.jdshipin.com/TVOD/hljyd.php?id=3221225732, From: subscribe, IPv_Type: ipv6, Location: 美国, ISP: CloudFlare Inc., Date: None, Delay: -1 ms, Speed: 0.00 M/s, Resolution: None
Name: CCTV-14, URL: http://iptv.huuc.edu.cn/hls/cctv14hd.m3u8, From: subscribe, IPv_Type: ipv6, Location: 中国, ISP: 教育网, Date: None, Delay: -1 ms, Speed: 0.00 M/s, Resolution: None
Name: CCTV-14, URL: https://zby.130519.xyz/PLTV/11/224/3221225738/index.m3u8, From: subscribe, IPv_Type: ipv6, Location: 美国, ISP: CloudFlare Inc., Date: None, Delay: -1 ms, Speed: 0.00 M/s, Resolution: None
Name: CCTV-14, URL: https://event.pull.hebtv.com/jishi/cp2.m3u8, From: subscribe, IPv_Type: ipv6, Location: 中国, ISP: 中国电信, Date: None, Delay: -1 ms, Speed: 0.00 M/s, Resolution: None
Name: CCTV-14, URL: https://migu.188766.xyz/?migutoken=9ffa6cbd1f17932c3c9bbe5464125780&id=CCTV14&type=yy, From: subscribe, IPv_Type: ipv6, Location: 美国, ISP: CloudFlare Inc., Date: None, Delay: -1 ms, Speed: 0.00 M/s, Resolution: None
Name: CCTV-14, URL: https://hls-gateway.vpstv.net/streams/476900.m3u8, From: subscribe, IPv_Type: ipv6, Location: 美国, ISP: CloudFlare Inc., Date: None, Delay: -1 ms, Speed: 0.00 M/s, Resolution: None
Name: CCTV-14, URL: https://iptv.catvod.com/live.php?id=CCTV-14, From: subscribe, IPv_Type: ipv6, Location: 美国, ISP: CloudFlare Inc., Date: None, Delay: -1 ms, Speed: 0.00 M/s, Resolution: None
Name: CCTV-14, URL: http://[2409:8087:1a01:df::4077]/ottrrs.hl.chinamobile.com/PLTV/88888888/224/3221225732/index.m3u8, From: subscribe, IPv_Type: ipv6, Location: 中国, ISP: 中国移动, Date: None, Delay: -1 ms, Speed: 0.00 M/s, Resolution: None
Name: CCTV-14, URL: http://[2409:8087:1a01:df::4077]:80/ottrrs.hl.chinamobile.com/TVOD/88888888/224/3221225732/index.m3u8, From: subscribe, IPv_Type: ipv6, Location: 中国, ISP: 中国移动, Date: None, Delay: -1 ms, Speed: 0.00 M/s, Resolution: None
Name: CCTV-14, URL: http://[2409:8087:8:21::18]:6610/otttv.bj.chinamobile.com/PLTV/88888888/224/3221226947/1.m3u8?, From: subscribe, IPv_Type: ipv6, Location: 中国, ISP: 中国移动, Date: None, Delay: -1 ms, Speed: 0.00 M/s, Resolution: None
Name: CCTV-14, URL: http://[2409:8087:1a01:df::4077]/ottrrs.hl.chinamobile.com/PLTV/88888888/8/3221225732/index.m3u8, From: subscribe, IPv_Type: ipv6, Location: 中国, ISP: 中国移动, Date: None, Delay: -1 ms, Speed: 0.00 M/s, Resolution: None
Name: CCTV-14, URL: http://[2409:8087:1a01:df::4077]:80/ottrrs.hl.chinamobile.com/PLTV/88888888/8/3221225732/index.m3u8, From: subscribe, IPv_Type: ipv6, Location: 中国, ISP: 中国移动, Date: None, Delay: -1 ms, Speed: 0.00 M/s, Resolution: None
Name: CCTV-14, URL: https://www.freetv.top/migu/624878440.m3u8?migutoken=239edad94ac0bbff14f123c7f8996ed7639110bd6cf64ec8ba8cf85842224956d452ec8b683385cb27f8a7685224a03e3aa4d914b8fe33249da9df699351b105c795452d03f2be0a1f1e39adb0, From: subscribe, IPv_Type: ipv6, Location: 美国-加利福尼亚州-圣克拉拉, ISP: DigitalOcean, Date: None, Delay: -1 ms, Speed: 0.00 M/s, Resolution: None
Name: CCTV-14, URL: https://migu.188766.xyz/?migutoken=5c0b003181e61d05631cba9a66982125&id=CCTV14&type=yy, From: subscribe, IPv_Type: ipv6, Location: 美国, ISP: CloudFlare Inc., Date: None, Delay: -1 ms, Speed: 0.00 M/s, Resolution: None
Name: CCTV-14, URL: https://migu.188766.xyz/?migutoken=11190fea39c4d916824dc79d77e71389&id=CCTV14&type=yy, From: subscribe, IPv_Type: ipv6, Location: 美国, ISP: CloudFlare Inc., Date: None, Delay: -1 ms, Speed: 0.00 M/s, Resolution: None
Name: CCTV-14, URL: https://migu.188766.xyz/?migutoken=3b8abf5d15a7d058ea1d5ffdbf99942d&id=CCTV14&type=yy, From: subscribe, IPv_Type: ipv6, Location: 美国, ISP: CloudFlare Inc., Date: None, Delay: -1 ms, Speed: 0.00 M/s, Resolution: None
Name: CCTV-14, URL: https://migu.188766.xyz/?migutoken=88418c9ab72ccc49db7c0e31d9bf2fdd&id=CCTV14&type=yy, From: subscribe, IPv_Type: ipv6, Location: 美国, ISP: CloudFlare Inc., Date: None, Delay: -1 ms, Speed: 0.00 M/s, Resolution: None
Name: CCTV-14, URL: https://migu.188766.xyz/?migutoken=bf5e78fb8b318768412395e3d22f30d8&id=CCTV14&type=yy, From: subscribe, IPv_Type: ipv6, Location: 美国, ISP: CloudFlare Inc., Date: None, Delay: -1 ms, Speed: 0.00 M/s, Resolution: None
Name: CCTV-14, URL: https://iptv.catvod.com/live.php?id=CCTV14, From: subscribe, IPv_Type: ipv6, Location: 美国, ISP: CloudFlare Inc., Date: None, Delay: -1 ms, Speed: 0.00 M/s, Resolution: None
Name: CCTV-14, URL: https://migu.188766.xyz/?migutoken=df0c714c4f071e2d0bfcfdf828d65920&id=CCTV14&type=yy, From: subscribe, IPv_Type: ipv6, Location: 美国, ISP: CloudFlare Inc., Date: None, Delay: -1 ms, Speed: 0.00 M/s, Resolution: None
Name: CCTV-14, URL: https://migu.188766.xyz/?migutoken=a275e5d929b971589907ada83dfe34a6&id=CCTV14&type=yy, From: subscribe, IPv_Type: ipv6, Location: 美国, ISP: CloudFlare Inc., Date: None, Delay: -1 ms, Speed: 0.00 M/s, Resolution: None
Name: CCTV-14, URL: https://migu.188766.xyz/?migutoken=865dc4d541d5470b49d54b86518639a8&id=CCTV14&type=yy, From: subscribe, IPv_Type: ipv6, Location: 美国, ISP: CloudFlare Inc., Date: None, Delay: -1 ms, Speed: 0.00 M/s, Resolution: None
Name: CCTV-14, URL: https://migu.188766.xyz/?migutoken=f768ab0853e2e30c08005794598b66f6&id=CCTV14&type=yy, From: subscribe, IPv_Type: ipv6, Location: 美国, ISP: CloudFlare Inc., Date: None, Delay: -1 ms, Speed: 0.00 M/s, Resolution: None
Name: CCTV-14, URL: https://migu.188766.xyz/?migutoken=66c1c133bc22a042755b4f0b35550b19&id=CCTV14&type=yy, From: subscribe, IPv_Type: ipv6, Location: 美国, ISP: CloudFlare Inc., Date: None, Delay: -1 ms, Speed: 0.00 M/s, Resolution: None
Name: CCTV-14, URL: https://migu.188766.xyz/?migutoken=94e1700bb2b5bfef303bb4fc55e59f6a&id=CCTV14&type=yy, From: subscribe, IPv_Type: ipv6, Location: 美国, ISP: CloudFlare Inc., Date: None, Delay: -1 ms, Speed: 0.00 M/s, Resolution: None
Name: CCTV-14, URL: https://migu.188766.xyz/?migutoken=07a5fc1f569751a58cc271b3709ee058&id=CCTV14&type=yy, From: subscribe, IPv_Type: ipv6, Location: 美国, ISP: CloudFlare Inc., Date: None, Delay: -1 ms, Speed: 0.00 M/s, Resolution: None
Name: CCTV-14, URL: https://migu.188766.xyz/?migutoken=4c8290e0f970f4d69fd5a7e50ea7005e&id=CCTV14&type=yy, From: subscribe, IPv_Type: ipv6, Location: 美国, ISP: CloudFlare Inc., Date: None, Delay: -1 ms, Speed: 0.00 M/s, Resolution: None
Name: CCTV-14, URL: https://migu.188766.xyz/?migutoken=0ff9ec8dbfaa64a7b28ed31892ca0da4&id=CCTV14&type=yy, From: subscribe, IPv_Type: ipv6, Location: 美国, ISP: CloudFlare Inc., Date: None, Delay: -1 ms, Speed: 0.00 M/s, Resolution: None
Name: CCTV-14, URL: https://migu.188766.xyz/?migutoken=51146b3588de5f5b5441bc3169d57ca4&id=CCTV14&type=yy, From: subscribe, IPv_Type: ipv6, Location: 美国, ISP: CloudFlare Inc., Date: None, Delay: -1 ms, Speed: 0.00 M/s, Resolution: None
Name: CCTV-14, URL: https://migu.188766.xyz/?migutoken=a88bf3d8cf2e84df6de1a9794820427e&id=CCTV14&type=yy, From: subscribe, IPv_Type: ipv6, Location: 美国, ISP: CloudFlare Inc., Date: None, Delay: -1 ms, Speed: 0.00 M/s, Resolution: None
Name: CCTV-14, URL: https://migu.188766.xyz/?migutoken=a88c4a7f0ab1ef6fc77695ba6364e19a&id=CCTV14&type=yy, From: subscribe, IPv_Type: ipv6, Location: 美国, ISP: CloudFlare Inc., Date: None, Delay: -1 ms, Speed: 0.00 M/s, Resolution: None
Name: CCTV-14, URL: https://migu.188766.xyz/?migutoken=79ebd3c277bc0c8c8bdfd84ac0c031eb&id=CCTV14&type=yy, From: subscribe, IPv_Type: ipv6, Location: 美国, ISP: CloudFlare Inc., Date: None, Delay: -1 ms, Speed: 0.00 M/s, Resolution: None
Name: CCTV-14, URL: https://migu.188766.xyz/?migutoken=925835d0c9f4f2df88822180b399a52c&id=CCTV14&type=yy, From: subscribe, IPv_Type: ipv6, Location: 美国, ISP: CloudFlare Inc., Date: None, Delay: -1 ms, Speed: 0.00 M/s, Resolution: None
Name: CCTV-14, URL: https://migu.188766.xyz/?migutoken=59ed9de2c1449d13066e0b7f30126126&id=CCTV14&type=yy, From: subscribe, IPv_Type: ipv6, Location: 美国, ISP: CloudFlare Inc., Date: None, Delay: -1 ms, Speed: 0.00 M/s, Resolution: None
Name: CCTV-14, URL: https://migu.188766.xyz/?migutoken=f3edf51d13fca07f863536c521234a23&id=CCTV14&type=yy, From: subscribe, IPv_Type: ipv6, Location: 美国, ISP: CloudFlare Inc., Date: None, Delay: -1 ms, Speed: 0.00 M/s, Resolution: None
Name: CCTV-14, URL: https://migu.188766.xyz/?migutoken=fc229a2a2a098d4672407c55be8f99a5&id=CCTV14&type=yy, From: subscribe, IPv_Type: ipv6, Location: 美国, ISP: CloudFlare Inc., Date: None, Delay: -1 ms, Speed: 0.00 M/s, Resolution: None
Name: CCTV-14, URL: https://migu.188766.xyz/?migutoken=26f2ab9673cefb4e2fecff486a64321d&id=CCTV14&type=yy, From: subscribe, IPv_Type: ipv6, Location: 美国, ISP: CloudFlare Inc., Date: None, Delay: -1 ms, Speed: 0.00 M/s, Resolution: None
Name: CCTV-14, URL: https://migu.188766.xyz/?migutoken=5ec530e75fb2b35588a070e4726684a3&id=CCTV14&type=yy, From: subscribe, IPv_Type: ipv6, Location: 美国, ISP: CloudFlare Inc., Date: None, Delay: -1 ms, Speed: 0.00 M/s, Resolution: None
Name: CCTV-14, URL: https://migu.188766.xyz/?migutoken=7668c5e462675ab1cf9b81ce59c0a6d9&id=CCTV14&type=yy, From: subscribe, IPv_Type: ipv6, Location: 美国, ISP: CloudFlare Inc., Date: None, Delay: -1 ms, Speed: 0.00 M/s, Resolution: None
Name: CCTV-14, URL: https://migu.188766.xyz/?migutoken=a73010ac9791102dced9be5c84da927a&id=CCTV14&type=yy, From: subscribe, IPv_Type: ipv6, Location: 美国, ISP: CloudFlare Inc., Date: None, Delay: -1 ms, Speed: 0.00 M/s, Resolution: None
Name: CCTV-14, URL: https://migu.188766.xyz/?migutoken=8f6f9ec7b9db2a3c63bb7b26171fc2b3&id=CCTV14&type=yy, From: subscribe, IPv_Type: ipv6, Location: 美国, ISP: CloudFlare Inc., Date: None, Delay: -1 ms, Speed: 0.00 M/s, Resolution: None
Name: CCTV-14, URL: http://38.75.136.137:98/gslb/dsdqbv/cctv14hd.m3u8?auth=test20251009, From: subscribe, IPv_Type: ipv4, Location: 美国-伊利诺伊州-库克, ISP: Cogent, Date: None, Delay: 697 ms, Speed: 7.09 M/s, Resolution: 1920x1080
Name: CCTV-14, URL: http://38.75.136.137:98/gslb/dsdqpub/cctv14hd.m3u8?auth=testpub, From: subscribe, IPv_Type: ipv4, Location: 美国-伊利诺伊州-库克, ISP: Cogent, Date: None, Delay: 318 ms, Speed: 4.87 M/s, Resolution: 1920x1080
Name: CCTV-14, URL: http://23.237.228.134/live3/CCTV14.m3u8, From: subscribe, IPv_Type: ipv4, Location: 北美地区, ISP: , Date: None, Delay: 1481 ms, Speed: 1.91 M/s, Resolution: 1920x1080
Name: CCTV-15, URL: https://zby.130519.xyz/PLTV/11/224/3221226147/index.m3u8, From: subscribe, IPv_Type: ipv6, Location: 美国, ISP: CloudFlare Inc., Date: None, Delay: -1 ms, Speed: 0.00 M/s, Resolution: None
Name: CCTV-15, URL: https://www.freetv.top/migu/673168223.m3u8?migutoken=4e8d5766579c6bef231494cabd07e5b49d965804790214280c9791e4c331fd90311cb62ea43d3a1899229bfa57be4afe5a567b32a6b78153fc9a9801e28a39435e078b48c211e71d6083519be4, From: subscribe, IPv_Type: ipv6, Location: 美国-加利福尼亚州-圣克拉拉, ISP: DigitalOcean, Date: None, Delay: -1 ms, Speed: 0.00 M/s, Resolution: None
Name: CCTV-15, URL: https://smart.pendy.dpdns.org/Smart.php?id=cctv15, From: subscribe, IPv_Type: ipv6, Location: 美国, ISP: CloudFlare Inc., Date: None, Delay: -1 ms, Speed: 0.00 M/s, Resolution: None
Name: CCTV-15, URL: http://[2409:8087:1a01:df::4033]:80/TVOD/88888888/224/3221226127/main.m3u8, From: subscribe, IPv_Type: ipv6, Location: 中国, ISP: 中国移动, Date: None, Delay: -1 ms, Speed: 0.00 M/s, Resolution: None
Name: CCTV-15, URL: http://[2409:8087:1a0a:df::404b]/ottrrs.hl.chinamobile.com/TVOD/88888888/224/3221225601/index.m3u8, From: subscribe, IPv_Type: ipv6, Location: 中国, ISP: 中国移动, Date: None, Delay: -1 ms, Speed: 0.00 M/s, Resolution: None
Name: CCTV-15, URL: http://[2409:8087:1a01:df::4077]/ottrrs.hl.chinamobile.com/PLTV/88888888/8/3221225601/index.m3u8, From: subscribe, IPv_Type: ipv6, Location: 中国, ISP: 中国移动, Date: None, Delay: -1 ms, Speed: 0.00 M/s, Resolution: None
Name: CCTV-15, URL: http://[2409:8087:8:21::18]:6610/otttv.bj.chinamobile.com/PLTV/88888888/224/3221226333/1.m3u8, From: subscribe, IPv_Type: ipv6, Location: 中国, ISP: 中国移动, Date: None, Delay: -1 ms, Speed: 0.00 M/s, Resolution: None
Name: CCTV-15, URL: http://[2409:8087:8:21::18]:6610/otttv.bj.chinamobile.com/PLTV/88888888/224/3221226444/1.m3u8, From: subscribe, IPv_Type: ipv6, Location: 中国, ISP: 中国移动, Date: None, Delay: -1 ms, Speed: 0.00 M/s, Resolution: None
Name: CCTV-15, URL: http://iptv.cdn.ha.chinamobile.com/PLTV/88888888/224/3221227175/index.m3u8, From: subscribe, IPv_Type: ipv6, Location: 中国, ISP: 中国移动, Date: None, Delay: -1 ms, Speed: 0.00 M/s, Resolution: None
Name: CCTV-15, URL: http://[2409:8087:1a01:df::4077]/ottrrs.hl.chinamobile.com/PLTV/88888888/224/3221225601/index.m3u8, From: subscribe, IPv_Type: ipv6, Location: 中国, ISP: 中国移动, Date: None, Delay: -1 ms, Speed: 0.00 M/s, Resolution: None
Name: CCTV-15, URL: https://migu.188766.xyz/?migutoken=d0981e46641135a473f39c5a9d5ca509&id=CCTV15&type=yy, From: subscribe, IPv_Type: ipv6, Location: 美国, ISP: CloudFlare Inc., Date: None, Delay: -1 ms, Speed: 0.00 M/s, Resolution: None
Name: CCTV-15, URL: https://iptv.catvod.com/live.php?id=CCTV-15, From: subscribe, IPv_Type: ipv6, Location: 美国, ISP: CloudFlare Inc., Date: None, Delay: -1 ms, Speed: 0.00 M/s, Resolution: None
Name: CCTV-15, URL: https://hls-gateway.vpstv.net/streams/476901.m3u8, From: subscribe, IPv_Type: ipv6, Location: 美国, ISP: CloudFlare Inc., Date: None, Delay: -1 ms, Speed: 0.00 M/s, Resolution: None
Name: CCTV-15, URL: http://[2409:8087:8:21::18]:6610/otttv.bj.chinamobile.com/PLTV/88888888/224/3221226333/1.m3u8?, From: subscribe, IPv_Type: ipv6, Location: 中国, ISP: 中国移动, Date: None, Delay: -1 ms, Speed: 0.00 M/s, Resolution: None
Name: CCTV-15, URL: https://migu.188766.xyz/?migutoken=d746cbdefc14cc5616495c27c50afec2&id=CCTV15&type=yy, From: subscribe, IPv_Type: ipv6, Location: 美国, ISP: CloudFlare Inc., Date: None, Delay: -1 ms, Speed: 0.00 M/s, Resolution: None
Name: CCTV-15, URL: https://migu.188766.xyz/?migutoken=da35d716cb7adff2add966561e4b8b2b&id=CCTV15&type=yy, From: subscribe, IPv_Type: ipv6, Location: 美国, ISP: CloudFlare Inc., Date: None, Delay: -1 ms, Speed: 0.00 M/s, Resolution: None
Name: CCTV-15, URL: https://migu.188766.xyz/?migutoken=62c128cdce35040c75e0812aaaec710a&id=CCTV15&type=yy, From: subscribe, IPv_Type: ipv6, Location: 美国, ISP: CloudFlare Inc., Date: None, Delay: -1 ms, Speed: 0.00 M/s, Resolution: None
Name: CCTV-15, URL: https://migu.188766.xyz/?migutoken=a281c115561eee80ebead2e0a656f138&id=CCTV15&type=yy, From: subscribe, IPv_Type: ipv6, Location: 美国, ISP: CloudFlare Inc., Date: None, Delay: -1 ms, Speed: 0.00 M/s, Resolution: None
Name: CCTV-15, URL: https://migu.188766.xyz/?migutoken=3e466ce9b1a16926d961955cdcbbcc88&id=CCTV15&type=yy, From: subscribe, IPv_Type: ipv6, Location: 美国, ISP: CloudFlare Inc., Date: None, Delay: -1 ms, Speed: 0.00 M/s, Resolution: None
Name: CCTV-15, URL: https://iptv.catvod.com/live.php?id=CCTV15, From: subscribe, IPv_Type: ipv6, Location: 美国, ISP: CloudFlare Inc., Date: None, Delay: -1 ms, Speed: 0.00 M/s, Resolution: None
Name: CCTV-15, URL: https://migu.188766.xyz/?migutoken=3cbc5b457b61f07a9b56275416dbebe4&id=CCTV15&type=yy, From: subscribe, IPv_Type: ipv6, Location: 美国, ISP: CloudFlare Inc., Date: None, Delay: -1 ms, Speed: 0.00 M/s, Resolution: None
Name: CCTV-15, URL: https://migu.188766.xyz/?migutoken=df989cceb3c168618bb43fed0c9d89c0&id=CCTV15&type=yy, From: subscribe, IPv_Type: ipv6, Location: 美国, ISP: CloudFlare Inc., Date: None, Delay: -1 ms, Speed: 0.00 M/s, Resolution: None
Name: CCTV-15, URL: https://migu.188766.xyz/?migutoken=4751b78c80551e0ed2119bd6bd8b7969&id=CCTV15&type=yy, From: subscribe, IPv_Type: ipv6, Location: 美国, ISP: CloudFlare Inc., Date: None, Delay: -1 ms, Speed: 0.00 M/s, Resolution: None
Name: CCTV-15, URL: https://migu.188766.xyz/?migutoken=00817a7808836cc790dbdc17b18439a7&id=CCTV15&type=yy, From: subscribe, IPv_Type: ipv6, Location: 美国, ISP: CloudFlare Inc., Date: None, Delay: -1 ms, Speed: 0.00 M/s, Resolution: None
Name: CCTV-15, URL: https://migu.188766.xyz/?migutoken=b2cde938e303c01065cb96d8f73e0ea7&id=CCTV15&type=yy, From: subscribe, IPv_Type: ipv6, Location: 美国, ISP: CloudFlare Inc., Date: None, Delay: -1 ms, Speed: 0.00 M/s, Resolution: None
Name: CCTV-15, URL: https://migu.188766.xyz/?migutoken=3cda291c19cf0476f0c795c96614d132&id=CCTV15&type=yy, From: subscribe, IPv_Type: ipv6, Location: 美国, ISP: CloudFlare Inc., Date: None, Delay: -1 ms, Speed: 0.00 M/s, Resolution: None
Name: CCTV-15, URL: https://migu.188766.xyz/?migutoken=e21623bf56028f94b0710f45b23ddf48&id=CCTV15&type=yy, From: subscribe, IPv_Type: ipv6, Location: 美国, ISP: CloudFlare Inc., Date: None, Delay: -1 ms, Speed: 0.00 M/s, Resolution: None
Name: CCTV-15, URL: https://migu.188766.xyz/?migutoken=8f526cd18d34ddd149ec92a22156dcab&id=CCTV15&type=yy, From: subscribe, IPv_Type: ipv6, Location: 美国, ISP: CloudFlare Inc., Date: None, Delay: -1 ms, Speed: 0.00 M/s, Resolution: None
Name: CCTV-15, URL: https://migu.188766.xyz/?migutoken=44c2ed3c026c920db4504a157125cc1b&id=CCTV15&type=yy, From: subscribe, IPv_Type: ipv6, Location: 美国, ISP: CloudFlare Inc., Date: None, Delay: -1 ms, Speed: 0.00 M/s, Resolution: None
Name: CCTV-15, URL: https://migu.188766.xyz/?migutoken=795215860bcb0ae09d2275fda68e3645&id=CCTV15&type=yy, From: subscribe, IPv_Type: ipv6, Location: 美国, ISP: CloudFlare Inc., Date: None, Delay: -1 ms, Speed: 0.00 M/s, Resolution: None
Name: CCTV-15, URL: https://migu.188766.xyz/?migutoken=2cb9710f66c0867550f587728594bf23&id=CCTV15&type=yy, From: subscribe, IPv_Type: ipv6, Location: 美国, ISP: CloudFlare Inc., Date: None, Delay: -1 ms, Speed: 0.00 M/s, Resolution: None
Name: CCTV-15, URL: https://migu.188766.xyz/?migutoken=d1a9744420dca8df3afe27a88a8c33f6&id=CCTV15&type=yy, From: subscribe, IPv_Type: ipv6, Location: 美国, ISP: CloudFlare Inc., Date: None, Delay: -1 ms, Speed: 0.00 M/s, Resolution: None
Name: CCTV-15, URL: https://migu.188766.xyz/?migutoken=fd03337719881612c26dfe0835bd6a11&id=CCTV15&type=yy, From: subscribe, IPv_Type: ipv6, Location: 美国, ISP: CloudFlare Inc., Date: None, Delay: -1 ms, Speed: 0.00 M/s, Resolution: None
Name: CCTV-15, URL: https://migu.188766.xyz/?migutoken=9f1b09530df3f1a8ebb95d0030d3eb2d&id=CCTV15&type=yy, From: subscribe, IPv_Type: ipv6, Location: 美国, ISP: CloudFlare Inc., Date: None, Delay: -1 ms, Speed: 0.00 M/s, Resolution: None
Name: CCTV-15, URL: https://migu.188766.xyz/?migutoken=8fec6f4fbbe67c00e31cdeeb2c79d2e2&id=CCTV15&type=yy, From: subscribe, IPv_Type: ipv6, Location: 美国, ISP: CloudFlare Inc., Date: None, Delay: -1 ms, Speed: 0.00 M/s, Resolution: None
Name: CCTV-15, URL: https://migu.188766.xyz/?migutoken=6f069f1b2a496b18e24786f975c7f104&id=CCTV15&type=yy, From: subscribe, IPv_Type: ipv6, Location: 美国, ISP: CloudFlare Inc., Date: None, Delay: -1 ms, Speed: 0.00 M/s, Resolution: None
Name: CCTV-15, URL: https://migu.188766.xyz/?migutoken=ef9bcac63d147705437ff32c4c9e79f6&id=CCTV15&type=yy, From: subscribe, IPv_Type: ipv6, Location: 美国, ISP: CloudFlare Inc., Date: None, Delay: -1 ms, Speed: 0.00 M/s, Resolution: None
Name: CCTV-15, URL: https://migu.188766.xyz/?migutoken=e0df917e7fea07ed1063d37c56ac6695&id=CCTV15&type=yy, From: subscribe, IPv_Type: ipv6, Location: 美国, ISP: CloudFlare Inc., Date: None, Delay: -1 ms, Speed: 0.00 M/s, Resolution: None
Name: CCTV-15, URL: https://migu.188766.xyz/?migutoken=c716bcb91796f6bfe8b0300f22507493&id=CCTV15&type=yy, From: subscribe, IPv_Type: ipv6, Location: 美国, ISP: CloudFlare Inc., Date: None, Delay: -1 ms, Speed: 0.00 M/s, Resolution: None
Name: CCTV-15, URL: https://migu.188766.xyz/?migutoken=c5dd95ca79ae41cd914dc2d900f02e86&id=CCTV15&type=yy, From: subscribe, IPv_Type: ipv6, Location: 美国, ISP: CloudFlare Inc., Date: None, Delay: -1 ms, Speed: 0.00 M/s, Resolution: None
Name: CCTV-15, URL: https://migu.188766.xyz/?migutoken=3dba20a139ab937dc221f49028c5d9c2&id=CCTV15&type=yy, From: subscribe, IPv_Type: ipv6, Location: 美国, ISP: CloudFlare Inc., Date: None, Delay: -1 ms, Speed: 0.00 M/s, Resolution: None
Name: CCTV-15, URL: https://migu.188766.xyz/?migutoken=e668d9533bc5513b9f8c413c30bd8532&id=CCTV15&type=yy, From: subscribe, IPv_Type: ipv6, Location: 美国, ISP: CloudFlare Inc., Date: None, Delay: -1 ms, Speed: 0.00 M/s, Resolution: None
Name: CCTV-15, URL: http://38.75.136.137:98/gslb/dsdqbv/cctv15hd.m3u8?auth=test20251009, From: subscribe, IPv_Type: ipv4, Location: 美国-伊利诺伊州-库克, ISP: Cogent, Date: None, Delay: 706 ms, Speed: 7.65 M/s, Resolution: 1920x1080
Name: CCTV-15, URL: http://38.75.136.137:98/gslb/dsdqpub/cctv15hd.m3u8?auth=testpub, From: subscribe, IPv_Type: ipv4, Location: 美国-伊利诺伊州-库克, ISP: Cogent, Date: None, Delay: 362 ms, Speed: 6.97 M/s, Resolution: 1920x1080
Name: CCTV-15, URL: http://23.237.228.134/live3/CCTV15.m3u8, From: subscribe, IPv_Type: ipv4, Location: 北美地区, ISP: , Date: None, Delay: 623 ms, Speed: 4.28 M/s, Resolution: 1920x1080
Name: CCTV-16, URL: http://php.jdshipin.com/TVOD/hljyd.php?id=3221226100, From: subscribe, IPv_Type: ipv6, Location: 美国, ISP: CloudFlare Inc., Date: None, Delay: -1 ms, Speed: 0.00 M/s, Resolution: None
Name: CCTV-16, URL: https://zby.130519.xyz/PLTV/11/224/3221226120/index.m3u8, From: subscribe, IPv_Type: ipv6, Location: 美国, ISP: CloudFlare Inc., Date: None, Delay: -1 ms, Speed: 0.00 M/s, Resolution: None
Name: CCTV-16, URL: https://hls-gateway.vpstv.net/streams/709089.m3u8, From: subscribe, IPv_Type: ipv6, Location: 美国, ISP: CloudFlare Inc., Date: None, Delay: -1 ms, Speed: 0.00 M/s, Resolution: None
Name: CCTV-16, URL: https://iptv.catvod.com/live.php?id=CCTV-16, From: subscribe, IPv_Type: ipv6, Location: 美国, ISP: CloudFlare Inc., Date: None, Delay: -1 ms, Speed: 0.00 M/s, Resolution: None
Name: CCTV-16, URL: http://[2409:8087:1a01:df::4077]/ottrrs.hl.chinamobile.com/PLTV/88888888/224/3221226100/index.m3u8, From: subscribe, IPv_Type: ipv6, Location: 中国, ISP: 中国移动, Date: None, Delay: -1 ms, Speed: 0.00 M/s, Resolution: None
Name: CCTV-16, URL: http://lu.wqwqwq.sbs/itv/1000000006000233002.m3u8?cdn=ystenlive, From: subscribe, IPv_Type: ipv6, Location: 美国, ISP: CloudFlare Inc., Date: None, Delay: -1 ms, Speed: 0.00 M/s, Resolution: None
Name: CCTV-16, URL: http://[2409:8087:8:21::18]:6610/otttv.bj.chinamobile.com/PLTV/88888888/224/3221227002/1.m3u8?, From: subscribe, IPv_Type: ipv6, Location: 中国, ISP: 中国移动, Date: None, Delay: -1 ms, Speed: 0.00 M/s, Resolution: None
Name: CCTV-16, URL: http://[2409:8087:1a01:df::4077]/ottrrs.hl.chinamobile.com/PLTV/88888888/8/3221226100/index.m3u8, From: subscribe, IPv_Type: ipv6, Location: 中国, ISP: 中国移动, Date: None, Delay: -1 ms, Speed: 0.00 M/s, Resolution: None
Name: CCTV-16, URL: http://[2409:8087:1a01:df::4077]/ottrrs.hl.chinamobile.com/yinhe/88888888/224/3221226100/index.m3u8, From: subscribe, IPv_Type: ipv6, Location: 中国, ISP: 中国移动, Date: None, Delay: -1 ms, Speed: 0.00 M/s, Resolution: None
Name: CCTV-16, URL: http://[2409:8087:1a01:df::4077]:80/ottrrs.hl.chinamobile.com/PLTV/88888888/224/3221226100/index.m3u8, From: subscribe, IPv_Type: ipv6, Location: 中国, ISP: 中国移动, Date: None, Delay: -1 ms, Speed: 0.00 M/s, Resolution: None
Name: CCTV-16, URL: http://[2409:8087:1a01:df::4077]:80/ottrrs.hl.chinamobile.com/yinhe/88888888/224/3221226100/index.m3u8, From: subscribe, IPv_Type: ipv6, Location: 中国, ISP: 中国移动, Date: None, Delay: -1 ms, Speed: 0.00 M/s, Resolution: None
Name: CCTV-16, URL: http://[2409:8087:1a01:df::4077]:80/ottrrs.hl.chinamobile.com/PLTV/88888888/8/3221226100/index.m3u8, From: subscribe, IPv_Type: ipv6, Location: 中国, ISP: 中国移动, Date: None, Delay: -1 ms, Speed: 0.00 M/s, Resolution: None
Name: CCTV-16, URL: http://livetv.wqwqwq.sbs/gaoma/cctv4k16.m3u8, From: subscribe, IPv_Type: ipv6, Location: 美国, ISP: CloudFlare Inc., Date: None, Delay: -1 ms, Speed: 0.00 M/s, Resolution: None
Name: CCTV-16, URL: https://iptv.catvod.com/live.php?id=CCTV16, From: subscribe, IPv_Type: ipv6, Location: 美国, ISP: CloudFlare Inc., Date: None, Delay: -1 ms, Speed: 0.00 M/s, Resolution: None
Name: CCTV-16, URL: http://rrs01.hw.gmcc.net:8088/PLTV/81/224/3221226825/1.m3u8, From: subscribe, IPv_Type: ipv6, Location: 中国, ISP: 中国移动, Date: None, Delay: -1 ms, Speed: 0.00 M/s, Resolution: None
Name: CCTV-16, URL: http://ott.mobaibox.com/PLTV/3/224/3221228168/index.m3u8, From: subscribe, IPv_Type: ipv6, Location: 中国, ISP: 中国移动, Date: None, Delay: -1 ms, Speed: 0.00 M/s, Resolution: None
Name: CCTV-16, URL: http://hwottcdn.ln.chinamobile.com/PLTV/11/224/3221227071/index.m3u8, From: subscribe, IPv_Type: ipv6, Location: 中国, ISP: 中国移动, Date: None, Delay: -1 ms, Speed: 0.00 M/s, Resolution: None
Name: CCTV-16, URL: http://hwottcdn.ln.chinamobile.com/PLTV/11/224/3221227074/index.m3u8, From: subscribe, IPv_Type: ipv6, Location: 中国, ISP: 中国移动, Date: None, Delay: -1 ms, Speed: 0.00 M/s, Resolution: None
Name: CCTV-16, URL: http://hwottcdn.ln.chinamobile.com/PLTV/11/224/3221227346/index.m3u8, From: subscribe, IPv_Type: ipv6, Location: 中国, ISP: 中国移动, Date: None, Delay: -1 ms, Speed: 0.00 M/s, Resolution: None
Name: CCTV-16, URL: http://hwltc.tv.cdn.zj.chinamobile.com/PLTV/88888888/224/3221236181/index.m3u8, From: subscribe, IPv_Type: ipv6, Location: 中国, ISP: 中国移动, Date: None, Delay: -1 ms, Speed: 0.00 M/s, Resolution: None
Name: CCTV-16, URL: https://epg.pw/stream/c1beb2abcba5aef09c2f58efc3ca84b76de2c7b9cf60762b0d79772d9e70d454.m3u8, From: subscribe, IPv_Type: ipv6, Location: 美国, ISP: CloudFlare Inc., Date: None, Delay: -1 ms, Speed: 0.00 M/s, Resolution: None
Name: CCTV-16, URL: http://38.75.136.137:98/gslb/dsdqbv/cctv16hd.m3u8?auth=test20251009, From: subscribe, IPv_Type: ipv4, Location: 美国-伊利诺伊州-库克, ISP: Cogent, Date: None, Delay: 683 ms, Speed: 6.75 M/s, Resolution: 1920x1080
Name: CCTV-16, URL: http://38.75.136.137:98/gslb/dsdqpub/cctv16hd.m3u8?auth=testpub, From: subscribe, IPv_Type: ipv4, Location: 美国-伊利诺伊州-库克, ISP: Cogent, Date: None, Delay: 319 ms, Speed: 3.85 M/s, Resolution: 1920x1080
Name: CCTV-16, URL: http://drive.mxmy.net:8888/udp/239.3.1.184:8001, From: subscribe, IPv_Type: ipv4, Location: 中国-北京-北京, ISP: 联通, Date: None, Delay: 603 ms, Speed: 0.65 M/s, Resolution: 1920x1080
Name: CCTV-17, URL: http://php.jdshipin.com/TVOD/hljyd.php?id=3221225765, From: subscribe, IPv_Type: ipv6, Location: 美国, ISP: CloudFlare Inc., Date: None, Delay: -1 ms, Speed: 0.00 M/s, Resolution: None
Name: CCTV-17, URL: https://migu.188766.xyz/?migutoken=31a2b7f2b22da660bf0cc5a86998a394&id=CCTV17&type=yy, From: subscribe, IPv_Type: ipv6, Location: 美国, ISP: CloudFlare Inc., Date: None, Delay: -1 ms, Speed: 0.00 M/s, Resolution: None
Name: CCTV-17, URL: https://iptv.catvod.com/live.php?id=CCTV-17, From: subscribe, IPv_Type: ipv6, Location: 美国, ISP: CloudFlare Inc., Date: None, Delay: -1 ms, Speed: 0.00 M/s, Resolution: None
Name: CCTV-17, URL: https://iptv.catvod.com/live.php?id=CCTV17, From: subscribe, IPv_Type: ipv6, Location: 美国, ISP: CloudFlare Inc., Date: None, Delay: -1 ms, Speed: 0.00 M/s, Resolution: None
Name: CCTV-17, URL: http://[2409:8087:1a01:df::4077]/ottrrs.hl.chinamobile.com/PLTV/88888888/224/3221225765/index.m3u8, From: subscribe, IPv_Type: ipv6, Location: 中国, ISP: 中国移动, Date: None, Delay: -1 ms, Speed: 0.00 M/s, Resolution: None
Name: CCTV-17, URL: http://[2409:8087:8:21::18]:6610/otttv.bj.chinamobile.com/PLTV/88888888/224/3221226318/1.m3u8?, From: subscribe, IPv_Type: ipv6, Location: 中国, ISP: 中国移动, Date: None, Delay: -1 ms, Speed: 0.00 M/s, Resolution: None
Name: CCTV-17, URL: http://[2409:8087:1a01:df::4077]/ottrrs.hl.chinamobile.com/PLTV/88888888/8/3221225765/index.m3u8CCTV1, From: subscribe, IPv_Type: ipv6, Location: 中国, ISP: 中国移动, Date: None, Delay: -1 ms, Speed: 0.00 M/s, Resolution: None
Name: CCTV-17, URL: http://[2409:8087:1a01:df::4077]/ottrrs.hl.chinamobile.com/PLTV/88888888/224/3221225765/1.m3u8?icpid=88888888&from=1&hms_devid=1012&vqe=3, From: subscribe, IPv_Type: ipv6, Location: 中国, ISP: 中国移动, Date: None, Delay: -1 ms, Speed: 0.00 M/s, Resolution: None
Name: CCTV-17, URL: http://[2409:8087:1a01:df::4077]:80/ottrrs.hl.chinamobile.com/PLTV/88888888/8/3221225765/index.m3u8, From: subscribe, IPv_Type: ipv6, Location: 中国, ISP: 中国移动, Date: None, Delay: -1 ms, Speed: 0.00 M/s, Resolution: None
Name: CCTV-17, URL: http://[2409:8087:1a01:df::4077]/ottrrs.hl.chinamobile.com/PLTV/88888888/8/3221225765/index.m3u8, From: subscribe, IPv_Type: ipv6, Location: 中国, ISP: 中国移动, Date: None, Delay: -1 ms, Speed: 0.00 M/s, Resolution: None
Name: CCTV-17, URL: http://[2409:8087:1a01:df::4077]:80/ottrrs.hl.chinamobile.com/PLTV/88888888/224/3221225765/1.m3u8, From: subscribe, IPv_Type: ipv6, Location: 中国, ISP: 中国移动, Date: None, Delay: -1 ms, Speed: 0.00 M/s, Resolution: None
Name: CCTV-17, URL: http://[2409:8087:1a01:df::4025]:80/TVOD/88888888/224/3221225708/main.m3u8, From: subscribe, IPv_Type: ipv6, Location: 中国, ISP: 中国移动, Date: None, Delay: -1 ms, Speed: 0.00 M/s, Resolution: None
Name: CCTV-17, URL: https://migu.188766.xyz/?migutoken=de91db50a94ac7f3538eea23db4cf1f1&id=CCTV17&type=yy, From: subscribe, IPv_Type: ipv6, Location: 美国, ISP: CloudFlare Inc., Date: None, Delay: -1 ms, Speed: 0.00 M/s, Resolution: None
Name: CCTV-17, URL: https://migu.188766.xyz/?migutoken=ad091f0d34648a5911882a19a16f55e9&id=CCTV17&type=yy, From: subscribe, IPv_Type: ipv6, Location: 美国, ISP: CloudFlare Inc., Date: None, Delay: -1 ms, Speed: 0.00 M/s, Resolution: None
Name: CCTV-17, URL: https://migu.188766.xyz/?migutoken=11f897339a5548f16fc1c07e4057b2d6&id=CCTV17&type=yy, From: subscribe, IPv_Type: ipv6, Location: 美国, ISP: CloudFlare Inc., Date: None, Delay: -1 ms, Speed: 0.00 M/s, Resolution: None
Name: CCTV-17, URL: https://migu.188766.xyz/?migutoken=3c8c2a1bffdeff9062bcbc9f5998bbbb&id=CCTV17&type=yy, From: subscribe, IPv_Type: ipv6, Location: 美国, ISP: CloudFlare Inc., Date: None, Delay: -1 ms, Speed: 0.00 M/s, Resolution: None
Name: CCTV-17, URL: https://migu.188766.xyz/?migutoken=c78a166604de3255ae56589d891f4c91&id=CCTV17&type=yy, From: subscribe, IPv_Type: ipv6, Location: 美国, ISP: CloudFlare Inc., Date: None, Delay: -1 ms, Speed: 0.00 M/s, Resolution: None
Name: CCTV-17, URL: https://migu.188766.xyz/?migutoken=bdeb6d39dcb2a59fa088698d0d2f00eb&id=CCTV17&type=yy, From: subscribe, IPv_Type: ipv6, Location: 美国, ISP: CloudFlare Inc., Date: None, Delay: -1 ms, Speed: 0.00 M/s, Resolution: None
Name: CCTV-17, URL: https://migu.188766.xyz/?migutoken=c9500b402c2ef625623e2486872239e8&id=CCTV17&type=yy, From: subscribe, IPv_Type: ipv6, Location: 美国, ISP: CloudFlare Inc., Date: None, Delay: -1 ms, Speed: 0.00 M/s, Resolution: None
Name: CCTV-17, URL: https://migu.188766.xyz/?migutoken=4feb7e427dc6ae82cb0405808bc4f13b&id=CCTV17&type=yy, From: subscribe, IPv_Type: ipv6, Location: 美国, ISP: CloudFlare Inc., Date: None, Delay: -1 ms, Speed: 0.00 M/s, Resolution: None
Name: CCTV-17, URL: https://migu.188766.xyz/?migutoken=1881a68038bd394b34879118e9d53c27&id=CCTV17&type=yy, From: subscribe, IPv_Type: ipv6, Location: 美国, ISP: CloudFlare Inc., Date: None, Delay: -1 ms, Speed: 0.00 M/s, Resolution: None
Name: CCTV-17, URL: https://migu.188766.xyz/?migutoken=19ace71c88c516a6cb7d65a93f79549d&id=CCTV17&type=yy, From: subscribe, IPv_Type: ipv6, Location: 美国, ISP: CloudFlare Inc., Date: None, Delay: -1 ms, Speed: 0.00 M/s, Resolution: None
Name: CCTV-17, URL: https://migu.188766.xyz/?migutoken=6f08cfcbe37719947f502f4732ab4fea&id=CCTV17&type=yy, From: subscribe, IPv_Type: ipv6, Location: 美国, ISP: CloudFlare Inc., Date: None, Delay: -1 ms, Speed: 0.00 M/s, Resolution: None
Name: CCTV-17, URL: https://migu.188766.xyz/?migutoken=26f56fb7410663ebf674510316e72663&id=CCTV17&type=yy, From: subscribe, IPv_Type: ipv6, Location: 美国, ISP: CloudFlare Inc., Date: None, Delay: -1 ms, Speed: 0.00 M/s, Resolution: None
Name: CCTV-17, URL: https://migu.188766.xyz/?migutoken=bb601dee99de1418fcac9863974d36f2&id=CCTV17&type=yy, From: subscribe, IPv_Type: ipv6, Location: 美国, ISP: CloudFlare Inc., Date: None, Delay: -1 ms, Speed: 0.00 M/s, Resolution: None
Name: CCTV-17, URL: https://migu.188766.xyz/?migutoken=c060c39cf0af391368bc499b03b79a9a&id=CCTV17&type=yy, From: subscribe, IPv_Type: ipv6, Location: 美国, ISP: CloudFlare Inc., Date: None, Delay: -1 ms, Speed: 0.00 M/s, Resolution: None
Name: CCTV-17, URL: https://migu.188766.xyz/?migutoken=4f74b57ca043219723af9574ab7121a2&id=CCTV17&type=yy, From: subscribe, IPv_Type: ipv6, Location: 美国, ISP: CloudFlare Inc., Date: None, Delay: -1 ms, Speed: 0.00 M/s, Resolution: None
Name: CCTV-17, URL: https://migu.188766.xyz/?migutoken=59cdab67dbc355f0546a7a38abe13a4d&id=CCTV17&type=yy, From: subscribe, IPv_Type: ipv6, Location: 美国, ISP: CloudFlare Inc., Date: None, Delay: -1 ms, Speed: 0.00 M/s, Resolution: None
Name: CCTV-17, URL: https://migu.188766.xyz/?migutoken=9329985fa4cf1658da3753d2ff66cc8a&id=CCTV17&type=yy, From: subscribe, IPv_Type: ipv6, Location: 美国, ISP: CloudFlare Inc., Date: None, Delay: -1 ms, Speed: 0.00 M/s, Resolution: None
Name: CCTV-17, URL: https://migu.188766.xyz/?migutoken=d944543e3216e1f96b71a9c80db844d8&id=CCTV17&type=yy, From: subscribe, IPv_Type: ipv6, Location: 美国, ISP: CloudFlare Inc., Date: None, Delay: -1 ms, Speed: 0.00 M/s, Resolution: None
Name: CCTV-17, URL: https://migu.188766.xyz/?migutoken=6e8f0ce24e6992edd268da6eb19b19b4&id=CCTV17&type=yy, From: subscribe, IPv_Type: ipv6, Location: 美国, ISP: CloudFlare Inc., Date: None, Delay: -1 ms, Speed: 0.00 M/s, Resolution: None
Name: CCTV-17, URL: https://migu.188766.xyz/?migutoken=36439288f6866850b7dd1774671196dd&id=CCTV17&type=yy, From: subscribe, IPv_Type: ipv6, Location: 美国, ISP: CloudFlare Inc., Date: None, Delay: -1 ms, Speed: 0.00 M/s, Resolution: None
Name: CCTV-17, URL: https://migu.188766.xyz/?migutoken=d32625450edaf4b0d4736fab06ee86d7&id=CCTV17&type=yy, From: subscribe, IPv_Type: ipv6, Location: 美国, ISP: CloudFlare Inc., Date: None, Delay: -1 ms, Speed: 0.00 M/s, Resolution: None
Name: CCTV-17, URL: https://migu.188766.xyz/?migutoken=a93263a295c77d86309de71449531ddc&id=CCTV17&type=yy, From: subscribe, IPv_Type: ipv6, Location: 美国, ISP: CloudFlare Inc., Date: None, Delay: -1 ms, Speed: 0.00 M/s, Resolution: None
Name: CCTV-17, URL: https://migu.188766.xyz/?migutoken=7de294a5c0ce218e5ea297eccbccb3c8&id=CCTV17&type=yy, From: subscribe, IPv_Type: ipv6, Location: 美国, ISP: CloudFlare Inc., Date: None, Delay: -1 ms, Speed: 0.00 M/s, Resolution: None
Name: CCTV-17, URL: http://pull-hls-f26.douyincdn.com/media/stream-118704554834395820.m3u8?arch_hrchy=w1&exp_hrchy=w1&expire=69780e69&major_anchor_level=common&sign=3110e51e78d0ef28cef8b792af1560fa&t_id=037-20260120090129CB135EAED6411C70974A-WTvAu3, From: subscribe, IPv_Type: ipv6, Location: 中国, ISP: , Date: None, Delay: -1 ms, Speed: 0.00 M/s, Resolution: None
Name: CCTV-17, URL: https://migu.188766.xyz/?migutoken=16ff9fd054cf37692f0ff72a65f4dc1d&id=CCTV17&type=yy, From: subscribe, IPv_Type: ipv6, Location: 美国, ISP: CloudFlare Inc., Date: None, Delay: -1 ms, Speed: 0.00 M/s, Resolution: None
Name: CCTV-17, URL: https://migu.188766.xyz/?migutoken=47b3ba758b3b90b539192c638bfc2d4c&id=CCTV17&type=yy, From: subscribe, IPv_Type: ipv6, Location: 美国, ISP: CloudFlare Inc., Date: None, Delay: -1 ms, Speed: 0.00 M/s, Resolution: None
Name: CCTV-17, URL: https://migu.188766.xyz/?migutoken=33b253caddb9f550c4d2231c1e829486&id=CCTV17&type=yy, From: subscribe, IPv_Type: ipv6, Location: 美国, ISP: CloudFlare Inc., Date: None, Delay: -1 ms, Speed: 0.00 M/s, Resolution: None
Name: CCTV-17, URL: https://migu.188766.xyz/?migutoken=7f08bddad1a617b620f5bc984b004aa8&id=CCTV17&type=yy, From: subscribe, IPv_Type: ipv6, Location: 美国, ISP: CloudFlare Inc., Date: None, Delay: -1 ms, Speed: 0.00 M/s, Resolution: None
Name: CCTV-17, URL: http://38.75.136.137:98/gslb/dsdqbv/cctv17hd.m3u8?auth=test20251009, From: subscribe, IPv_Type: ipv4, Location: 美国-伊利诺伊州-库克, ISP: Cogent, Date: None, Delay: 2617 ms, Speed: 2.34 M/s, Resolution: 1920x1080
Name: CCTV-17, URL: http://23.237.228.134/live3/CCTV17.m3u8, From: subscribe, IPv_Type: ipv4, Location: 北美地区, ISP: , Date: None, Delay: 1482 ms, Speed: 1.99 M/s, Resolution: 1920x1080
Name: CETV-1, URL: https://migu.188766.xyz/?migutoken=9487a86604c473797d676ff6e66dcf87&id=CETV1&type=yy, From: subscribe, IPv_Type: ipv6, Location: 美国, ISP: CloudFlare Inc., Date: None, Delay: -1 ms, Speed: 0.00 M/s, Resolution: None
Name: CETV-1, URL: http://[2409:8087:1a0b:df::4020]:80/ottrrs.hl.chinamobile.com/PLTV/88888888/224/3221225652/index.m3u8, From: subscribe, IPv_Type: ipv6, Location: 中国, ISP: 中国移动, Date: None, Delay: -1 ms, Speed: 0.00 M/s, Resolution: None
Name: CETV-1, URL: http://[2409:8087:8:21::18]:6610/otttv.bj.chinamobile.com/PLTV/88888888/224/3221226494/1.m3u8, From: subscribe, IPv_Type: ipv6, Location: 中国, ISP: 中国移动, Date: None, Delay: -1 ms, Speed: 0.00 M/s, Resolution: None
Name: CETV-1, URL: http://rrs01.hw.gmcc.net:8088/PLTV/81/224/3221226673/1.m3u8, From: subscribe, IPv_Type: ipv6, Location: 中国, ISP: 中国移动, Date: None, Delay: -1 ms, Speed: 0.00 M/s, Resolution: None
Name: CETV-1, URL: https://migu.188766.xyz/?migutoken=a55dadc35d37e3e168faf8268cc6fa97&id=CETV1&type=yy, From: subscribe, IPv_Type: ipv6, Location: 美国, ISP: CloudFlare Inc., Date: None, Delay: -1 ms, Speed: 0.00 M/s, Resolution: None
Name: CETV-1, URL: http://iptv.cdn.ha.chinamobile.com/PLTV/88888888/224/3221227190/index.m3u8, From: subscribe, IPv_Type: ipv6, Location: 中国, ISP: 中国移动, Date: None, Delay: -1 ms, Speed: 0.00 M/s, Resolution: None
Name: CETV-1, URL: http://[2409:8087:1a0a:df::4031]:80/ottrrs.hl.chinamobile.com/PLTV/88888888/224/3221225652/index.m3u8, From: subscribe, IPv_Type: ipv6, Location: 中国, ISP: 中国移动, Date: None, Delay: -1 ms, Speed: 0.00 M/s, Resolution: None
Name: CETV-1, URL: http://[2409:8087:1a15:10d1::34]/ottrrs.hl.chinamobile.com/PLTV/88888888/224/3221225652/index.m3u8, From: subscribe, IPv_Type: ipv6, Location: 中国, ISP: 中国移动, Date: None, Delay: -1 ms, Speed: 0.00 M/s, Resolution: None
Name: CETV-1, URL: http://[2409:8087:1a15:10d1::35]/ottrrs.hl.chinamobile.com/PLTV/88888888/224/3221225652/index.m3u8, From: subscribe, IPv_Type: ipv6, Location: 中国, ISP: 中国移动, Date: None, Delay: -1 ms, Speed: 0.00 M/s, Resolution: None
Name: CETV-1, URL: http://[2409:8087:1a0b:df::4020]:80/ottrrs.hl.chinamobile.com/TVOD/88888888/224/3221225652/index.m3u8, From: subscribe, IPv_Type: ipv6, Location: 中国, ISP: 中国移动, Date: None, Delay: -1 ms, Speed: 0.00 M/s, Resolution: None
Name: CETV-1, URL: https://stream1.freetv.fun/cetv1-1.m3u8, From: subscribe, IPv_Type: ipv6, Location: 美国, ISP: CloudFlare Inc., Date: None, Delay: -1 ms, Speed: 0.00 M/s, Resolution: None
Name: CETV-1, URL: https://migu.188766.xyz/?migutoken=b280a7e417433db058982c31144fc41b&id=CETV1&type=yy, From: subscribe, IPv_Type: ipv6, Location: 美国, ISP: CloudFlare Inc., Date: None, Delay: -1 ms, Speed: 0.00 M/s, Resolution: None
Name: CETV-1, URL: https://migu.188766.xyz/?migutoken=7b324b34efdcb32e7f5440a5c17a38a4&id=CETV1&type=yy, From: subscribe, IPv_Type: ipv6, Location: 美国, ISP: CloudFlare Inc., Date: None, Delay: -1 ms, Speed: 0.00 M/s, Resolution: None
Name: CETV-1, URL: https://migu.188766.xyz/?migutoken=2c873d4ebe2ca9041013985073905f41&id=CETV1&type=yy, From: subscribe, IPv_Type: ipv6, Location: 美国, ISP: CloudFlare Inc., Date: None, Delay: -1 ms, Speed: 0.00 M/s, Resolution: None
Name: CETV-1, URL: https://migu.188766.xyz/?migutoken=cfda89f5d13accca537e5c54ee63550f&id=CETV1&type=yy, From: subscribe, IPv_Type: ipv6, Location: 美国, ISP: CloudFlare Inc., Date: None, Delay: -1 ms, Speed: 0.00 M/s, Resolution: None
Name: CETV-1, URL: https://migu.188766.xyz/?migutoken=097fba3ba62246fb813578678f025308&id=CETV1&type=yy, From: subscribe, IPv_Type: ipv6, Location: 美国, ISP: CloudFlare Inc., Date: None, Delay: -1 ms, Speed: 0.00 M/s, Resolution: None
Name: CETV-1, URL: https://migu.188766.xyz/?migutoken=fb17cd8d676f9e97654598d99facdc40&id=CETV1&type=yy, From: subscribe, IPv_Type: ipv6, Location: 美国, ISP: CloudFlare Inc., Date: None, Delay: -1 ms, Speed: 0.00 M/s, Resolution: None
Name: CETV-1, URL: https://migu.188766.xyz/?migutoken=2bba2167620f51e12604ed6ce28bfc65&id=CETV1&type=yy, From: subscribe, IPv_Type: ipv6, Location: 美国, ISP: CloudFlare Inc., Date: None, Delay: -1 ms, Speed: 0.00 M/s, Resolution: None
Name: CETV-1, URL: https://migu.188766.xyz/?migutoken=aa718e33ef521abad0e351d456f6fff1&id=CETV1&type=yy, From: subscribe, IPv_Type: ipv6, Location: 美国, ISP: CloudFlare Inc., Date: None, Delay: -1 ms, Speed: 0.00 M/s, Resolution: None
Name: CETV-1, URL: https://migu.188766.xyz/?migutoken=4b6f8c0ab69919901bb5661082e664db&id=CETV1&type=yy, From: subscribe, IPv_Type: ipv6, Location: 美国, ISP: CloudFlare Inc., Date: None, Delay: -1 ms, Speed: 0.00 M/s, Resolution: None
Name: CETV-1, URL: https://migu.188766.xyz/?migutoken=dc5adcb1de1d8e8a81497062be59a269&id=CETV1&type=yy, From: subscribe, IPv_Type: ipv6, Location: 美国, ISP: CloudFlare Inc., Date: None, Delay: -1 ms, Speed: 0.00 M/s, Resolution: None
Name: CETV-1, URL: https://migu.188766.xyz/?migutoken=0700b569a7a9c51c6d393ec0ee63f632&id=CETV1&type=yy, From: subscribe, IPv_Type: ipv6, Location: 美国, ISP: CloudFlare Inc., Date: None, Delay: -1 ms, Speed: 0.00 M/s, Resolution: None
Name: CETV-1, URL: https://migu.188766.xyz/?migutoken=87c4e3887834942b8fc85561ab9eb620&id=CETV1&type=yy, From: subscribe, IPv_Type: ipv6, Location: 美国, ISP: CloudFlare Inc., Date: None, Delay: -1 ms, Speed: 0.00 M/s, Resolution: None
Name: CETV-1, URL: https://migu.188766.xyz/?migutoken=517d0c642009a0ed90498fd1d27c511e&id=CETV1&type=yy, From: subscribe, IPv_Type: ipv6, Location: 美国, ISP: CloudFlare Inc., Date: None, Delay: -1 ms, Speed: 0.00 M/s, Resolution: None
Name: CETV-1, URL: https://migu.188766.xyz/?migutoken=67fa89ff7e661ea68f4b613440572bb1&id=CETV1&type=yy, From: subscribe, IPv_Type: ipv6, Location: 美国, ISP: CloudFlare Inc., Date: None, Delay: -1 ms, Speed: 0.00 M/s, Resolution: None
Name: CETV-1, URL: https://migu.188766.xyz/?migutoken=bf4044ccc0e29138d8b302674c003f75&id=CETV1&type=yy, From: subscribe, IPv_Type: ipv6, Location: 美国, ISP: CloudFlare Inc., Date: None, Delay: -1 ms, Speed: 0.00 M/s, Resolution: None
Name: CETV-1, URL: https://migu.188766.xyz/?migutoken=36ef7f6bca62cec9abdcde133fce0012&id=CETV1&type=yy, From: subscribe, IPv_Type: ipv6, Location: 美国, ISP: CloudFlare Inc., Date: None, Delay: -1 ms, Speed: 0.00 M/s, Resolution: None
Name: CETV-1, URL: https://migu.188766.xyz/?migutoken=7025fbbac417e2fb8e16c9493647325c&id=CETV1&type=yy, From: subscribe, IPv_Type: ipv6, Location: 美国, ISP: CloudFlare Inc., Date: None, Delay: -1 ms, Speed: 0.00 M/s, Resolution: None
Name: CETV-1, URL: http://[2409:8087:8:21::18]:6610/otttv.bj.chinamobile.com/PLTV/88888888/224/3221226494/1.m3u8?, From: subscribe, IPv_Type: ipv6, Location: 中国, ISP: 中国移动, Date: None, Delay: -1 ms, Speed: 0.00 M/s, Resolution: None
Name: CETV-1, URL: https://migu.188766.xyz/?migutoken=684179e41c8a963862d526472a85d0a9&id=CETV1&type=yy, From: subscribe, IPv_Type: ipv6, Location: 美国, ISP: CloudFlare Inc., Date: None, Delay: -1 ms, Speed: 0.00 M/s, Resolution: None
Name: CETV-1, URL: https://migu.188766.xyz/?migutoken=ff34eee73bd188acb0749876b26b893d&id=CETV1&type=yy, From: subscribe, IPv_Type: ipv6, Location: 美国, ISP: CloudFlare Inc., Date: None, Delay: -1 ms, Speed: 0.00 M/s, Resolution: None
Name: CETV-1, URL: https://migu.188766.xyz/?migutoken=d8afbeebe19bee5251df8a07f913b225&id=CETV1&type=yy, From: subscribe, IPv_Type: ipv6, Location: 美国, ISP: CloudFlare Inc., Date: None, Delay: -1 ms, Speed: 0.00 M/s, Resolution: None
Name: CETV-1, URL: https://migu.188766.xyz/?migutoken=fba07572f05b80eeb134b946c9b01cf0&id=CETV1&type=yy, From: subscribe, IPv_Type: ipv6, Location: 美国, ISP: CloudFlare Inc., Date: None, Delay: -1 ms, Speed: 0.00 M/s, Resolution: None
Name: CETV-1, URL: https://migu.188766.xyz/?migutoken=f627e096b607dbc6c054725908780db3&id=CETV1&type=yy, From: subscribe, IPv_Type: ipv6, Location: 美国, ISP: CloudFlare Inc., Date: None, Delay: -1 ms, Speed: 0.00 M/s, Resolution: None
Name: CETV-1, URL: https://migu.188766.xyz/?migutoken=23fe3b28f3e7c6ee89105ece09dd7a37&id=CETV1&type=yy, From: subscribe, IPv_Type: ipv6, Location: 美国, ISP: CloudFlare Inc., Date: None, Delay: -1 ms, Speed: 0.00 M/s, Resolution: None
Name: CETV-1, URL: https://migu.188766.xyz/?migutoken=7f0b630af844551ebe8505554d18ef90&id=CETV1&type=yy, From: subscribe, IPv_Type: ipv6, Location: 美国, ISP: CloudFlare Inc., Date: None, Delay: -1 ms, Speed: 0.00 M/s, Resolution: None
Name: CETV-1, URL: https://migu.188766.xyz/?migutoken=3a98303e29d887a72722cea95b06e998&id=CETV1&type=yy, From: subscribe, IPv_Type: ipv6, Location: 美国, ISP: CloudFlare Inc., Date: None, Delay: -1 ms, Speed: 0.00 M/s, Resolution: None
Name: CETV-1, URL: https://migu.188766.xyz/?migutoken=c42ff5ad98e4640ab2b583364e7691ff&id=CETV1&type=yy, From: subscribe, IPv_Type: ipv6, Location: 美国, ISP: CloudFlare Inc., Date: None, Delay: -1 ms, Speed: 0.00 M/s, Resolution: None
Name: CETV-1, URL: https://migu.188766.xyz/?migutoken=17db988ee1ff225e93a28d2b44203eb2&id=CETV1&type=yy, From: subscribe, IPv_Type: ipv6, Location: 美国, ISP: CloudFlare Inc., Date: None, Delay: -1 ms, Speed: 0.00 M/s, Resolution: None
Name: CETV-1, URL: http://171.83.103.119:9999/rtp/239.69.1.110:10298, From: subscribe, IPv_Type: ipv4, Location: 中国-湖北-武汉, ISP: 电信, Date: None, Delay: 506 ms, Speed: 0.03 M/s, Resolution: 1920x1080
Name: CETV-1, URL: http://112.254.55.106:22222/rtp/239.253.254.110:8000, From: subscribe, IPv_Type: ipv4, Location: 中国-山东-青岛, ISP: 联通, Date: None, Delay: 529 ms, Speed: 0.01 M/s, Resolution: 1920x1080
Name: CETV-2, URL: https://migu.188766.xyz/?migutoken=d3de88f14b6b17a0aee9ca4962f38780&id=CETV2&type=yy, From: subscribe, IPv_Type: ipv6, Location: 美国, ISP: CloudFlare Inc., Date: None, Delay: -1 ms, Speed: 0.00 M/s, Resolution: None
Name: CETV-2, URL: http://[2409:8087:1a0b:df::4013]:80/ottrrs.hl.chinamobile.com/PLTV/88888888/224/3221226425/index.m3u8, From: subscribe, IPv_Type: ipv6, Location: 中国, ISP: 中国移动, Date: None, Delay: -1 ms, Speed: 0.00 M/s, Resolution: None
Name: CETV-2, URL: http://[2409:8087:8:21::18]:6610/otttv.bj.chinamobile.com/PLTV/88888888/224/3221226537/1.m3u8?GuardEncType=2&accountinfo=%7E%7EV2.0%7E7AxXs4eTU2oiWrhopr9sHw%7E_eNUbgU9sJGUcVVduOMKhafLvQUgE_zlz_7pvDimJNNxsM0Bor098BJglrhfEQTl%2CEND, From: subscribe, IPv_Type: ipv6, Location: 中国, ISP: 中国移动, Date: None, Delay: -1 ms, Speed: 0.00 M/s, Resolution: None
Name: CETV-2, URL: http://rrs01.hw.gmcc.net:8088/PLTV/81/224/3221226718/1.m3u8, From: subscribe, IPv_Type: ipv6, Location: 中国, ISP: 中国移动, Date: None, Delay: -1 ms, Speed: 0.00 M/s, Resolution: None
Name: CETV-2, URL: https://migu.188766.xyz/?migutoken=98daa3ba4c81372351b73d9075023b9b&id=CETV2&type=yy, From: subscribe, IPv_Type: ipv6, Location: 美国, ISP: CloudFlare Inc., Date: None, Delay: -1 ms, Speed: 0.00 M/s, Resolution: None
Name: CETV-2, URL: http://iptv.cdn.ha.chinamobile.com/PLTV/88888888/224/3221227329/index.m3u8, From: subscribe, IPv_Type: ipv6, Location: 中国, ISP: 中国移动, Date: None, Delay: -1 ms, Speed: 0.00 M/s, Resolution: None
Name: CETV-2, URL: http://ottrrs.hl.chinamobile.com/PLTV/88888888/224/3221226425/index.m3u8, From: subscribe, IPv_Type: ipv6, Location: 中国, ISP: 中国移动, Date: None, Delay: -1 ms, Speed: 0.00 M/s, Resolution: None
Name: CETV-2, URL: http://[2409:8087:1a0a:df::4031]:80/ottrrs.hl.chinamobile.com/PLTV/88888888/224/3221226425/index.m3u8, From: subscribe, IPv_Type: ipv6, Location: 中国, ISP: 中国移动, Date: None, Delay: -1 ms, Speed: 0.00 M/s, Resolution: None
Name: CETV-2, URL: http://gslbmgsplive.miguvideo.com/migu/kailu/cetv2/50/20240709/index.m3u8?msisdn=20250903090033bf55eab2bb984fe0b4ac863e60d28ac6&mdspid=&spid=699004&netType=0&sid=5910022152&pid=2028597139&timestamp=20250903090033&Channel_ID=0116_2600037000-99000-200300220100002&ProgramID=923287211&ParentNodeID=-99&assertID=5910022152&client_ip=106.13.250.83&SecurityKey=20250903090033&promotionId=&mvid=5900006638&mcid=500020&playurlVersion=WX-A1-8.8.1-RELEASE&userid=&jmhm=&videocodec=h264&bean=mgspad&tid=android&conFee=0&puData=ebfbdc6c83654112720d2b5599373223&ddCalcu=3e2bv2fa3ba7da3c969c5853b625d4012172&sv=10004&ct=android, From: subscribe, IPv_Type: ipv6, Location: 中国, ISP: 中国移动, Date: None, Delay: -1 ms, Speed: 0.00 M/s, Resolution: None
Name: CETV-2, URL: http://[2409:8087:1a0b:df::4013]:80/ottrrs.hl.chinamobile.com/TVOD/88888888/224/3221226425/index.m3u8, From: subscribe, IPv_Type: ipv6, Location: 中国, ISP: 中国移动, Date: None, Delay: -1 ms, Speed: 0.00 M/s, Resolution: None
Name: CETV-2, URL: https://migu.188766.xyz/?migutoken=359b7fa6564939f8beeb0fe9e65ec7ca&id=CETV2&type=yy, From: subscribe, IPv_Type: ipv6, Location: 美国, ISP: CloudFlare Inc., Date: None, Delay: -1 ms, Speed: 0.00 M/s, Resolution: None
Name: CETV-2, URL: https://migu.188766.xyz/?migutoken=9f2d5e9a7b4c69749a53c1aa427ba5b2&id=CETV2&type=yy, From: subscribe, IPv_Type: ipv6, Location: 美国, ISP: CloudFlare Inc., Date: None, Delay: -1 ms, Speed: 0.00 M/s, Resolution: None
Name: CETV-2, URL: https://migu.188766.xyz/?migutoken=98d79d785dced88d1c1595bf405b8412&id=CETV2&type=yy, From: subscribe, IPv_Type: ipv6, Location: 美国, ISP: CloudFlare Inc., Date: None, Delay: -1 ms, Speed: 0.00 M/s, Resolution: None
Name: CETV-2, URL: https://migu.188766.xyz/?migutoken=0b52ecbeb3078f7b77190b414b978e62&id=CETV2&type=yy, From: subscribe, IPv_Type: ipv6, Location: 美国, ISP: CloudFlare Inc., Date: None, Delay: -1 ms, Speed: 0.00 M/s, Resolution: None
Name: CETV-2, URL: https://migu.188766.xyz/?migutoken=fad61fa0e012b50ab5d198b29e064a4b&id=CETV2&type=yy, From: subscribe, IPv_Type: ipv6, Location: 美国, ISP: CloudFlare Inc., Date: None, Delay: -1 ms, Speed: 0.00 M/s, Resolution: None
Name: CETV-2, URL: https://migu.188766.xyz/?migutoken=a649deee33c083c281a36f5f90ab1315&id=CETV2&type=yy, From: subscribe, IPv_Type: ipv6, Location: 美国, ISP: CloudFlare Inc., Date: None, Delay: -1 ms, Speed: 0.00 M/s, Resolution: None
Name: CETV-2, URL: https://migu.188766.xyz/?migutoken=970223d9fb127a12d57df92e9ecfbc8a&id=CETV2&type=yy, From: subscribe, IPv_Type: ipv6, Location: 美国, ISP: CloudFlare Inc., Date: None, Delay: -1 ms, Speed: 0.00 M/s, Resolution: None
Name: CETV-2, URL: https://migu.188766.xyz/?migutoken=e1b07014952e4ab755ff5f7fc3902bfd&id=CETV2&type=yy, From: subscribe, IPv_Type: ipv6, Location: 美国, ISP: CloudFlare Inc., Date: None, Delay: -1 ms, Speed: 0.00 M/s, Resolution: None
Name: CETV-2, URL: https://migu.188766.xyz/?migutoken=662d55b2bd9b8efe7754681041733fc1&id=CETV2&type=yy, From: subscribe, IPv_Type: ipv6, Location: 美国, ISP: CloudFlare Inc., Date: None, Delay: -1 ms, Speed: 0.00 M/s, Resolution: None
Name: CETV-2, URL: https://migu.188766.xyz/?migutoken=d64ce1995bccd85ece2cba7ab157e68a&id=CETV2&type=yy, From: subscribe, IPv_Type: ipv6, Location: 美国, ISP: CloudFlare Inc., Date: None, Delay: -1 ms, Speed: 0.00 M/s, Resolution: None
Name: CETV-2, URL: https://migu.188766.xyz/?migutoken=514072f3d51bd167ac8fdd5148f0662a&id=CETV2&type=yy, From: subscribe, IPv_Type: ipv6, Location: 美国, ISP: CloudFlare Inc., Date: None, Delay: -1 ms, Speed: 0.00 M/s, Resolution: None
Name: CETV-2, URL: https://migu.188766.xyz/?migutoken=870ec96fea8597ace1fb72766cf9ba2e&id=CETV2&type=yy, From: subscribe, IPv_Type: ipv6, Location: 美国, ISP: CloudFlare Inc., Date: None, Delay: -1 ms, Speed: 0.00 M/s, Resolution: None
Name: CETV-2, URL: https://migu.188766.xyz/?migutoken=b28209c7b9cb3fb36f34b806c8a13896&id=CETV2&type=yy, From: subscribe, IPv_Type: ipv6, Location: 美国, ISP: CloudFlare Inc., Date: None, Delay: -1 ms, Speed: 0.00 M/s, Resolution: None
Name: CETV-2, URL: https://migu.188766.xyz/?migutoken=80d135103cebd5c6f3469ef1473f7bd9&id=CETV2&type=yy, From: subscribe, IPv_Type: ipv6, Location: 美国, ISP: CloudFlare Inc., Date: None, Delay: -1 ms, Speed: 0.00 M/s, Resolution: None
Name: CETV-2, URL: https://migu.188766.xyz/?migutoken=26a739e163df7481518d49bb1835b67a&id=CETV2&type=yy, From: subscribe, IPv_Type: ipv6, Location: 美国, ISP: CloudFlare Inc., Date: None, Delay: -1 ms, Speed: 0.00 M/s, Resolution: None
Name: CETV-2, URL: https://migu.188766.xyz/?migutoken=933375f10f59db6fe40d9315edf498e2&id=CETV2&type=yy, From: subscribe, IPv_Type: ipv6, Location: 美国, ISP: CloudFlare Inc., Date: None, Delay: -1 ms, Speed: 0.00 M/s, Resolution: None
Name: CETV-2, URL: https://migu.188766.xyz/?migutoken=4a5c2b012be7453cdbd6e01294e9ceb7&id=CETV2&type=yy, From: subscribe, IPv_Type: ipv6, Location: 美国, ISP: CloudFlare Inc., Date: None, Delay: -1 ms, Speed: 0.00 M/s, Resolution: None
Name: CETV-2, URL: https://migu.188766.xyz/?migutoken=40587ce1f3dc9d1db0d1e40530f2c857&id=CETV2&type=yy, From: subscribe, IPv_Type: ipv6, Location: 美国, ISP: CloudFlare Inc., Date: None, Delay: -1 ms, Speed: 0.00 M/s, Resolution: None
Name: CETV-2, URL: https://migu.188766.xyz/?migutoken=10de32222b3e0eaa5c2761a299af762e&id=CETV2&type=yy, From: subscribe, IPv_Type: ipv6, Location: 美国, ISP: CloudFlare Inc., Date: None, Delay: -1 ms, Speed: 0.00 M/s, Resolution: None
Name: CETV-2, URL: https://migu.188766.xyz/?migutoken=12c623ad85072d0d367ab603aa22d415&id=CETV2&type=yy, From: subscribe, IPv_Type: ipv6, Location: 美国, ISP: CloudFlare Inc., Date: None, Delay: -1 ms, Speed: 0.00 M/s, Resolution: None
Name: CETV-2, URL: https://migu.188766.xyz/?migutoken=a1758d23feb454b49b204c8b28e7cb18&id=CETV2&type=yy, From: subscribe, IPv_Type: ipv6, Location: 美国, ISP: CloudFlare Inc., Date: None, Delay: -1 ms, Speed: 0.00 M/s, Resolution: None
Name: CETV-2, URL: https://migu.188766.xyz/?migutoken=e2ff2cbbb5318cfb3d6f3ebd041d14f9&id=CETV2&type=yy, From: subscribe, IPv_Type: ipv6, Location: 美国, ISP: CloudFlare Inc., Date: None, Delay: -1 ms, Speed: 0.00 M/s, Resolution: None
Name: CETV-2, URL: https://migu.188766.xyz/?migutoken=6757cf21cd95be0e12bb4b428b05f151&id=CETV2&type=yy, From: subscribe, IPv_Type: ipv6, Location: 美国, ISP: CloudFlare Inc., Date: None, Delay: -1 ms, Speed: 0.00 M/s, Resolution: None
Name: CETV-2, URL: https://migu.188766.xyz/?migutoken=9a5154f3ec195d81bb5dbde686dcbeba&id=CETV2&type=yy, From: subscribe, IPv_Type: ipv6, Location: 美国, ISP: CloudFlare Inc., Date: None, Delay: -1 ms, Speed: 0.00 M/s, Resolution: None
Name: CETV-2, URL: https://migu.188766.xyz/?migutoken=040ac71bd6538c2707efaf601844b84c&id=CETV2&type=yy, From: subscribe, IPv_Type: ipv6, Location: 美国, ISP: CloudFlare Inc., Date: None, Delay: -1 ms, Speed: 0.00 M/s, Resolution: None
Name: CETV-2, URL: https://migu.188766.xyz/?migutoken=6058bd772ca8776edf91498cd18ff202&id=CETV2&type=yy, From: subscribe, IPv_Type: ipv6, Location: 美国, ISP: CloudFlare Inc., Date: None, Delay: -1 ms, Speed: 0.00 M/s, Resolution: None
Name: CETV-2, URL: https://migu.188766.xyz/?migutoken=abfa7e64d410c9bf2260fd7955bd4245&id=CETV2&type=yy, From: subscribe, IPv_Type: ipv6, Location: 美国, ISP: CloudFlare Inc., Date: None, Delay: -1 ms, Speed: 0.00 M/s, Resolution: None
Name: CETV-3, URL: http://[2409:8087:7004:20:1000::22]:6610/yinhe/2/ch00000090990000001309/index.m3u8, From: subscribe, IPv_Type: ipv6, Location: 中国, ISP: 中国移动, Date: None, Delay: -1 ms, Speed: 0.00 M/s, Resolution: None
Name: CETV-3, URL: http://[2409:8087:8:21::18]:6610/otttv.bj.chinamobile.com/PLTV/88888888/224/3221226577/1.m3u8?GuardEncType=2&accountinfo=%7E%7EV2.0%7EhE2Z89HKgsQOlN9opVn1iw%7E_eNUbgU9sJGUcVVduOMKhafLvQUgE_zlz_7pvDimJNN03yUnk4zBVk1bynPPL3hZ%2CEND, From: subscribe, IPv_Type: ipv6, Location: 中国, ISP: 中国移动, Date: None, Delay: -1 ms, Speed: 0.00 M/s, Resolution: None
Name: CETV-3, URL: http://rrs01.hw.gmcc.net:8088/PLTV/81/224/3221226722/1.m3u8, From: subscribe, IPv_Type: ipv6, Location: 中国, ISP: 中国移动, Date: None, Delay: -1 ms, Speed: 0.00 M/s, Resolution: None
Name: CETV-3, URL: http://iptv.cdn.ha.chinamobile.com/PLTV/88888888/224/3221227352/index.m3u8, From: subscribe, IPv_Type: ipv6, Location: 中国, ISP: 中国移动, Date: None, Delay: -1 ms, Speed: 0.00 M/s, Resolution: None
Name: CETV-3, URL: http://ott.mobaibox.com/PLTV/3/224/3221227018/index.m3u8, From: subscribe, IPv_Type: ipv6, Location: 中国, ISP: 中国移动, Date: None, Delay: -1 ms, Speed: 0.00 M/s, Resolution: None
Name: CETV-3, URL: http://iptv.666230.xyz/iptv/jsyd.php/G_CETV-3, From: subscribe, IPv_Type: ipv6, Location: 美国, ISP: CloudFlare Inc., Date: None, Delay: -1 ms, Speed: 0.00 M/s, Resolution: None
Name: CETV-4, URL: https://migu.188766.xyz/?migutoken=bf826efa5428f32a0e8a55c1e8f70d3f&id=CETV4&type=yy, From: subscribe, IPv_Type: ipv6, Location: 美国, ISP: CloudFlare Inc., Date: None, Delay: -1 ms, Speed: 0.00 M/s, Resolution: None
Name: CETV-4, URL: http://[2409:8087:1a0b:df::4020]:80/ottrrs.hl.chinamobile.com/PLTV/88888888/224/3221225783/index.m3u8, From: subscribe, IPv_Type: ipv6, Location: 中国, ISP: 中国移动, Date: None, Delay: -1 ms, Speed: 0.00 M/s, Resolution: None
Name: CETV-4, URL: http://[2409:8087:8:21::18]:6610/otttv.bj.chinamobile.com/PLTV/88888888/224/3221226997/1.m3u8?GuardEncType=2&accountinfo=%7E%7EV2.0%7EAw_OvjRgJVjtlaOa0dcgzg%7EtP4-l0lmSfjwLWEfK_el1vH_mv-s1zo4AQJwdedaVwG9xkuFTDg8J26cwOrNJzn20BErrHdLhuZ9EzLUCD3PMW-OMx4MGteHV2vLeW6BqoY%2CEND, From: subscribe, IPv_Type: ipv6, Location: 中国, ISP: 中国移动, Date: None, Delay: -1 ms, Speed: 0.00 M/s, Resolution: None
Name: CETV-4, URL: http://rrs01.hw.gmcc.net:8088/PLTV/81/224/3221226724/1.m3u8, From: subscribe, IPv_Type: ipv6, Location: 中国, ISP: 中国移动, Date: None, Delay: -1 ms, Speed: 0.00 M/s, Resolution: None
Name: CETV-4, URL: https://migu.188766.xyz/?migutoken=d5d19d868e1df41e984866fc7ca15071&id=CETV4&type=yy, From: subscribe, IPv_Type: ipv6, Location: 美国, ISP: CloudFlare Inc., Date: None, Delay: -1 ms, Speed: 0.00 M/s, Resolution: None
Name: CETV-4, URL: http://iptv.cdn.ha.chinamobile.com/PLTV/88888888/224/3221227331/index.m3u8, From: subscribe, IPv_Type: ipv6, Location: 中国, ISP: 中国移动, Date: None, Delay: -1 ms, Speed: 0.00 M/s, Resolution: None
Name: CETV-4, URL: http://ottrrs.hl.chinamobile.com/PLTV/88888888/224/3221225783/index.m3u8, From: subscribe, IPv_Type: ipv6, Location: 中国, ISP: 中国移动, Date: None, Delay: -1 ms, Speed: 0.00 M/s, Resolution: None
Name: CETV-4, URL: http://[2409:8087:1a0a:df::4031]:80/ottrrs.hl.chinamobile.com/PLTV/88888888/224/3221225783/index.m3u8, From: subscribe, IPv_Type: ipv6, Location: 中国, ISP: 中国移动, Date: None, Delay: -1 ms, Speed: 0.00 M/s, Resolution: None
Name: CETV-4, URL: http://sxydajtvlive.sx.chinamobile.com/PLTV/-/224/3221225748/1.m3u8, From: subscribe, IPv_Type: ipv6, Location: 中国, ISP: 中国移动, Date: None, Delay: -1 ms, Speed: 0.00 M/s, Resolution: None
Name: CETV-4, URL: http://[2409:8087:1a0b:df::4020]:80/ottrrs.hl.chinamobile.com/TVOD/88888888/224/3221225783/index.m3u8, From: subscribe, IPv_Type: ipv6, Location: 中国, ISP: 中国移动, Date: None, Delay: -1 ms, Speed: 0.00 M/s, Resolution: None
Name: CETV-4, URL: https://migu.188766.xyz/?migutoken=295dc662d2b6490bb6ce0d801b8ade8e&id=CETV4&type=yy, From: subscribe, IPv_Type: ipv6, Location: 美国, ISP: CloudFlare Inc., Date: None, Delay: -1 ms, Speed: 0.00 M/s, Resolution: None
Name: CETV-4, URL: https://migu.188766.xyz/?migutoken=a6e8d741d6193df7a9362543db53b04a&id=CETV4&type=yy, From: subscribe, IPv_Type: ipv6, Location: 美国, ISP: CloudFlare Inc., Date: None, Delay: -1 ms, Speed: 0.00 M/s, Resolution: None
Name: CETV-4, URL: https://migu.188766.xyz/?migutoken=6534ec846777fafcdfa55404fe436219&id=CETV4&type=yy, From: subscribe, IPv_Type: ipv6, Location: 美国, ISP: CloudFlare Inc., Date: None, Delay: -1 ms, Speed: 0.00 M/s, Resolution: None
Name: CETV-4, URL: https://migu.188766.xyz/?migutoken=82cdda14ca4df9495925ac73161b35a0&id=CETV4&type=yy, From: subscribe, IPv_Type: ipv6, Location: 美国, ISP: CloudFlare Inc., Date: None, Delay: -1 ms, Speed: 0.00 M/s, Resolution: None
Name: CETV-4, URL: https://migu.188766.xyz/?migutoken=a3f00aea95880baab15e9f5133889fbf&id=CETV4&type=yy, From: subscribe, IPv_Type: ipv6, Location: 美国, ISP: CloudFlare Inc., Date: None, Delay: -1 ms, Speed: 0.00 M/s, Resolution: None
Name: CETV-4, URL: https://migu.188766.xyz/?migutoken=8485453c3d6ed32e197e336c28ca3789&id=CETV4&type=yy, From: subscribe, IPv_Type: ipv6, Location: 美国, ISP: CloudFlare Inc., Date: None, Delay: -1 ms, Speed: 0.00 M/s, Resolution: None
Name: CETV-4, URL: https://migu.188766.xyz/?migutoken=48b763d8df91a38b8a397b5255ea7759&id=CETV4&type=yy, From: subscribe, IPv_Type: ipv6, Location: 美国, ISP: CloudFlare Inc., Date: None, Delay: -1 ms, Speed: 0.00 M/s, Resolution: None
Name: CETV-4, URL: https://migu.188766.xyz/?migutoken=1cf855cccd55317059350e907934b291&id=CETV4&type=yy, From: subscribe, IPv_Type: ipv6, Location: 美国, ISP: CloudFlare Inc., Date: None, Delay: -1 ms, Speed: 0.00 M/s, Resolution: None
Name: CETV-4, URL: https://migu.188766.xyz/?migutoken=49f8d03f2926a516dc2870ad312356bf&id=CETV4&type=yy, From: subscribe, IPv_Type: ipv6, Location: 美国, ISP: CloudFlare Inc., Date: None, Delay: -1 ms, Speed: 0.00 M/s, Resolution: None
Name: CETV-4, URL: https://migu.188766.xyz/?migutoken=65606a22b5774a56cc8b50c5e237d254&id=CETV4&type=yy, From: subscribe, IPv_Type: ipv6, Location: 美国, ISP: CloudFlare Inc., Date: None, Delay: -1 ms, Speed: 0.00 M/s, Resolution: None
Name: CETV-4, URL: https://migu.188766.xyz/?migutoken=1f5a75404d40f2b7c23992a8ab8cc331&id=CETV4&type=yy, From: subscribe, IPv_Type: ipv6, Location: 美国, ISP: CloudFlare Inc., Date: None, Delay: -1 ms, Speed: 0.00 M/s, Resolution: None
Name: CETV-4, URL: https://migu.188766.xyz/?migutoken=ea9312e82d05e7d5bacaf37f56c5ece1&id=CETV4&type=yy, From: subscribe, IPv_Type: ipv6, Location: 美国, ISP: CloudFlare Inc., Date: None, Delay: -1 ms, Speed: 0.00 M/s, Resolution: None
Name: CETV-4, URL: https://migu.188766.xyz/?migutoken=15d317a52d0200a933e93bf4e7a1ed10&id=CETV4&type=yy, From: subscribe, IPv_Type: ipv6, Location: 美国, ISP: CloudFlare Inc., Date: None, Delay: -1 ms, Speed: 0.00 M/s, Resolution: None
Name: CETV-4, URL: https://migu.188766.xyz/?migutoken=e8f089113a890cfb3a1edbfeaf0433e9&id=CETV4&type=yy, From: subscribe, IPv_Type: ipv6, Location: 美国, ISP: CloudFlare Inc., Date: None, Delay: -1 ms, Speed: 0.00 M/s, Resolution: None
Name: CETV-4, URL: https://migu.188766.xyz/?migutoken=17de21f76bdb2f1755bd3e2870a23653&id=CETV4&type=yy, From: subscribe, IPv_Type: ipv6, Location: 美国, ISP: CloudFlare Inc., Date: None, Delay: -1 ms, Speed: 0.00 M/s, Resolution: None
Name: CETV-4, URL: https://migu.188766.xyz/?migutoken=8d4526a960b7bdd7a85faa29d1cc9e03&id=CETV4&type=yy, From: subscribe, IPv_Type: ipv6, Location: 美国, ISP: CloudFlare Inc., Date: None, Delay: -1 ms, Speed: 0.00 M/s, Resolution: None
Name: CETV-4, URL: https://migu.188766.xyz/?migutoken=b13d53d8aaf3b0080b8a0fd357235584&id=CETV4&type=yy, From: subscribe, IPv_Type: ipv6, Location: 美国, ISP: CloudFlare Inc., Date: None, Delay: -1 ms, Speed: 0.00 M/s, Resolution: None
Name: CETV-4, URL: https://migu.188766.xyz/?migutoken=c1d5c21cdc5028a4f7b8afcaad4d5176&id=CETV4&type=yy, From: subscribe, IPv_Type: ipv6, Location: 美国, ISP: CloudFlare Inc., Date: None, Delay: -1 ms, Speed: 0.00 M/s, Resolution: None
Name: CETV-4, URL: https://migu.188766.xyz/?migutoken=85b4e79728e9d72f5ca240d2dffabeff&id=CETV4&type=yy, From: subscribe, IPv_Type: ipv6, Location: 美国, ISP: CloudFlare Inc., Date: None, Delay: -1 ms, Speed: 0.00 M/s, Resolution: None
Name: CETV-4, URL: https://migu.188766.xyz/?migutoken=8691de70bad3b2f3cd801b0a75246160&id=CETV4&type=yy, From: subscribe, IPv_Type: ipv6, Location: 美国, ISP: CloudFlare Inc., Date: None, Delay: -1 ms, Speed: 0.00 M/s, Resolution: None
Name: CETV-4, URL: https://migu.188766.xyz/?migutoken=a81629d5fea47bde910c8f98cb6c9b5d&id=CETV4&type=yy, From: subscribe, IPv_Type: ipv6, Location: 美国, ISP: CloudFlare Inc., Date: None, Delay: -1 ms, Speed: 0.00 M/s, Resolution: None
Name: CETV-4, URL: https://migu.188766.xyz/?migutoken=c601816a2a235762cbfc043f883867db&id=CETV4&type=yy, From: subscribe, IPv_Type: ipv6, Location: 美国, ISP: CloudFlare Inc., Date: None, Delay: -1 ms, Speed: 0.00 M/s, Resolution: None
Name: CETV-4, URL: https://migu.188766.xyz/?migutoken=b3f5cf0b3981bb6403e7a23e951c78f0&id=CETV4&type=yy, From: subscribe, IPv_Type: ipv6, Location: 美国, ISP: CloudFlare Inc., Date: None, Delay: -1 ms, Speed: 0.00 M/s, Resolution: None
Name: CETV-4, URL: https://migu.188766.xyz/?migutoken=24163db9db210fd8010ada1ad27ff526&id=CETV4&type=yy, From: subscribe, IPv_Type: ipv6, Location: 美国, ISP: CloudFlare Inc., Date: None, Delay: -1 ms, Speed: 0.00 M/s, Resolution: None
Name: CETV-4, URL: https://migu.188766.xyz/?migutoken=5c8ba41dfa4ffee0c48e0bfe6926afd4&id=CETV4&type=yy, From: subscribe, IPv_Type: ipv6, Location: 美国, ISP: CloudFlare Inc., Date: None, Delay: -1 ms, Speed: 0.00 M/s, Resolution: None
Name: CETV-4, URL: https://migu.188766.xyz/?migutoken=37d2643839c6dab69155c1b2d8194f3c&id=CETV4&type=yy, From: subscribe, IPv_Type: ipv6, Location: 美国, ISP: CloudFlare Inc., Date: None, Delay: -1 ms, Speed: 0.00 M/s, Resolution: None
Name: CETV-4, URL: https://migu.188766.xyz/?migutoken=dc45439be55f170e7b1e37adca8e2b7f&id=CETV4&type=yy, From: subscribe, IPv_Type: ipv6, Location: 美国, ISP: CloudFlare Inc., Date: None, Delay: -1 ms, Speed: 0.00 M/s, Resolution: None
Name: CETV-4, URL: http://112.254.55.106:22222/rtp/239.253.254.116:8000, From: subscribe, IPv_Type: ipv4, Location: 中国-山东-青岛, ISP: 联通, Date: None, Delay: 534 ms, Speed: 0.00 M/s, Resolution: 1920x1080
Name: 文化精品, URL: https://hls-gateway.vpstv.net/streams/708832.m3u8, From: subscribe, IPv_Type: ipv6, Location: 美国, ISP: CloudFlare Inc., Date: None, Delay: -1 ms, Speed: 0.00 M/s, Resolution: None
Name: 文化精品, URL: http://iptv.666230.xyz/iptv/jsyd.php/G_CCTV-WENHUA-CQ, From: subscribe, IPv_Type: ipv6, Location: 美国, ISP: CloudFlare Inc., Date: None, Delay: -1 ms, Speed: 0.00 M/s, Resolution: None
Name: 文化精品, URL: http://38.75.136.137:98/gslb/dsdqpub/ysjp.m3u8?auth=testpub, From: subscribe, IPv_Type: ipv4, Location: 美国-伊利诺伊州-库克, ISP: Cogent, Date: None, Delay: 704 ms, Speed: 5.60 M/s, Resolution: 1920x1080
Name: 央视台球, URL: https://hls-gateway.vpstv.net/streams/708855.m3u8, From: subscribe, IPv_Type: ipv6, Location: 美国, ISP: CloudFlare Inc., Date: None, Delay: -1 ms, Speed: 0.00 M/s, Resolution: None
Name: 央视台球, URL: https://epg.pw/stream/ca9c1cd4b97fb824cedd7fedfd0c7a950afdd7f00751cfbb7c2d89831d7746a5.m3u8, From: subscribe, IPv_Type: ipv6, Location: 美国, ISP: CloudFlare Inc., Date: None, Delay: -1 ms, Speed: 0.00 M/s, Resolution: None
Name: 央视台球, URL: https://epg.pw/stream/25677ac2e8c1f7c3dd6359c43eb5f0f54efb3f5c11f9dda18d01b3e0308ed017.m3u8, From: subscribe, IPv_Type: ipv6, Location: 美国, ISP: CloudFlare Inc., Date: None, Delay: -1 ms, Speed: 0.00 M/s, Resolution: None
Name: 央视台球, URL: http://38.75.136.137:98/gslb/dsdqpub/ystq.m3u8?auth=testpub, From: subscribe, IPv_Type: ipv4, Location: 美国-伊利诺伊州-库克, ISP: Cogent, Date: None, Delay: 833 ms, Speed: 2.69 M/s, Resolution: 1920x1080
Name: 风云音乐, URL: https://hls-gateway.vpstv.net/streams/708858.m3u8, From: subscribe, IPv_Type: ipv6, Location: 美国, ISP: CloudFlare Inc., Date: None, Delay: -1 ms, Speed: 0.00 M/s, Resolution: None
Name: 风云音乐, URL: http://iptv.666230.xyz/iptv/jsyd.php/G_FENGYUNYY-CQ, From: subscribe, IPv_Type: ipv6, Location: 美国, ISP: CloudFlare Inc., Date: None, Delay: -1 ms, Speed: 0.00 M/s, Resolution: None
Name: 风云音乐, URL: http://38.75.136.137:98/gslb/dsdqpub/fyyy.m3u8?auth=testpub, From: subscribe, IPv_Type: ipv4, Location: 美国-伊利诺伊州-库克, ISP: Cogent, Date: None, Delay: 821 ms, Speed: 4.88 M/s, Resolution: 1920x1080
Name: 风云音乐, URL: http://171.83.103.119:9999/rtp/239.69.1.90:10180, From: subscribe, IPv_Type: ipv4, Location: 中国-湖北-武汉, ISP: 电信, Date: None, Delay: 554 ms, Speed: 0.05 M/s, Resolution: 1920x1080
Name: 第一剧场, URL: https://epg.pw/stream/6d7bf281e3d739806a73f5373acaa6e01988ec9739f5ac1355ce54b47a928472.m3u8, From: subscribe, IPv_Type: ipv6, Location: 美国, ISP: CloudFlare Inc., Date: None, Delay: -1 ms, Speed: 0.00 M/s, Resolution: None
Name: 第一剧场, URL: https://hls-gateway.vpstv.net/streams/708862.m3u8, From: subscribe, IPv_Type: ipv6, Location: 美国, ISP: CloudFlare Inc., Date: None, Delay: -1 ms, Speed: 0.00 M/s, Resolution: None
Name: 第一剧场, URL: http://tl.061833.xyz/tl/null-6, From: subscribe, IPv_Type: ipv6, Location: 美国, ISP: CloudFlare Inc., Date: None, Delay: -1 ms, Speed: 0.00 M/s, Resolution: None
Name: 第一剧场, URL: https://100.061833.xyz/stream/mytv/null-6/stream.m3u8?uid=2190244325&u=hahayy&p=29624e2e4c4ccee26ed8f3e0ca1012ea57a8f2191be6149f632250f7036119cc, From: subscribe, IPv_Type: ipv6, Location: 美国, ISP: CloudFlare Inc., Date: None, Delay: -1 ms, Speed: 0.00 M/s, Resolution: None
Name: 第一剧场, URL: http://iptv.666230.xyz/iptv/jsyd.php/G_DIYIJC-CQ, From: subscribe, IPv_Type: ipv6, Location: 美国, ISP: CloudFlare Inc., Date: None, Delay: -1 ms, Speed: 0.00 M/s, Resolution: None
Name: 风云剧场, URL: https://hls-gateway.vpstv.net/streams/708861.m3u8, From: subscribe, IPv_Type: ipv6, Location: 美国, ISP: CloudFlare Inc., Date: None, Delay: -1 ms, Speed: 0.00 M/s, Resolution: None
Name: 风云剧场, URL: http://iptv.666230.xyz/iptv/jsyd.php/G_FENGYUNJC-CQ, From: subscribe, IPv_Type: ipv6, Location: 美国, ISP: CloudFlare Inc., Date: None, Delay: -1 ms, Speed: 0.00 M/s, Resolution: None
Name: 风云剧场, URL: http://38.75.136.137:98/gslb/dsdqpub/fyjc.m3u8?auth=testpub, From: subscribe, IPv_Type: ipv4, Location: 美国-伊利诺伊州-库克, ISP: Cogent, Date: None, Delay: 293 ms, Speed: 3.93 M/s, Resolution: 1920x1080
Name: 怀旧剧场, URL: https://hls-gateway.vpstv.net/streams/708853.m3u8, From: subscribe, IPv_Type: ipv6, Location: 美国, ISP: CloudFlare Inc., Date: None, Delay: -1 ms, Speed: 0.00 M/s, Resolution: None
Name: 怀旧剧场, URL: http://iptv.666230.xyz/iptv/jsyd.php/G_HUAIJIUJC-CQ, From: subscribe, IPv_Type: ipv6, Location: 美国, ISP: CloudFlare Inc., Date: None, Delay: -1 ms, Speed: 0.00 M/s, Resolution: None
Name: 怀旧剧场, URL: http://38.75.136.137:98/gslb/dsdqpub/hjjc.m3u8?auth=testpub, From: subscribe, IPv_Type: ipv4, Location: 美国-伊利诺伊州-库克, ISP: Cogent, Date: None, Delay: 493 ms, Speed: 8.19 M/s, Resolution: 1920x1080
Name: 女性时尚, URL: http://iptv.666230.xyz/iptv/jsyd.php/G_NVXINGSS-CQ, From: subscribe, IPv_Type: ipv6, Location: 美国, ISP: CloudFlare Inc., Date: None, Delay: -1 ms, Speed: 0.00 M/s, Resolution: None
Name: 女性时尚, URL: http://38.75.136.137:98/gslb/dsdqpub/nxss.m3u8?auth=testpub, From: subscribe, IPv_Type: ipv4, Location: 美国-伊利诺伊州-库克, ISP: Cogent, Date: None, Delay: 529 ms, Speed: 8.85 M/s, Resolution: 1920x1080
Name: 高尔夫网球, URL: https://hls-gateway.vpstv.net/streams/708857.m3u8, From: subscribe, IPv_Type: ipv6, Location: 美国, ISP: CloudFlare Inc., Date: None, Delay: -1 ms, Speed: 0.00 M/s, Resolution: None
Name: 高尔夫网球, URL: http://iptv.666230.xyz/iptv/jsyd.php/G_CCTV-GOLF-CQ, From: subscribe, IPv_Type: ipv6, Location: 美国, ISP: CloudFlare Inc., Date: None, Delay: -1 ms, Speed: 0.00 M/s, Resolution: None
Name: 高尔夫网球, URL: http://38.75.136.137:98/gslb/dsdqpub/gefwq.m3u8?auth=testpub, From: subscribe, IPv_Type: ipv4, Location: 美国-伊利诺伊州-库克, ISP: Cogent, Date: None, Delay: 2026 ms, Speed: 2.66 M/s, Resolution: 1920x1080
Name: 风云足球, URL: https://epg.pw/stream/ac8062ec9484078061d3bef507c15a423ac57ae4144e3fcc4b0a198dd420f911.m3u8, From: subscribe, IPv_Type: ipv6, Location: 美国, ISP: CloudFlare Inc., Date: None, Delay: -1 ms, Speed: 0.00 M/s, Resolution: None
Name: 风云足球, URL: http://[2409:8087:7001:20:2::3]/dbiptv.sn.chinamobile.com/PLTV/88888893/224/3221226984/index.m3u8, From: subscribe, IPv_Type: ipv6, Location: 中国, ISP: 中国移动, Date: None, Delay: -1 ms, Speed: 0.00 M/s, Resolution: None
Name: 风云足球, URL: https://live.goodiptv.club/api/yqgd.php?id=fyzq, From: subscribe, IPv_Type: ipv6, Location: 美国, ISP: CloudFlare Inc., Date: None, Delay: -1 ms, Speed: 0.00 M/s, Resolution: None
Name: 风云足球, URL: https://hls-gateway.vpstv.net/streams/708859.m3u8, From: subscribe, IPv_Type: ipv6, Location: 美国, ISP: CloudFlare Inc., Date: None, Delay: -1 ms, Speed: 0.00 M/s, Resolution: None
Name: 风云足球, URL: http://38.75.136.137:98/gslb/dsdqpub/fyzq.m3u8?auth=testpub, From: subscribe, IPv_Type: ipv4, Location: 美国-伊利诺伊州-库克, ISP: Cogent, Date: None, Delay: 556 ms, Speed: 7.91 M/s, Resolution: 1920x1080
Name: 电视指南, URL: http://iptv.666230.xyz/iptv/jsyd.php/G_DIANSHIZN-CQ, From: subscribe, IPv_Type: ipv6, Location: 美国, ISP: CloudFlare Inc., Date: None, Delay: -1 ms, Speed: 0.00 M/s, Resolution: None
Name: 电视指南, URL: http://38.75.136.137:98/gslb/dsdqpub/dszn.m3u8?auth=testpub, From: subscribe, IPv_Type: ipv4, Location: 美国-伊利诺伊州-库克, ISP: Cogent, Date: None, Delay: 1418 ms, Speed: 3.36 M/s, Resolution: 1920x1080
Name: 电视指南, URL: http://171.83.103.119:9999/rtp/239.69.1.87:10162, From: subscribe, IPv_Type: ipv4, Location: 中国-湖北-武汉, ISP: 电信, Date: None, Delay: 506 ms, Speed: 0.06 M/s, Resolution: 1920x1080
Name: 世界地理, URL: http://38.75.136.137:98/gslb/dsdqpub/sjdl.m3u8?auth=testpub, From: subscribe, IPv_Type: ipv4, Location: 美国-伊利诺伊州-库克, ISP: Cogent, Date: None, Delay: 388 ms, Speed: 9.78 M/s, Resolution: 1920x1080
Name: 兵器科技, URL: https://hls-gateway.vpstv.net/streams/708856.m3u8, From: subscribe, IPv_Type: ipv6, Location: 美国, ISP: CloudFlare Inc., Date: None, Delay: -1 ms, Speed: 0.00 M/s, Resolution: None
Name: 兵器科技, URL: http://iptv.666230.xyz/iptv/jsyd.php/G_BINGQIKJ-CQ, From: subscribe, IPv_Type: ipv6, Location: 美国, ISP: CloudFlare Inc., Date: None, Delay: -1 ms, Speed: 0.00 M/s, Resolution: None
Name: 兵器科技, URL: http://38.75.136.137:98/gslb/dsdqpub/gfjs.m3u8?auth=testpub, From: subscribe, IPv_Type: ipv4, Location: 美国-伊利诺伊州-库克, ISP: Cogent, Date: None, Delay: 435 ms, Speed: 9.93 M/s, Resolution: 1920x1080
Name: 兵器科技, URL: http://171.83.103.119:9999/rtp/239.69.1.79:10114, From: subscribe, IPv_Type: ipv4, Location: 中国-湖北-武汉, ISP: 电信, Date: None, Delay: 827 ms, Speed: 0.03 M/s, Resolution: 1920x1080
Name: 广东卫视, URL: http://php.jdshipin.com:8880/TVOD/gsyd.php?id=9900000520, From: subscribe, IPv_Type: ipv6, Location: 美国, ISP: CloudFlare Inc., Date: None, Delay: -1 ms, Speed: 0.00 M/s, Resolution: None
Name: 广东卫视, URL: http://z.b.bkpcp.top/m.php?id=gdws, From: subscribe, IPv_Type: ipv6, Location: 美国, ISP: CloudFlare Inc., Date: None, Delay: -1 ms, Speed: 0.00 M/s, Resolution: None
Name: 广东卫视, URL: http://j.x.bkpcp.top/jx/GUANGDHD, From: subscribe, IPv_Type: ipv6, Location: 美国, ISP: CloudFlare Inc., Date: None, Delay: -1 ms, Speed: 0.00 M/s, Resolution: None
Name: 广东卫视, URL: http://3501776.xyz:35455/itv/1000000005000265034.m3u8?cdn=ystenlive, From: subscribe, IPv_Type: ipv6, Location: 美国, ISP: CloudFlare Inc., Date: None, Delay: -1 ms, Speed: 0.00 M/s, Resolution: None
Name: 广东卫视, URL: http://goo.bkpcp.top/mg/gdws, From: subscribe, IPv_Type: ipv6, Location: 美国, ISP: CloudFlare Inc., Date: None, Delay: -1 ms, Speed: 0.00 M/s, Resolution: None
Name: 广东卫视, URL: http://iptv.huuc.edu.cn/hls/gdhd.m3u8, From: subscribe, IPv_Type: ipv6, Location: 中国, ISP: 教育网, Date: None, Delay: -1 ms, Speed: 0.00 M/s, Resolution: None
Name: 广东卫视, URL: https://zby.130519.xyz/PLTV/11/224/3221225731/index.m3u8, From: subscribe, IPv_Type: ipv6, Location: 美国, ISP: CloudFlare Inc., Date: None, Delay: -1 ms, Speed: 0.00 M/s, Resolution: None
Name: 广东卫视, URL: http://[2409:8087:1a0a:df::404b]/ottrrs.hl.chinamobile.com/TVOD/88888888/224/3221226248/index.m3u8, From: subscribe, IPv_Type: ipv6, Location: 中国, ISP: 中国移动, Date: None, Delay: -1 ms, Speed: 0.00 M/s, Resolution: None
Name: 广东卫视, URL: http://[2409:8087:1a01:df::4077]/ottrrs.hl.chinamobile.com/PLTV/88888888/8/3221226248/index.m3u8, From: subscribe, IPv_Type: ipv6, Location: 中国, ISP: 中国移动, Date: None, Delay: -1 ms, Speed: 0.00 M/s, Resolution: None
Name: 广东卫视, URL: http://[2409:8087:8:21::18]:6610/otttv.bj.chinamobile.com/PLTV/88888888/224/3221226238/1.m3u8, From: subscribe, IPv_Type: ipv6, Location: 中国, ISP: 中国移动, Date: None, Delay: -1 ms, Speed: 0.00 M/s, Resolution: None
Name: 广东卫视, URL: http://iptv.cdn.ha.chinamobile.com/PLTV/88888888/224/3221227201/index.m3u8, From: subscribe, IPv_Type: ipv6, Location: 中国, ISP: 中国移动, Date: None, Delay: -1 ms, Speed: 0.00 M/s, Resolution: None
Name: 广东卫视, URL: https://migu.188766.xyz/?migutoken=d7085527f91032ec56500a3ca792095b&id=%E5%B9%BF%E4%B8%9C%E5%8D%AB%E8%A7%86&type=yy, From: subscribe, IPv_Type: ipv6, Location: 美国, ISP: CloudFlare Inc., Date: None, Delay: -1 ms, Speed: 0.00 M/s, Resolution: None
Name: 广东卫视, URL: https://iptv.catvod.com/live.php?id=%E5%B9%BF%E4%B8%9C%E5%8D%AB%E8%A7%86%E5%8F%B0, From: subscribe, IPv_Type: ipv6, Location: 美国, ISP: CloudFlare Inc., Date: None, Delay: -1 ms, Speed: 0.00 M/s, Resolution: None
Name: 广东卫视, URL: http://[2409:8087:8:21::18]:6610/otttv.bj.chinamobile.com/PLTV/88888888/224/3221226961/1.m3u8?GuardEncType=2&accountinfo=%7E%7EV2.0%7E2MGyx659D_aaDPP0qt3NgA%7EtP4-l0lmSfjwLWEfK_el1vH_mv-s1zo4AQJwdedaVwG9xkuFTDg8J26cwOrNJzn20BErrHdLhuZ9EzLUCD3PMW-OMx4MGteHV2vLeW6BqoY%2CEND, From: subscribe, IPv_Type: ipv6, Location: 中国, ISP: 中国移动, Date: None, Delay: -1 ms, Speed: 0.00 M/s, Resolution: None
Name: 广东卫视, URL: https://migu.188766.xyz/?migutoken=f2e8a19d59967ebbf0d01834ae07e0c7&id=%E5%B9%BF%E4%B8%9C%E5%8D%AB%E8%A7%86&type=yy, From: subscribe, IPv_Type: ipv6, Location: 美国, ISP: CloudFlare Inc., Date: None, Delay: -1 ms, Speed: 0.00 M/s, Resolution: None
Name: 广东卫视, URL: https://migu.188766.xyz/?migutoken=d9f630c674dc42cc69ef6dd72a3f4b90&id=%E5%B9%BF%E4%B8%9C%E5%8D%AB%E8%A7%86&type=yy, From: subscribe, IPv_Type: ipv6, Location: 美国, ISP: CloudFlare Inc., Date: None, Delay: -1 ms, Speed: 0.00 M/s, Resolution: None
Name: 广东卫视, URL: https://migu.188766.xyz/?migutoken=3c5534fe04e46dc0ca96c5bb47224f3e&id=%E5%B9%BF%E4%B8%9C%E5%8D%AB%E8%A7%86&type=yy, From: subscribe, IPv_Type: ipv6, Location: 美国, ISP: CloudFlare Inc., Date: None, Delay: -1 ms, Speed: 0.00 M/s, Resolution: None
Name: 广东卫视, URL: https://migu.188766.xyz/?migutoken=776b45aa4278fb679dd04e49ea4ceecf&id=%E5%B9%BF%E4%B8%9C%E5%8D%AB%E8%A7%86&type=yy, From: subscribe, IPv_Type: ipv6, Location: 美国, ISP: CloudFlare Inc., Date: None, Delay: -1 ms, Speed: 0.00 M/s, Resolution: None
Name: 广东卫视, URL: https://migu.188766.xyz/?migutoken=c92bff49b9305692513949be4c8ed317&id=%E5%B9%BF%E4%B8%9C%E5%8D%AB%E8%A7%86&type=yy, From: subscribe, IPv_Type: ipv6, Location: 美国, ISP: CloudFlare Inc., Date: None, Delay: -1 ms, Speed: 0.00 M/s, Resolution: None
Name: 广东卫视, URL: https://migu.188766.xyz/?migutoken=3bfe485bdb9876e9f91cee45effc3768&id=%E5%B9%BF%E4%B8%9C%E5%8D%AB%E8%A7%86&type=yy, From: subscribe, IPv_Type: ipv6, Location: 美国, ISP: CloudFlare Inc., Date: None, Delay: -1 ms, Speed: 0.00 M/s, Resolution: None
Name: 广东卫视, URL: https://migu.188766.xyz/?migutoken=1b6b5b3892394b58b777f24a07531848&id=%E5%B9%BF%E4%B8%9C%E5%8D%AB%E8%A7%86&type=yy, From: subscribe, IPv_Type: ipv6, Location: 美国, ISP: CloudFlare Inc., Date: None, Delay: -1 ms, Speed: 0.00 M/s, Resolution: None
Name: 广东卫视, URL: https://migu.188766.xyz/?migutoken=ca7a9257410a8ebe48bd6bb7acabe4a8&id=%E5%B9%BF%E4%B8%9C%E5%8D%AB%E8%A7%86&type=yy, From: subscribe, IPv_Type: ipv6, Location: 美国, ISP: CloudFlare Inc., Date: None, Delay: -1 ms, Speed: 0.00 M/s, Resolution: None
Name: 广东卫视, URL: https://migu.188766.xyz/?migutoken=7617591fc97a43bd09459ce3a0fbfffd&id=%E5%B9%BF%E4%B8%9C%E5%8D%AB%E8%A7%86&type=yy, From: subscribe, IPv_Type: ipv6, Location: 美国, ISP: CloudFlare Inc., Date: None, Delay: -1 ms, Speed: 0.00 M/s, Resolution: None
Name: 广东卫视, URL: https://migu.188766.xyz/?migutoken=cf936febf6367bfcf8ea49d3fe01bc95&id=%E5%B9%BF%E4%B8%9C%E5%8D%AB%E8%A7%86&type=yy, From: subscribe, IPv_Type: ipv6, Location: 美国, ISP: CloudFlare Inc., Date: None, Delay: -1 ms, Speed: 0.00 M/s, Resolution: None
Name: 广东卫视, URL: https://iptv.catvod.com/live.php?id=%E5%B9%BF%E4%B8%9C%E5%8D%AB%E8%A7%86, From: subscribe, IPv_Type: ipv6, Location: 美国, ISP: CloudFlare Inc., Date: None, Delay: -1 ms, Speed: 0.00 M/s, Resolution: None
Name: 广东卫视, URL: http://tvgslb.hn.chinamobile.com:8089/180000001002/00000001000000000010000000040391/main.m3u8?stbid=, From: subscribe, IPv_Type: ipv6, Location: 中国, ISP: 中国移动, Date: None, Delay: -1 ms, Speed: 0.00 M/s, Resolution: None
Name: 广东卫视, URL: http://hwltc.tv.cdn.zj.chinamobile.com/PLTV/88888888/224/3221236262/index.m3u8, From: subscribe, IPv_Type: ipv6, Location: 中国, ISP: 中国移动, Date: None, Delay: -1 ms, Speed: 0.00 M/s, Resolution: None
Name: 广东卫视, URL: http://hwottcdn.ln.chinamobile.com/PLTV/11/224/3221226878/index.m3u8, From: subscribe, IPv_Type: ipv6, Location: 中国, ISP: 中国移动, Date: None, Delay: -1 ms, Speed: 0.00 M/s, Resolution: None
Name: 广东卫视, URL: http://hwottcdn.ln.chinamobile.com/PLTV/11/224/3221226686/index.m3u8, From: subscribe, IPv_Type: ipv6, Location: 中国, ISP: 中国移动, Date: None, Delay: -1 ms, Speed: 0.00 M/s, Resolution: None
Name: 广东卫视, URL: http://hwottcdn.ln.chinamobile.com/PLTV/11/224/3221226167/index.m3u8, From: subscribe, IPv_Type: ipv6, Location: 中国, ISP: 中国移动, Date: None, Delay: -1 ms, Speed: 0.00 M/s, Resolution: None
Name: 广东卫视, URL: http://hwottcdn.ln.chinamobile.com/PLTV/11/224/3221226165/index.m3u8, From: subscribe, IPv_Type: ipv6, Location: 中国, ISP: 中国移动, Date: None, Delay: -1 ms, Speed: 0.00 M/s, Resolution: None
Name: 广东卫视, URL: http://k.061899.xyz/k.php?id=gdws, From: subscribe, IPv_Type: ipv6, Location: 新加坡, ISP: Aceville Pte.Ltd., Date: None, Delay: -1 ms, Speed: 0.00 M/s, Resolution: None
Name: 广东卫视, URL: http://hwottcdn.ln.chinamobile.com/PLTV/11/224/3221227318/index.m3u8, From: subscribe, IPv_Type: ipv6, Location: 中国, ISP: 中国移动, Date: None, Delay: -1 ms, Speed: 0.00 M/s, Resolution: None
Name: 广东卫视, URL: http://iptvrr.sh.chinamobile.com:6060/cms001/ch00000090990000001032/index.m3u8, From: subscribe, IPv_Type: ipv6, Location: 中国, ISP: 中国移动, Date: None, Delay: -1 ms, Speed: 0.00 M/s, Resolution: None
Name: 广东卫视, URL: http://tvgslb.hn.chinamobile.com:8089/180000001002/00000000000000020000000000182284/main.m3u8?stbid=, From: subscribe, IPv_Type: ipv6, Location: 中国, ISP: 中国移动, Date: None, Delay: -1 ms, Speed: 0.00 M/s, Resolution: None
Name: 广东卫视, URL: http://ott.mobaibox.com/PLTV/1/224/3221227476/index.m3u8, From: subscribe, IPv_Type: ipv6, Location: 中国, ISP: 中国移动, Date: None, Delay: -1 ms, Speed: 0.00 M/s, Resolution: None
Name: 广东卫视, URL: http://hwottcdn.ln.chinamobile.com/PLTV/11/224/3221226743/index.m3u8, From: subscribe, IPv_Type: ipv6, Location: 中国, ISP: 中国移动, Date: None, Delay: -1 ms, Speed: 0.00 M/s, Resolution: None
Name: 广东卫视, URL: https://migu.188766.xyz/?migutoken=5b2227e9e959fb2f15ee22adb0ee46bb&id=%E5%B9%BF%E4%B8%9C%E5%8D%AB%E8%A7%86&type=yy, From: subscribe, IPv_Type: ipv6, Location: 美国, ISP: CloudFlare Inc., Date: None, Delay: -1 ms, Speed: 0.00 M/s, Resolution: None
Name: 广东卫视, URL: https://migu.188766.xyz/?migutoken=700b8db7fd412dc303c79076a2ab504e&id=%E5%B9%BF%E4%B8%9C%E5%8D%AB%E8%A7%86&type=yy, From: subscribe, IPv_Type: ipv6, Location: 美国, ISP: CloudFlare Inc., Date: None, Delay: -1 ms, Speed: 0.00 M/s, Resolution: None
Name: 广东卫视, URL: https://migu.188766.xyz/?migutoken=b17a0ac9628b29fadb745c2a1ef91af2&id=%E5%B9%BF%E4%B8%9C%E5%8D%AB%E8%A7%86&type=yy, From: subscribe, IPv_Type: ipv6, Location: 美国, ISP: CloudFlare Inc., Date: None, Delay: -1 ms, Speed: 0.00 M/s, Resolution: None
Name: 广东卫视, URL: https://migu.188766.xyz/?migutoken=1ea450f159441ae895070ca4c9368a40&id=%E5%B9%BF%E4%B8%9C%E5%8D%AB%E8%A7%86&type=yy, From: subscribe, IPv_Type: ipv6, Location: 美国, ISP: CloudFlare Inc., Date: None, Delay: -1 ms, Speed: 0.00 M/s, Resolution: None
Name: 广东卫视, URL: https://migu.188766.xyz/?migutoken=641b1b6211eaf2677a0fe93a5f2aa18c&id=%E5%B9%BF%E4%B8%9C%E5%8D%AB%E8%A7%86&type=yy, From: subscribe, IPv_Type: ipv6, Location: 美国, ISP: CloudFlare Inc., Date: None, Delay: -1 ms, Speed: 0.00 M/s, Resolution: None
Name: 广东卫视, URL: https://migu.188766.xyz/?migutoken=e340defa6957148b4969a0f803fb146d&id=%E5%B9%BF%E4%B8%9C%E5%8D%AB%E8%A7%86&type=yy, From: subscribe, IPv_Type: ipv6, Location: 美国, ISP: CloudFlare Inc., Date: None, Delay: -1 ms, Speed: 0.00 M/s, Resolution: None
Name: 广东卫视, URL: https://migu.188766.xyz/?migutoken=721862d0d911f1d567653131947acfb3&id=%E5%B9%BF%E4%B8%9C%E5%8D%AB%E8%A7%86&type=yy, From: subscribe, IPv_Type: ipv6, Location: 美国, ISP: CloudFlare Inc., Date: None, Delay: -1 ms, Speed: 0.00 M/s, Resolution: None
Name: 广东卫视, URL: https://migu.188766.xyz/?migutoken=862714ec07e27dbf0787d108744b63d4&id=%E5%B9%BF%E4%B8%9C%E5%8D%AB%E8%A7%86&type=yy, From: subscribe, IPv_Type: ipv6, Location: 美国, ISP: CloudFlare Inc., Date: None, Delay: -1 ms, Speed: 0.00 M/s, Resolution: None
Name: 广东卫视, URL: https://migu.188766.xyz/?migutoken=f8d864ad49c290525c0b176bf696bc35&id=%E5%B9%BF%E4%B8%9C%E5%8D%AB%E8%A7%86&type=yy, From: subscribe, IPv_Type: ipv6, Location: 美国, ISP: CloudFlare Inc., Date: None, Delay: -1 ms, Speed: 0.00 M/s, Resolution: None
Name: 广东卫视, URL: https://migu.188766.xyz/?migutoken=1837f3d31cf26abed1033c331a1e7969&id=%E5%B9%BF%E4%B8%9C%E5%8D%AB%E8%A7%86&type=yy, From: subscribe, IPv_Type: ipv6, Location: 美国, ISP: CloudFlare Inc., Date: None, Delay: -1 ms, Speed: 0.00 M/s, Resolution: None
Name: 广东卫视, URL: https://migu.188766.xyz/?migutoken=869502ab36e68ce8a531da1020f873a1&id=%E5%B9%BF%E4%B8%9C%E5%8D%AB%E8%A7%86&type=yy, From: subscribe, IPv_Type: ipv6, Location: 美国, ISP: CloudFlare Inc., Date: None, Delay: -1 ms, Speed: 0.00 M/s, Resolution: None
Name: 广东卫视, URL: https://migu.188766.xyz/?migutoken=f0f896092182c65084f6fd133f9e39cb&id=%E5%B9%BF%E4%B8%9C%E5%8D%AB%E8%A7%86&type=yy, From: subscribe, IPv_Type: ipv6, Location: 美国, ISP: CloudFlare Inc., Date: None, Delay: -1 ms, Speed: 0.00 M/s, Resolution: None
Name: 广东卫视, URL: https://migu.188766.xyz/?migutoken=1b5e19217db83f10b3a8cea9d1d136fe&id=%E5%B9%BF%E4%B8%9C%E5%8D%AB%E8%A7%86&type=yy, From: subscribe, IPv_Type: ipv6, Location: 美国, ISP: CloudFlare Inc., Date: None, Delay: -1 ms, Speed: 0.00 M/s, Resolution: None
Name: 广东卫视, URL: https://migu.188766.xyz/?migutoken=c5858d2bb9f73e6d0b1182e1b595daf1&id=%E5%B9%BF%E4%B8%9C%E5%8D%AB%E8%A7%86&type=yy, From: subscribe, IPv_Type: ipv6, Location: 美国, ISP: CloudFlare Inc., Date: None, Delay: -1 ms, Speed: 0.00 M/s, Resolution: None
Name: 广东卫视, URL: https://migu.188766.xyz/?migutoken=cc879805fdfb63553cd05cd39cc54d1f&id=%E5%B9%BF%E4%B8%9C%E5%8D%AB%E8%A7%86&type=yy, From: subscribe, IPv_Type: ipv6, Location: 美国, ISP: CloudFlare Inc., Date: None, Delay: -1 ms, Speed: 0.00 M/s, Resolution: None
Name: 广东卫视, URL: https://migu.188766.xyz/?migutoken=6df1bc70866b2d251bd6634ad26de1e2&id=%E5%B9%BF%E4%B8%9C%E5%8D%AB%E8%A7%86&type=yy, From: subscribe, IPv_Type: ipv6, Location: 美国, ISP: CloudFlare Inc., Date: None, Delay: -1 ms, Speed: 0.00 M/s, Resolution: None
Name: 广东卫视, URL: https://migu.188766.xyz/?migutoken=569db2955822d7fe0cc613c1e2e54f95&id=%E5%B9%BF%E4%B8%9C%E5%8D%AB%E8%A7%86&type=yy, From: subscribe, IPv_Type: ipv6, Location: 美国, ISP: CloudFlare Inc., Date: None, Delay: -1 ms, Speed: 0.00 M/s, Resolution: None
Name: 广东卫视, URL: http://satellitepull.cnr.cn/live/wxgdws/playlist.m3u8, From: subscribe, IPv_Type: ipv4, Location: 美国-新泽西州-摩里斯, ISP: Linode, Date: None, Delay: 18 ms, Speed: 5.40 M/s, Resolution: None
Name: 广东卫视, URL: http://38.75.136.137:98/gslb/dsdqpub/gdwshd.m3u8?auth=testpub, From: subscribe, IPv_Type: ipv4, Location: 美国-伊利诺伊州-库克, ISP: Cogent, Date: None, Delay: 1063 ms, Speed: 5.24 M/s, Resolution: 1920x1080
Name: 广东卫视, URL: http://23.237.228.134/live6/guangdong.m3u8, From: subscribe, IPv_Type: ipv4, Location: 北美地区, ISP: , Date: None, Delay: 578 ms, Speed: 3.87 M/s, Resolution: 1920x1080
Name: 香港卫视, URL: http://anren.live/HK/BSJDUFpB.m3u8, From: subscribe, IPv_Type: ipv6, Location: 德国, ISP: Hetzner Online GmbH, Date: None, Delay: -1 ms, Speed: 0.00 M/s, Resolution: None
Name: 香港卫视, URL: http://cctvtxyh5c.liveplay.myqcloud.com/cstv/xianggangweishi_2/index.m3u8, From: subscribe, IPv_Type: ipv6, Location: 中国, ISP: 中国联通, Date: None, Delay: -1 ms, Speed: 0.00 M/s, Resolution: None
Name: 香港卫视, URL: https://stream1.freetv.fun/5335c88a9a7d8b74173b491f480d4f94e8d3bd596af54478106aa2399e6c7917.ctv, From: subscribe, IPv_Type: ipv6, Location: 美国, ISP: CloudFlare Inc., Date: None, Delay: -1 ms, Speed: 0.00 M/s, Resolution: None
Name: 香港卫视, URL: https://stream1.freetv.fun/c751876ae5ceaa0d82b5cf2badc152342aa92a4b45bf504d12ee45966b2fc644.ctv, From: subscribe, IPv_Type: ipv6, Location: 美国, ISP: CloudFlare Inc., Date: None, Delay: -1 ms, Speed: 0.00 M/s, Resolution: None
Name: 香港卫视, URL: https://stream1.freetv.fun/5335c88a9a7d8b74173b491f480d4f94e8d3bd596af54478106aa2399e6c7917.m3u8, From: subscribe, IPv_Type: ipv6, Location: 美国, ISP: CloudFlare Inc., Date: None, Delay: -1 ms, Speed: 0.00 M/s, Resolution: None
Name: 香港卫视, URL: https://stream1.freetv.fun/ae7eaf28d8610cdc1651ef6a1f7dbb24b49c5a87627d0d881330afaea37a1616.m3u8, From: subscribe, IPv_Type: ipv6, Location: 美国, ISP: CloudFlare Inc., Date: None, Delay: -1 ms, Speed: 0.00 M/s, Resolution: None
Name: 香港卫视, URL: https://stream1.freetv.fun/xiang-gang-wei-shi-7.m3u8, From: subscribe, IPv_Type: ipv6, Location: 美国, ISP: CloudFlare Inc., Date: None, Delay: -1 ms, Speed: 0.00 M/s, Resolution: None
Name: 香港卫视, URL: https://stream1.freetv.fun/79e4d77e2f29a2ca7f7cabbbe2ee02d32a4f2f7fb91ae94d0fb9573c9f94b4ab.ctv, From: subscribe, IPv_Type: ipv6, Location: 美国, ISP: CloudFlare Inc., Date: None, Delay: -1 ms, Speed: 0.00 M/s, Resolution: None
Name: 香港卫视, URL: https://stream1.freetv.fun/xiang-gang-wei-shi-11.m3u8, From: subscribe, IPv_Type: ipv6, Location: 美国, ISP: CloudFlare Inc., Date: None, Delay: -1 ms, Speed: 0.00 M/s, Resolution: None
Name: 香港卫视, URL: https://stream1.freetv.fun/xiang-gang-wei-shi-13.m3u8, From: subscribe, IPv_Type: ipv6, Location: 美国, ISP: CloudFlare Inc., Date: None, Delay: -1 ms, Speed: 0.00 M/s, Resolution: None
Name: 香港卫视, URL: https://stream1.freetv.fun/xiang-gang-wei-shi-8.m3u8, From: subscribe, IPv_Type: ipv6, Location: 美国, ISP: CloudFlare Inc., Date: None, Delay: -1 ms, Speed: 0.00 M/s, Resolution: None
Name: 香港卫视, URL: http://webcast.hkstv.tv/livestream/mutfysrq/playlist.m3u8, From: subscribe, IPv_Type: ipv6, Location: 美国, ISP: , Date: None, Delay: -1 ms, Speed: 0.00 M/s, Resolution: None
Name: 浙江卫视, URL: http://php.jdshipin.com/TVOD/hnyd.php?id=200000001898/460000089800010070, From: subscribe, IPv_Type: ipv6, Location: 美国, ISP: CloudFlare Inc., Date: None, Delay: -1 ms, Speed: 0.00 M/s, Resolution: None
Name: 浙江卫视, URL: http://z.b.bkpcp.top/m.php?id=zjws, From: subscribe, IPv_Type: ipv6, Location: 美国, ISP: CloudFlare Inc., Date: None, Delay: -1 ms, Speed: 0.00 M/s, Resolution: None
Name: 浙江卫视, URL: http://3501776.xyz:35455/itv/1000000005000265031.m3u8?cdn=ystenlive, From: subscribe, IPv_Type: ipv6, Location: 美国, ISP: CloudFlare Inc., Date: None, Delay: -1 ms, Speed: 0.00 M/s, Resolution: None
Name: 浙江卫视, URL: http://goo.bkpcp.top/mg/zjws, From: subscribe, IPv_Type: ipv6, Location: 美国, ISP: CloudFlare Inc., Date: None, Delay: -1 ms, Speed: 0.00 M/s, Resolution: None
Name: 浙江卫视, URL: http://iptv.huuc.edu.cn/hls/zjhd.m3u8, From: subscribe, IPv_Type: ipv6, Location: 中国, ISP: 教育网, Date: None, Delay: -1 ms, Speed: 0.00 M/s, Resolution: None
Name: 浙江卫视, URL: https://zby.130519.xyz/PLTV/11/224/3221225727/index.m3u8, From: subscribe, IPv_Type: ipv6, Location: 美国, ISP: CloudFlare Inc., Date: None, Delay: -1 ms, Speed: 0.00 M/s, Resolution: None
Name: 浙江卫视, URL: https://migu.188766.xyz/?migutoken=2c1760ad695252f418f201f99509360b&id=%E6%B5%99%E6%B1%9F%E5%8D%AB%E8%A7%86&pp=1, From: subscribe, IPv_Type: ipv6, Location: 美国, ISP: CloudFlare Inc., Date: None, Delay: -1 ms, Speed: 0.00 M/s, Resolution: None
Name: 浙江卫视, URL: https://migu.188766.xyz/?migutoken=2ab9ebcb7ff4baa90e527b8680691647&id=z_jws&type=sz, From: subscribe, IPv_Type: ipv6, Location: 美国, ISP: CloudFlare Inc., Date: None, Delay: -1 ms, Speed: 0.00 M/s, Resolution: None
Name: 浙江卫视, URL: https://iptv.catvod.com/live.php?id=%E6%B5%99%E6%B1%9F%E5%8D%AB%E8%A7%86%E5%8F%B0, From: subscribe, IPv_Type: ipv6, Location: 美国, ISP: CloudFlare Inc., Date: None, Delay: -1 ms, Speed: 0.00 M/s, Resolution: None
Name: 浙江卫视, URL: http://[2409:8087:8:21::18]:6610/otttv.bj.chinamobile.com/PLTV/88888888/224/3221226899/1.m3u8?GuardEncType=2&accountinfo=%7E%7EV2.0%7ETYfTgTra_pUx2cPrgZ_BDw%7EtP4-l0lmSfjwLWEfK_el1vH_mv-s1zo4AQJwdedaVwG9xkuFTDg8J26cwOrNJzn20BErrHdLhuZ9EzLUCD3PMW-OMx4MGteHV2vLeW6BqoY%2CEND, From: subscribe, IPv_Type: ipv6, Location: 中国, ISP: 中国移动, Date: None, Delay: -1 ms, Speed: 0.00 M/s, Resolution: None
Name: 浙江卫视, URL: https://migu.188766.xyz/?migutoken=069f4ed3852a03795a3ca5e824428ba5&id=%E6%B5%99%E6%B1%9F%E5%8D%AB%E8%A7%86&pp=1, From: subscribe, IPv_Type: ipv6, Location: 美国, ISP: CloudFlare Inc., Date: None, Delay: -1 ms, Speed: 0.00 M/s, Resolution: None
Name: 浙江卫视, URL: https://migu.188766.xyz/?migutoken=9596c1feef3de1106d29c6522c1c2a5b&id=z_jws&type=sz, From: subscribe, IPv_Type: ipv6, Location: 美国, ISP: CloudFlare Inc., Date: None, Delay: -1 ms, Speed: 0.00 M/s, Resolution: None
Name: 浙江卫视, URL: https://migu.188766.xyz/?migutoken=de6318d33052eeeb4c4cd2714f30b734&id=%E6%B5%99%E6%B1%9F%E5%8D%AB%E8%A7%86&pp=1, From: subscribe, IPv_Type: ipv6, Location: 美国, ISP: CloudFlare Inc., Date: None, Delay: -1 ms, Speed: 0.00 M/s, Resolution: None
Name: 浙江卫视, URL: https://migu.188766.xyz/?migutoken=2606589ff0b4e26f2040d5c6d4553155&id=z_jws&type=sz, From: subscribe, IPv_Type: ipv6, Location: 美国, ISP: CloudFlare Inc., Date: None, Delay: -1 ms, Speed: 0.00 M/s, Resolution: None
Name: 浙江卫视, URL: https://migu.188766.xyz/?migutoken=2d323a9589f37fbc690cf13b2fc35ee4&id=%E6%B5%99%E6%B1%9F%E5%8D%AB%E8%A7%86&pp=1, From: subscribe, IPv_Type: ipv6, Location: 美国, ISP: CloudFlare Inc., Date: None, Delay: -1 ms, Speed: 0.00 M/s, Resolution: None
Name: 浙江卫视, URL: https://migu.188766.xyz/?migutoken=95f39a5d4a4ae6dd8dd92c2b3daedc8e&id=z_jws&type=sz, From: subscribe, IPv_Type: ipv6, Location: 美国, ISP: CloudFlare Inc., Date: None, Delay: -1 ms, Speed: 0.00 M/s, Resolution: None
Name: 浙江卫视, URL: https://migu.188766.xyz/?migutoken=11a1c9a7cf2479b69dffd489057d95dd&id=%E6%B5%99%E6%B1%9F%E5%8D%AB%E8%A7%86&pp=1, From: subscribe, IPv_Type: ipv6, Location: 美国, ISP: CloudFlare Inc., Date: None, Delay: -1 ms, Speed: 0.00 M/s, Resolution: None
Name: 浙江卫视, URL: https://migu.188766.xyz/?migutoken=172b4624f2ff7fd2baeb9be82c27b78f&id=z_jws&type=sz, From: subscribe, IPv_Type: ipv6, Location: 美国, ISP: CloudFlare Inc., Date: None, Delay: -1 ms, Speed: 0.00 M/s, Resolution: None
Name: 浙江卫视, URL: https://migu.188766.xyz/?migutoken=64d6bd8ee00b917d0d737506664f0771&id=%E6%B5%99%E6%B1%9F%E5%8D%AB%E8%A7%86&pp=1, From: subscribe, IPv_Type: ipv6, Location: 美国, ISP: CloudFlare Inc., Date: None, Delay: -1 ms, Speed: 0.00 M/s, Resolution: None
Name: 浙江卫视, URL: https://migu.188766.xyz/?migutoken=352cdc3e29d03f6ff148a6ca455a586f&id=z_jws&type=sz, From: subscribe, IPv_Type: ipv6, Location: 美国, ISP: CloudFlare Inc., Date: None, Delay: -1 ms, Speed: 0.00 M/s, Resolution: None
Name: 浙江卫视, URL: https://migu.188766.xyz/?migutoken=ecf431863d3de5572dd7d035f6bf130e&id=%E6%B5%99%E6%B1%9F%E5%8D%AB%E8%A7%86&pp=1, From: subscribe, IPv_Type: ipv6, Location: 美国, ISP: CloudFlare Inc., Date: None, Delay: -1 ms, Speed: 0.00 M/s, Resolution: None
Name: 浙江卫视, URL: https://migu.188766.xyz/?migutoken=99754cf5a007c51ffed53486e99b9987&id=z_jws&type=sz, From: subscribe, IPv_Type: ipv6, Location: 美国, ISP: CloudFlare Inc., Date: None, Delay: -1 ms, Speed: 0.00 M/s, Resolution: None
Name: 浙江卫视, URL: https://migu.188766.xyz/?migutoken=e4ca87fee6069b9043c43dde6c18d6b6&id=%E6%B5%99%E6%B1%9F%E5%8D%AB%E8%A7%86&pp=1, From: subscribe, IPv_Type: ipv6, Location: 美国, ISP: CloudFlare Inc., Date: None, Delay: -1 ms, Speed: 0.00 M/s, Resolution: None
Name: 浙江卫视, URL: https://migu.188766.xyz/?migutoken=a15ad4bec7407fe0ce0ae0e9341760e0&id=z_jws&type=sz, From: subscribe, IPv_Type: ipv6, Location: 美国, ISP: CloudFlare Inc., Date: None, Delay: -1 ms, Speed: 0.00 M/s, Resolution: None
Name: 浙江卫视, URL: https://migu.188766.xyz/?migutoken=2f531593e15d1ed6b246bad5efbd8ab2&id=%E6%B5%99%E6%B1%9F%E5%8D%AB%E8%A7%86&pp=1, From: subscribe, IPv_Type: ipv6, Location: 美国, ISP: CloudFlare Inc., Date: None, Delay: -1 ms, Speed: 0.00 M/s, Resolution: None
Name: 浙江卫视, URL: https://migu.188766.xyz/?migutoken=bf93c5f0d556a9a174414f8dd74ceb85&id=z_jws&type=sz, From: subscribe, IPv_Type: ipv6, Location: 美国, ISP: CloudFlare Inc., Date: None, Delay: -1 ms, Speed: 0.00 M/s, Resolution: None
Name: 浙江卫视, URL: https://migu.188766.xyz/?migutoken=080283a89ffe4b42a2a1a344a6e10029&id=%E6%B5%99%E6%B1%9F%E5%8D%AB%E8%A7%86&pp=1, From: subscribe, IPv_Type: ipv6, Location: 美国, ISP: CloudFlare Inc., Date: None, Delay: -1 ms, Speed: 0.00 M/s, Resolution: None
Name: 浙江卫视, URL: https://migu.188766.xyz/?migutoken=dd4fa8c5bd9d32877cc08611a43def98&id=z_jws&type=sz, From: subscribe, IPv_Type: ipv6, Location: 美国, ISP: CloudFlare Inc., Date: None, Delay: -1 ms, Speed: 0.00 M/s, Resolution: None
Name: 浙江卫视, URL: https://migu.188766.xyz/?migutoken=22985e5fb01090ac6b4f3115477f6b1c&id=%E6%B5%99%E6%B1%9F%E5%8D%AB%E8%A7%86&pp=1, From: subscribe, IPv_Type: ipv6, Location: 美国, ISP: CloudFlare Inc., Date: None, Delay: -1 ms, Speed: 0.00 M/s, Resolution: None
Name: 浙江卫视, URL: https://migu.188766.xyz/?migutoken=90a870785c7c87ab28bf572b18797fd6&id=z_jws&type=sz, From: subscribe, IPv_Type: ipv6, Location: 美国, ISP: CloudFlare Inc., Date: None, Delay: -1 ms, Speed: 0.00 M/s, Resolution: None
Name: 浙江卫视, URL: http://hwltc.tv.cdn.zj.chinamobile.com/PLTV/88888888/224/3221236171/index.m3u8, From: subscribe, IPv_Type: ipv6, Location: 中国, ISP: 中国移动, Date: None, Delay: -1 ms, Speed: 0.00 M/s, Resolution: None
Name: 浙江卫视, URL: http://rrs01.hw.gmcc.net:8088/PLTV/81/224/3221226690/1.m3u8, From: subscribe, IPv_Type: ipv6, Location: 中国, ISP: 中国移动, Date: None, Delay: -1 ms, Speed: 0.00 M/s, Resolution: None
Name: 浙江卫视, URL: http://hwottcdn.ln.chinamobile.com/PLTV/11/224/3221226854/index.m3u8, From: subscribe, IPv_Type: ipv6, Location: 中国, ISP: 中国移动, Date: None, Delay: -1 ms, Speed: 0.00 M/s, Resolution: None
Name: 浙江卫视, URL: http://hwottcdn.ln.chinamobile.com/PLTV/11/224/3221226134/index.m3u8, From: subscribe, IPv_Type: ipv6, Location: 中国, ISP: 中国移动, Date: None, Delay: -1 ms, Speed: 0.00 M/s, Resolution: None
Name: 浙江卫视, URL: http://hwottcdn.ln.chinamobile.com/PLTV/11/224/3221226700/index.m3u8, From: subscribe, IPv_Type: ipv6, Location: 中国, ISP: 中国移动, Date: None, Delay: -1 ms, Speed: 0.00 M/s, Resolution: None
Name: 浙江卫视, URL: http://hwottcdn.ln.chinamobile.com/PLTV/11/224/3221226795/index.m3u8, From: subscribe, IPv_Type: ipv6, Location: 中国, ISP: 中国移动, Date: None, Delay: -1 ms, Speed: 0.00 M/s, Resolution: None
Name: 浙江卫视, URL: http://hwottcdn.ln.chinamobile.com/PLTV/11/224/3221227313/index.m3u8, From: subscribe, IPv_Type: ipv6, Location: 中国, ISP: 中国移动, Date: None, Delay: -1 ms, Speed: 0.00 M/s, Resolution: None
Name: 浙江卫视, URL: http://hwottcdn.ln.chinamobile.com/PLTV/11/224/3221226147/index.m3u8, From: subscribe, IPv_Type: ipv6, Location: 中国, ISP: 中国移动, Date: None, Delay: -1 ms, Speed: 0.00 M/s, Resolution: None
Name: 浙江卫视, URL: http://iptvrr.sh.chinamobile.com:6060/cms001/ch00000090990000001023/index.m3u8, From: subscribe, IPv_Type: ipv6, Location: 中国, ISP: 中国移动, Date: None, Delay: -1 ms, Speed: 0.00 M/s, Resolution: None
Name: 浙江卫视, URL: http://ott.mobaibox.com/PLTV/3/224/3221227491/index.m3u8, From: subscribe, IPv_Type: ipv6, Location: 中国, ISP: 中国移动, Date: None, Delay: -1 ms, Speed: 0.00 M/s, Resolution: None
Name: 浙江卫视, URL: http://tvgslb.hn.chinamobile.com:8089/180000001002/00000001000000000007000000001250/main.m3u8?stbid=, From: subscribe, IPv_Type: ipv6, Location: 中国, ISP: 中国移动, Date: None, Delay: -1 ms, Speed: 0.00 M/s, Resolution: None
Name: 浙江卫视, URL: http://k.061899.xyz/k.php?id=zjws, From: subscribe, IPv_Type: ipv6, Location: 新加坡, ISP: Aceville Pte.Ltd., Date: None, Delay: -1 ms, Speed: 0.00 M/s, Resolution: None
Name: 浙江卫视, URL: http://tvgslb.hn.chinamobile.com:8089/180000001002/00000000000000020000000000182563/main.m3u8?stbid=, From: subscribe, IPv_Type: ipv6, Location: 中国, ISP: 中国移动, Date: None, Delay: -1 ms, Speed: 0.00 M/s, Resolution: None
Name: 浙江卫视, URL: https://migu.188766.xyz/?migutoken=ff6c290806a5b74b7804b14788a378ab&id=%E6%B5%99%E6%B1%9F%E5%8D%AB%E8%A7%86&pp=1, From: subscribe, IPv_Type: ipv6, Location: 美国, ISP: CloudFlare Inc., Date: None, Delay: -1 ms, Speed: 0.00 M/s, Resolution: None
Name: 浙江卫视, URL: https://migu.188766.xyz/?migutoken=6ae17ad0e1ad191a3b574036c44c6d59&id=z_jws&type=sz, From: subscribe, IPv_Type: ipv6, Location: 美国, ISP: CloudFlare Inc., Date: None, Delay: -1 ms, Speed: 0.00 M/s, Resolution: None
Name: 浙江卫视, URL: https://migu.188766.xyz/?migutoken=007570867b1c83805980923fd909257e&id=%E6%B5%99%E6%B1%9F%E5%8D%AB%E8%A7%86&pp=1, From: subscribe, IPv_Type: ipv6, Location: 美国, ISP: CloudFlare Inc., Date: None, Delay: -1 ms, Speed: 0.00 M/s, Resolution: None
Name: 浙江卫视, URL: https://migu.188766.xyz/?migutoken=1af4024709a6452e0124c0887aa02d43&id=z_jws&type=sz, From: subscribe, IPv_Type: ipv6, Location: 美国, ISP: CloudFlare Inc., Date: None, Delay: -1 ms, Speed: 0.00 M/s, Resolution: None
Name: 浙江卫视, URL: https://migu.188766.xyz/?migutoken=316df023372b0a404e4aa98ec527b949&id=%E6%B5%99%E6%B1%9F%E5%8D%AB%E8%A7%86&pp=1, From: subscribe, IPv_Type: ipv6, Location: 美国, ISP: CloudFlare Inc., Date: None, Delay: -1 ms, Speed: 0.00 M/s, Resolution: None
Name: 浙江卫视, URL: https://migu.188766.xyz/?migutoken=f691800010035c5b05887497ba42d18d&id=z_jws&type=sz, From: subscribe, IPv_Type: ipv6, Location: 美国, ISP: CloudFlare Inc., Date: None, Delay: -1 ms, Speed: 0.00 M/s, Resolution: None
Name: 浙江卫视, URL: https://migu.188766.xyz/?migutoken=c932c25a9bb54058cacd29676f4e1582&id=%E6%B5%99%E6%B1%9F%E5%8D%AB%E8%A7%86&pp=1, From: subscribe, IPv_Type: ipv6, Location: 美国, ISP: CloudFlare Inc., Date: None, Delay: -1 ms, Speed: 0.00 M/s, Resolution: None
Name: 浙江卫视, URL: https://migu.188766.xyz/?migutoken=ffe429636a03c399869de8b8f051684e&id=z_jws&type=sz, From: subscribe, IPv_Type: ipv6, Location: 美国, ISP: CloudFlare Inc., Date: None, Delay: -1 ms, Speed: 0.00 M/s, Resolution: None
Name: 浙江卫视, URL: https://migu.188766.xyz/?migutoken=0bd820a15e891f7bfd591e50ccf30bd2&id=%E6%B5%99%E6%B1%9F%E5%8D%AB%E8%A7%86&pp=1, From: subscribe, IPv_Type: ipv6, Location: 美国, ISP: CloudFlare Inc., Date: None, Delay: -1 ms, Speed: 0.00 M/s, Resolution: None
Name: 浙江卫视, URL: https://migu.188766.xyz/?migutoken=e451ae728e68c689610e91b6035c2332&id=z_jws&type=sz, From: subscribe, IPv_Type: ipv6, Location: 美国, ISP: CloudFlare Inc., Date: None, Delay: -1 ms, Speed: 0.00 M/s, Resolution: None
Name: 浙江卫视, URL: https://migu.188766.xyz/?migutoken=9dd538b88d45a65eeb1edc7b488b826d&id=%E6%B5%99%E6%B1%9F%E5%8D%AB%E8%A7%86&pp=1, From: subscribe, IPv_Type: ipv6, Location: 美国, ISP: CloudFlare Inc., Date: None, Delay: -1 ms, Speed: 0.00 M/s, Resolution: None
Name: 浙江卫视, URL: https://migu.188766.xyz/?migutoken=003344534097e571e87cd7b05d13e380&id=z_jws&type=sz, From: subscribe, IPv_Type: ipv6, Location: 美国, ISP: CloudFlare Inc., Date: None, Delay: -1 ms, Speed: 0.00 M/s, Resolution: None
Name: 浙江卫视, URL: https://migu.188766.xyz/?migutoken=ea20ac265b5c48bc1f94d43ea4f0221e&id=%E6%B5%99%E6%B1%9F%E5%8D%AB%E8%A7%86&pp=1, From: subscribe, IPv_Type: ipv6, Location: 美国, ISP: CloudFlare Inc., Date: None, Delay: -1 ms, Speed: 0.00 M/s, Resolution: None
Name: 浙江卫视, URL: https://migu.188766.xyz/?migutoken=3c89160f0ed061d1070a439056c9f04b&id=z_jws&type=sz, From: subscribe, IPv_Type: ipv6, Location: 美国, ISP: CloudFlare Inc., Date: None, Delay: -1 ms, Speed: 0.00 M/s, Resolution: None
Name: 浙江卫视, URL: https://migu.188766.xyz/?migutoken=320402ef3c6ef1b9bc2f10201766055e&id=%E6%B5%99%E6%B1%9F%E5%8D%AB%E8%A7%86&pp=1, From: subscribe, IPv_Type: ipv6, Location: 美国, ISP: CloudFlare Inc., Date: None, Delay: -1 ms, Speed: 0.00 M/s, Resolution: None
Name: 浙江卫视, URL: https://migu.188766.xyz/?migutoken=1a77e1608429fc5073f2e8b9fe3abeb9&id=z_jws&type=sz, From: subscribe, IPv_Type: ipv6, Location: 美国, ISP: CloudFlare Inc., Date: None, Delay: -1 ms, Speed: 0.00 M/s, Resolution: None
Name: 浙江卫视, URL: https://migu.188766.xyz/?migutoken=1512a499b2e2ca6c9ee595d7238c4da0&id=%E6%B5%99%E6%B1%9F%E5%8D%AB%E8%A7%86&pp=1, From: subscribe, IPv_Type: ipv6, Location: 美国, ISP: CloudFlare Inc., Date: None, Delay: -1 ms, Speed: 0.00 M/s, Resolution: None
Name: 浙江卫视, URL: https://migu.188766.xyz/?migutoken=ccfc4feaf40d2e99001eb27016355d02&id=z_jws&type=sz, From: subscribe, IPv_Type: ipv6, Location: 美国, ISP: CloudFlare Inc., Date: None, Delay: -1 ms, Speed: 0.00 M/s, Resolution: None
Name: 浙江卫视, URL: https://migu.188766.xyz/?migutoken=34d07096d360402844b83402ca7a40de&id=%E6%B5%99%E6%B1%9F%E5%8D%AB%E8%A7%86&pp=1, From: subscribe, IPv_Type: ipv6, Location: 美国, ISP: CloudFlare Inc., Date: None, Delay: -1 ms, Speed: 0.00 M/s, Resolution: None
Name: 浙江卫视, URL: https://migu.188766.xyz/?migutoken=2cdafd3b563d545a57c0a8140c25f7ed&id=z_jws&type=sz, From: subscribe, IPv_Type: ipv6, Location: 美国, ISP: CloudFlare Inc., Date: None, Delay: -1 ms, Speed: 0.00 M/s, Resolution: None
Name: 浙江卫视, URL: https://migu.188766.xyz/?migutoken=f9c2a652b32e6118df9dbc72c0459c63&id=%E6%B5%99%E6%B1%9F%E5%8D%AB%E8%A7%86&pp=1, From: subscribe, IPv_Type: ipv6, Location: 美国, ISP: CloudFlare Inc., Date: None, Delay: -1 ms, Speed: 0.00 M/s, Resolution: None
Name: 浙江卫视, URL: https://migu.188766.xyz/?migutoken=e697a144034ed2841254d6e7a10b7eb2&id=z_jws&type=sz, From: subscribe, IPv_Type: ipv6, Location: 美国, ISP: CloudFlare Inc., Date: None, Delay: -1 ms, Speed: 0.00 M/s, Resolution: None
Name: 浙江卫视, URL: https://migu.188766.xyz/?migutoken=e10832faa1c0968c62c2ea6165097367&id=%E6%B5%99%E6%B1%9F%E5%8D%AB%E8%A7%86&pp=1, From: subscribe, IPv_Type: ipv6, Location: 美国, ISP: CloudFlare Inc., Date: None, Delay: -1 ms, Speed: 0.00 M/s, Resolution: None
Name: 浙江卫视, URL: https://migu.188766.xyz/?migutoken=fcd6c98b52457b21b1d5e92f945a4401&id=z_jws&type=sz, From: subscribe, IPv_Type: ipv6, Location: 美国, ISP: CloudFlare Inc., Date: None, Delay: -1 ms, Speed: 0.00 M/s, Resolution: None
Name: 浙江卫视, URL: https://migu.188766.xyz/?migutoken=a824bdb3539e2f5c7c9934de792baf64&id=%E6%B5%99%E6%B1%9F%E5%8D%AB%E8%A7%86&pp=1, From: subscribe, IPv_Type: ipv6, Location: 美国, ISP: CloudFlare Inc., Date: None, Delay: -1 ms, Speed: 0.00 M/s, Resolution: None
Name: 浙江卫视, URL: https://migu.188766.xyz/?migutoken=f2b6ecbaff43e2947ee49b9a5fb3712c&id=z_jws&type=sz, From: subscribe, IPv_Type: ipv6, Location: 美国, ISP: CloudFlare Inc., Date: None, Delay: -1 ms, Speed: 0.00 M/s, Resolution: None
Name: 浙江卫视, URL: https://migu.188766.xyz/?migutoken=c234ebfa61c9f89ecf7b90d04c108aff&id=%E6%B5%99%E6%B1%9F%E5%8D%AB%E8%A7%86&pp=1, From: subscribe, IPv_Type: ipv6, Location: 美国, ISP: CloudFlare Inc., Date: None, Delay: -1 ms, Speed: 0.00 M/s, Resolution: None
Name: 浙江卫视, URL: https://migu.188766.xyz/?migutoken=5ef0970805ea29a3eb6218b7b81250dd&id=z_jws&type=sz, From: subscribe, IPv_Type: ipv6, Location: 美国, ISP: CloudFlare Inc., Date: None, Delay: -1 ms, Speed: 0.00 M/s, Resolution: None
Name: 浙江卫视, URL: https://migu.188766.xyz/?migutoken=cf837ff94a508ed6bd04aa552f97f6bf&id=%E6%B5%99%E6%B1%9F%E5%8D%AB%E8%A7%86&pp=1, From: subscribe, IPv_Type: ipv6, Location: 美国, ISP: CloudFlare Inc., Date: None, Delay: -1 ms, Speed: 0.00 M/s, Resolution: None
Name: 浙江卫视, URL: https://migu.188766.xyz/?migutoken=deb0e03f194febb37f94b434d6311cd5&id=z_jws&type=sz, From: subscribe, IPv_Type: ipv6, Location: 美国, ISP: CloudFlare Inc., Date: None, Delay: -1 ms, Speed: 0.00 M/s, Resolution: None
Name: 浙江卫视, URL: https://migu.188766.xyz/?migutoken=253f53338985a08750ab651b94c55513&id=%E6%B5%99%E6%B1%9F%E5%8D%AB%E8%A7%86&pp=1, From: subscribe, IPv_Type: ipv6, Location: 美国, ISP: CloudFlare Inc., Date: None, Delay: -1 ms, Speed: 0.00 M/s, Resolution: None
Name: 浙江卫视, URL: https://migu.188766.xyz/?migutoken=98436003d27d78d38091c65f273d65bd&id=z_jws&type=sz, From: subscribe, IPv_Type: ipv6, Location: 美国, ISP: CloudFlare Inc., Date: None, Delay: -1 ms, Speed: 0.00 M/s, Resolution: None
Name: 浙江卫视, URL: https://migu.188766.xyz/?migutoken=17af7eef2d3a7b536c9d554695b80070&id=%E6%B5%99%E6%B1%9F%E5%8D%AB%E8%A7%86&pp=1, From: subscribe, IPv_Type: ipv6, Location: 美国, ISP: CloudFlare Inc., Date: None, Delay: -1 ms, Speed: 0.00 M/s, Resolution: None
Name: 浙江卫视, URL: https://migu.188766.xyz/?migutoken=a4a53b1bfdb20304e71030188ed6f8d4&id=z_jws&type=sz, From: subscribe, IPv_Type: ipv6, Location: 美国, ISP: CloudFlare Inc., Date: None, Delay: -1 ms, Speed: 0.00 M/s, Resolution: None
Name: 浙江卫视, URL: https://play-qukan.cztv.com/live/1746687519046362.m3u8, From: subscribe, IPv_Type: ipv4, Location: 美国, ISP: 阿里云, Date: None, Delay: 176 ms, Speed: 22.63 M/s, Resolution: 1920x1080
Name: 浙江卫视, URL: http://ali-xwl.cztv.com/live/channel011080Plxw.m3u8, From: subscribe, IPv_Type: ipv4, Location: 美国-加利福尼亚州-洛杉矶, ISP: Level3, Date: None, Delay: 332 ms, Speed: 13.18 M/s, Resolution: 1920x1080
Name: 浙江卫视, URL: http://69.30.246.194/live/zjws.m3u8, From: subscribe, IPv_Type: ipv4, Location: 美国-密苏里州-杰克逊县, ISP: WholeSale互联网股份有限公司, Date: None, Delay: 414 ms, Speed: 8.05 M/s, Resolution: 1920x1080
Name: 浙江卫视, URL: http://23.237.228.134/live6/zhejiang.m3u8, From: subscribe, IPv_Type: ipv4, Location: 北美地区, ISP: , Date: None, Delay: 619 ms, Speed: 3.30 M/s, Resolution: 1920x1080
Name: 浙江卫视, URL: http://ali-m-l.cztv.com/channels/lantian/channel001/1080p.m3u8#mitv://generationnexxxt.com:19806/7bf4b3a65eaf421ab6d71bd8dcc4547a, From: subscribe, IPv_Type: ipv4, Location: 中国-上海-上海, ISP: 电信, Date: None, Delay: 449 ms, Speed: 0.00 M/s, Resolution: None
Name: 湖南卫视, URL: http://php.jdshipin.com/TVOD/hnyd.php?id=200000001898/460000089800010058, From: subscribe, IPv_Type: ipv6, Location: 美国, ISP: CloudFlare Inc., Date: None, Delay: -1 ms, Speed: 0.00 M/s, Resolution: None
Name: 湖南卫视, URL: http://z.b.bkpcp.top/m.php?id=hunws, From: subscribe, IPv_Type: ipv6, Location: 美国, ISP: CloudFlare Inc., Date: None, Delay: -1 ms, Speed: 0.00 M/s, Resolution: None
Name: 湖南卫视, URL: http://j.x.bkpcp.top/jx/HUNANHD, From: subscribe, IPv_Type: ipv6, Location: 美国, ISP: CloudFlare Inc., Date: None, Delay: -1 ms, Speed: 0.00 M/s, Resolution: None
Name: 湖南卫视, URL: http://3501776.xyz:35455/itv/1000000005000265024.m3u8?cdn=ystenlive, From: subscribe, IPv_Type: ipv6, Location: 美国, ISP: CloudFlare Inc., Date: None, Delay: -1 ms, Speed: 0.00 M/s, Resolution: None
Name: 湖南卫视, URL: http://iptv.huuc.edu.cn/hls/hunanhd.m3u8, From: subscribe, IPv_Type: ipv6, Location: 中国, ISP: 教育网, Date: None, Delay: -1 ms, Speed: 0.00 M/s, Resolution: None
Name: 湖南卫视, URL: https://zby.130519.xyz/PLTV/11/224/3221225726/index.m3u8, From: subscribe, IPv_Type: ipv6, Location: 美国, ISP: CloudFlare Inc., Date: None, Delay: -1 ms, Speed: 0.00 M/s, Resolution: None
Name: 湖南卫视, URL: https://migu.188766.xyz/?migutoken=3bf38c9591614aaa188554e6db59e3eb&id=hnws&type=sz, From: subscribe, IPv_Type: ipv6, Location: 美国, ISP: CloudFlare Inc., Date: None, Delay: -1 ms, Speed: 0.00 M/s, Resolution: None
Name: 湖南卫视, URL: https://iptv.catvod.com/live.php?id=%E6%B9%96%E5%8D%97%E5%8D%AB%E8%A7%86%E5%8F%B0, From: subscribe, IPv_Type: ipv6, Location: 美国, ISP: CloudFlare Inc., Date: None, Delay: -1 ms, Speed: 0.00 M/s, Resolution: None
Name: 湖南卫视, URL: http://[2409:8087:8:21::18]:6610/otttv.bj.chinamobile.com/PLTV/88888888/224/3221226509/1.m3u8?zoneoffset=480&servicetype=1&icpid=&limitflux=-1&limitdur=-1&tenantId=8601&accountinfo=%7E%7EV2.0%7EIGb_ib7rnBX9_sANRKq9sg%7EpK8OKM5JoJWWbLRyLfPcUMkwWZ90MzSI9S9PDltJsYzd0ZGcS3Tkh7syciNKJa-w60mDOdwtDyoNwCx9aRgzHNH9AUREV_qvNJtXHRPzYw0%7EExtInfo9bj61dxzlMXrsixrqcFYPg%3D%3D%3A20221022013542%2C915973%2C119.123.71.209%2C20221022013542%2C10000100000000050000000003873458%2C915973%2C-1%2C0%2C1%2C%2C%2C2%2C%2C%2C%2C2%2C%2C10000100000000060000000007253514_0%2CEND&GuardEncType=2, From: subscribe, IPv_Type: ipv6, Location: 中国, ISP: 中国移动, Date: None, Delay: -1 ms, Speed: 0.00 M/s, Resolution: None
Name: 湖南卫视, URL: https://migu.188766.xyz/?migutoken=53d5c9d9c68c05c7cfce29a876eb2e32&id=hnws&type=sz, From: subscribe, IPv_Type: ipv6, Location: 美国, ISP: CloudFlare Inc., Date: None, Delay: -1 ms, Speed: 0.00 M/s, Resolution: None
Name: 湖南卫视, URL: https://migu.188766.xyz/?migutoken=b3feac6e659599eab9408f632c2285cd&id=hnws&type=sz, From: subscribe, IPv_Type: ipv6, Location: 美国, ISP: CloudFlare Inc., Date: None, Delay: -1 ms, Speed: 0.00 M/s, Resolution: None
Name: 湖南卫视, URL: https://migu.188766.xyz/?migutoken=8e3b0046b3d819d0a910720719af224e&id=hnws&type=sz, From: subscribe, IPv_Type: ipv6, Location: 美国, ISP: CloudFlare Inc., Date: None, Delay: -1 ms, Speed: 0.00 M/s, Resolution: None
Name: 湖南卫视, URL: https://migu.188766.xyz/?migutoken=4198a9bb2d6d6381798d1e9ef320e2cf&id=hnws&type=sz, From: subscribe, IPv_Type: ipv6, Location: 美国, ISP: CloudFlare Inc., Date: None, Delay: -1 ms, Speed: 0.00 M/s, Resolution: None
Name: 湖南卫视, URL: https://migu.188766.xyz/?migutoken=1db83c606ac2f324aee6eecc2d7004fa&id=hnws&type=sz, From: subscribe, IPv_Type: ipv6, Location: 美国, ISP: CloudFlare Inc., Date: None, Delay: -1 ms, Speed: 0.00 M/s, Resolution: None
Name: 湖南卫视, URL: https://migu.188766.xyz/?migutoken=4c250901056c99e27e7b946a8e080f03&id=hnws&type=sz, From: subscribe, IPv_Type: ipv6, Location: 美国, ISP: CloudFlare Inc., Date: None, Delay: -1 ms, Speed: 0.00 M/s, Resolution: None
Name: 湖南卫视, URL: https://migu.188766.xyz/?migutoken=a2978eea743b2a0a629d1e26982ecbda&id=hnws&type=sz, From: subscribe, IPv_Type: ipv6, Location: 美国, ISP: CloudFlare Inc., Date: None, Delay: -1 ms, Speed: 0.00 M/s, Resolution: None
Name: 湖南卫视, URL: https://migu.188766.xyz/?migutoken=a57551e18259544ddee41b3656c837fa&id=hnws&type=sz, From: subscribe, IPv_Type: ipv6, Location: 美国, ISP: CloudFlare Inc., Date: None, Delay: -1 ms, Speed: 0.00 M/s, Resolution: None
Name: 湖南卫视, URL: https://migu.188766.xyz/?migutoken=1c6a39de1910a965411e7db8c3207658&id=hnws&type=sz, From: subscribe, IPv_Type: ipv6, Location: 美国, ISP: CloudFlare Inc., Date: None, Delay: -1 ms, Speed: 0.00 M/s, Resolution: None
Name: 湖南卫视, URL: https://tv.iill.top/migu/hnws&token=cc939526aed05a9c3f42c88c61fb8cb76c2acee2ebd65691e243451029eb7b84, From: subscribe, IPv_Type: ipv6, Location: 美国, ISP: CloudFlare Inc., Date: None, Delay: -1 ms, Speed: 0.00 M/s, Resolution: None
Name: 湖南卫视, URL: https://migu.188766.xyz/?migutoken=be121fdc39d1fff4e09427db93a1973a&id=hnws&type=sz, From: subscribe, IPv_Type: ipv6, Location: 美国, ISP: CloudFlare Inc., Date: None, Delay: -1 ms, Speed: 0.00 M/s, Resolution: None
Name: 湖南卫视, URL: http://k.061899.xyz/k.php?id=hunws, From: subscribe, IPv_Type: ipv6, Location: 新加坡, ISP: Aceville Pte.Ltd., Date: None, Delay: -1 ms, Speed: 0.00 M/s, Resolution: None
Name: 湖南卫视, URL: http://hwltc.tv.cdn.zj.chinamobile.com/PLTV/88888888/224/3221236225/index.m3u8, From: subscribe, IPv_Type: ipv6, Location: 中国, ISP: 中国移动, Date: None, Delay: -1 ms, Speed: 0.00 M/s, Resolution: None
Name: 湖南卫视, URL: http://hwottcdn.ln.chinamobile.com/PLTV/11/224/3221226144/index.m3u8, From: subscribe, IPv_Type: ipv6, Location: 中国, ISP: 中国移动, Date: None, Delay: -1 ms, Speed: 0.00 M/s, Resolution: None
Name: 湖南卫视, URL: http://iptvrr.sh.chinamobile.com:6060/cms001/ch00000090990000001026/index.m3u8, From: subscribe, IPv_Type: ipv6, Location: 中国, ISP: 中国移动, Date: None, Delay: -1 ms, Speed: 0.00 M/s, Resolution: None
Name: 湖南卫视, URL: http://hwottcdn.ln.chinamobile.com/PLTV/11/224/3221226669/index.m3u8, From: subscribe, IPv_Type: ipv6, Location: 中国, ISP: 中国移动, Date: None, Delay: -1 ms, Speed: 0.00 M/s, Resolution: None
Name: 湖南卫视, URL: http://hwottcdn.ln.chinamobile.com/PLTV/11/224/3221226727/index.m3u8, From: subscribe, IPv_Type: ipv6, Location: 中国, ISP: 中国移动, Date: None, Delay: -1 ms, Speed: 0.00 M/s, Resolution: None
Name: 湖南卫视, URL: http://hwottcdn.ln.chinamobile.com/PLTV/11/224/3221227316/index.m3u8, From: subscribe, IPv_Type: ipv6, Location: 中国, ISP: 中国移动, Date: None, Delay: -1 ms, Speed: 0.00 M/s, Resolution: None
Name: 湖南卫视, URL: http://hwottcdn.ln.chinamobile.com/PLTV/11/224/3221226161/index.m3u8, From: subscribe, IPv_Type: ipv6, Location: 中国, ISP: 中国移动, Date: None, Delay: -1 ms, Speed: 0.00 M/s, Resolution: None
Name: 湖南卫视, URL: http://hwottcdn.ln.chinamobile.com/PLTV/11/224/3221226772/index.m3u8, From: subscribe, IPv_Type: ipv6, Location: 中国, ISP: 中国移动, Date: None, Delay: -1 ms, Speed: 0.00 M/s, Resolution: None
Name: 湖南卫视, URL: http://ott.mobaibox.com/PLTV/3/224/3221227482/index.m3u8, From: subscribe, IPv_Type: ipv6, Location: 中国, ISP: 中国移动, Date: None, Delay: -1 ms, Speed: 0.00 M/s, Resolution: None
Name: 湖南卫视, URL: http://tvgslb.hn.chinamobile.com:8089/180000001002/00000001000000000099000000193885/main.m3u8?stbid=, From: subscribe, IPv_Type: ipv6, Location: 中国, ISP: 中国移动, Date: None, Delay: -1 ms, Speed: 0.00 M/s, Resolution: None
Name: 湖南卫视, URL: http://tvgslb.hn.chinamobile.com:8089/180000001002/00000001000000000010000000040382/main.m3u8?stbid=, From: subscribe, IPv_Type: ipv6, Location: 中国, ISP: 中国移动, Date: None, Delay: -1 ms, Speed: 0.00 M/s, Resolution: None
Name: 湖南卫视, URL: http://rrs01.hw.gmcc.net:8088/PLTV/81/224/3221226698/1.m3u8, From: subscribe, IPv_Type: ipv6, Location: 中国, ISP: 中国移动, Date: None, Delay: -1 ms, Speed: 0.00 M/s, Resolution: None
Name: 湖南卫视, URL: http://tvgslb.hn.chinamobile.com:8089/180000001002/00000001000000000064000000308827/main.m3u8?stbid=, From: subscribe, IPv_Type: ipv6, Location: 中国, ISP: 中国移动, Date: None, Delay: -1 ms, Speed: 0.00 M/s, Resolution: None
Name: 湖南卫视, URL: https://tv.iill.top/migu/hnws&token=2f124ab6ac087bc9ff8827f65331bcefcc19f2be5fdb4aa28fe293a39b7c65a6, From: subscribe, IPv_Type: ipv6, Location: 美国, ISP: CloudFlare Inc., Date: None, Delay: -1 ms, Speed: 0.00 M/s, Resolution: None
Name: 湖南卫视, URL: https://migu.188766.xyz/?migutoken=79d1f9258205c894ae0b1c3ab88605c7&id=hnws&type=sz, From: subscribe, IPv_Type: ipv6, Location: 美国, ISP: CloudFlare Inc., Date: None, Delay: -1 ms, Speed: 0.00 M/s, Resolution: None
Name: 湖南卫视, URL: https://tv.iill.top/migu/hnws&token=7ce15d51da8e60be86cc1bde4d856274b2bd781528e9f64ff1d7d9370b9d7268, From: subscribe, IPv_Type: ipv6, Location: 美国, ISP: CloudFlare Inc., Date: None, Delay: -1 ms, Speed: 0.00 M/s, Resolution: None
Name: 湖南卫视, URL: https://migu.188766.xyz/?migutoken=38d5546fff1044a8b29c094471eb02f8&id=hnws&type=sz, From: subscribe, IPv_Type: ipv6, Location: 美国, ISP: CloudFlare Inc., Date: None, Delay: -1 ms, Speed: 0.00 M/s, Resolution: None
Name: 湖南卫视, URL: https://tv.iill.top/migu/hnws&token=0749f23d5e878af0a55d054879eccdba22a00cca8f13177bf8d0007c856ca9b9, From: subscribe, IPv_Type: ipv6, Location: 美国, ISP: CloudFlare Inc., Date: None, Delay: -1 ms, Speed: 0.00 M/s, Resolution: None
Name: 湖南卫视, URL: https://migu.188766.xyz/?migutoken=04f0bd8d7a24f80832b352789e86fd12&id=hnws&type=sz, From: subscribe, IPv_Type: ipv6, Location: 美国, ISP: CloudFlare Inc., Date: None, Delay: -1 ms, Speed: 0.00 M/s, Resolution: None
Name: 湖南卫视, URL: https://tv.iill.top/migu/hnws&token=ea4803836ab3759697c651bbaf9b16d10a6339fab2e1a980e276b15296478409, From: subscribe, IPv_Type: ipv6, Location: 美国, ISP: CloudFlare Inc., Date: None, Delay: -1 ms, Speed: 0.00 M/s, Resolution: None
Name: 湖南卫视, URL: https://migu.188766.xyz/?migutoken=4f5129163cf4959e47e91c6cf8e4476c&id=hnws&type=sz, From: subscribe, IPv_Type: ipv6, Location: 美国, ISP: CloudFlare Inc., Date: None, Delay: -1 ms, Speed: 0.00 M/s, Resolution: None
Name: 湖南卫视, URL: https://tv.iill.top/migu/hnws&token=082b9b13fc9a332b374b4bbeb3839e098a394ddc0af6cb1cae3e2ab2272a8fe3, From: subscribe, IPv_Type: ipv6, Location: 美国, ISP: CloudFlare Inc., Date: None, Delay: -1 ms, Speed: 0.00 M/s, Resolution: None
Name: 湖南卫视, URL: https://migu.188766.xyz/?migutoken=850bef4e9409ff7ffda256a07d578d83&id=hnws&type=sz, From: subscribe, IPv_Type: ipv6, Location: 美国, ISP: CloudFlare Inc., Date: None, Delay: -1 ms, Speed: 0.00 M/s, Resolution: None
Name: 湖南卫视, URL: https://tv.iill.top/migu/hnws&token=3715e56a43ff137fc781c87e8f3354f0b0b81779b6440c51e75f763fd7e1c640, From: subscribe, IPv_Type: ipv6, Location: 美国, ISP: CloudFlare Inc., Date: None, Delay: -1 ms, Speed: 0.00 M/s, Resolution: None
Name: 湖南卫视, URL: https://migu.188766.xyz/?migutoken=ca093de4941c0280994bde06e4cf5ae9&id=hnws&type=sz, From: subscribe, IPv_Type: ipv6, Location: 美国, ISP: CloudFlare Inc., Date: None, Delay: -1 ms, Speed: 0.00 M/s, Resolution: None
Name: 湖南卫视, URL: https://tv.iill.top/migu/hnws&token=2276b9830bd9e6d7f4858f72fe6095ad7d4eeb9d25164399bb076f31d3ce364b, From: subscribe, IPv_Type: ipv6, Location: 美国, ISP: CloudFlare Inc., Date: None, Delay: -1 ms, Speed: 0.00 M/s, Resolution: None
Name: 湖南卫视, URL: https://migu.188766.xyz/?migutoken=ed2e4204d0b2a5912f317d557335d6af&id=hnws&type=sz, From: subscribe, IPv_Type: ipv6, Location: 美国, ISP: CloudFlare Inc., Date: None, Delay: -1 ms, Speed: 0.00 M/s, Resolution: None
Name: 湖南卫视, URL: https://migu.188766.xyz/?migutoken=d5758ca3e5e030bafe72aa287012da65&id=hnws&type=sz, From: subscribe, IPv_Type: ipv6, Location: 美国, ISP: CloudFlare Inc., Date: None, Delay: -1 ms, Speed: 0.00 M/s, Resolution: None
Name: 湖南卫视, URL: https://tv.iill.top/migu/hnws&token=886bce813f2cd4e37742d034db073fb39288ecfa7b0e43b20307dd9a2b2d0bdc, From: subscribe, IPv_Type: ipv6, Location: 美国, ISP: CloudFlare Inc., Date: None, Delay: -1 ms, Speed: 0.00 M/s, Resolution: None
Name: 湖南卫视, URL: https://migu.188766.xyz/?migutoken=a0a722f08d9d1809f84bf7b94276b390&id=hnws&type=sz, From: subscribe, IPv_Type: ipv6, Location: 美国, ISP: CloudFlare Inc., Date: None, Delay: -1 ms, Speed: 0.00 M/s, Resolution: None
Name: 湖南卫视, URL: https://tv.iill.top/migu/hnws&token=7d321042b2f5789d57294578c80935696c5c1326ca57bc4bb58174e879b25dd6, From: subscribe, IPv_Type: ipv6, Location: 美国, ISP: CloudFlare Inc., Date: None, Delay: -1 ms, Speed: 0.00 M/s, Resolution: None
Name: 湖南卫视, URL: https://migu.188766.xyz/?migutoken=e936b209421a1ad18eea2e156c8aecd0&id=hnws&type=sz, From: subscribe, IPv_Type: ipv6, Location: 美国, ISP: CloudFlare Inc., Date: None, Delay: -1 ms, Speed: 0.00 M/s, Resolution: None
Name: 湖南卫视, URL: https://tv.iill.top/migu/hnws&token=ad73153cdea1fbd107ecb21f633c449542412c1ff26b11caafd59267d0eec755, From: subscribe, IPv_Type: ipv6, Location: 美国, ISP: CloudFlare Inc., Date: None, Delay: -1 ms, Speed: 0.00 M/s, Resolution: None
Name: 湖南卫视, URL: https://migu.188766.xyz/?migutoken=7068313831946affc8aff9b48a570bca&id=hnws&type=sz, From: subscribe, IPv_Type: ipv6, Location: 美国, ISP: CloudFlare Inc., Date: None, Delay: -1 ms, Speed: 0.00 M/s, Resolution: None
Name: 湖南卫视, URL: https://tv.iill.top/migu/hnws&token=d25986dec232345e7d991eb80f90d884b6037b42c12c8b793d52ff710cbe29b7, From: subscribe, IPv_Type: ipv6, Location: 美国, ISP: CloudFlare Inc., Date: None, Delay: -1 ms, Speed: 0.00 M/s, Resolution: None
Name: 湖南卫视, URL: https://migu.188766.xyz/?migutoken=ecef9046c3866af66bf4700470336a89&id=hnws&type=sz, From: subscribe, IPv_Type: ipv6, Location: 美国, ISP: CloudFlare Inc., Date: None, Delay: -1 ms, Speed: 0.00 M/s, Resolution: None
Name: 湖南卫视, URL: https://tv.iill.top/migu/hnws&token=5e1e0665ab28c6b396cfe65196076812fddb1605c28ea3a97faf40c908fbfe06, From: subscribe, IPv_Type: ipv6, Location: 美国, ISP: CloudFlare Inc., Date: None, Delay: -1 ms, Speed: 0.00 M/s, Resolution: None
Name: 湖南卫视, URL: https://migu.188766.xyz/?migutoken=f9d484cfa16de4ac0a849650ef39bdaf&id=hnws&type=sz, From: subscribe, IPv_Type: ipv6, Location: 美国, ISP: CloudFlare Inc., Date: None, Delay: -1 ms, Speed: 0.00 M/s, Resolution: None
Name: 湖南卫视, URL: https://migu.188766.xyz/?migutoken=247f914bd08bb7a2bf7fd9da137b9787&id=hnws&type=sz, From: subscribe, IPv_Type: ipv6, Location: 美国, ISP: CloudFlare Inc., Date: None, Delay: -1 ms, Speed: 0.00 M/s, Resolution: None
Name: 湖南卫视, URL: https://migu.188766.xyz/?migutoken=754af6e2f756c1700606509f1a1059a2&id=hnws&type=sz, From: subscribe, IPv_Type: ipv6, Location: 美国, ISP: CloudFlare Inc., Date: None, Delay: -1 ms, Speed: 0.00 M/s, Resolution: None
Name: 湖南卫视, URL: https://migu.188766.xyz/?migutoken=d7d290ba45d14d0f0d5eb24ed978b8fe&id=hnws&type=sz, From: subscribe, IPv_Type: ipv6, Location: 美国, ISP: CloudFlare Inc., Date: None, Delay: -1 ms, Speed: 0.00 M/s, Resolution: None
Name: 湖南卫视, URL: https://migu.188766.xyz/?migutoken=40ff3fd3add8487a00578b4228637a41&id=hnws&type=sz, From: subscribe, IPv_Type: ipv6, Location: 美国, ISP: CloudFlare Inc., Date: None, Delay: -1 ms, Speed: 0.00 M/s, Resolution: None
Name: 湖南卫视, URL: http://hlsal-ldvt.qing.mgtv.com/nn_live/nn_x64/dWlwPTEyNy4wLjAuMSZ1aWQ9cWluZy1jbXMmbm5fdGltZXpvbmU9OCZjZG5leF9pZD1hbF9obHNfbGR2dCZ1dWlkPTliODY4NmU5ZTM2YzYwMmMmZT02OTE0NjA0JnY9MSZpZD1ITldTWkdTVCZzPTcwN2RiYTc2YzJjNmJmMTQ4MmUyZGYzOWU2NWM3YWFi/HNWSZGST.m3u8, From: subscribe, IPv_Type: ipv4, Location: 美国-加利福尼亚州-洛杉矶, ISP: Level3, Date: None, Delay: 44 ms, Speed: 13.24 M/s, Resolution: 3840x2160
Name: 湖南卫视, URL: http://hlsal-ldvt.qing.mgtv.com/nn_live/nn_x64/Y2RuZXhfaWQ9YWxfaGxzX2xkdnQmZT02OTE0NjA0JnY9MSZpZD1ITldTWkdTVCZzPTcwN2RiYTc2YzJjNmJmMTQ4MmUyZGYzOWU2NWM3YWFi/HNWSZGST.m3u8, From: subscribe, IPv_Type: ipv4, Location: 美国-加利福尼亚州-洛杉矶, ISP: Level3, Date: None, Delay: 42 ms, Speed: 13.02 M/s, Resolution: 3840x2160
Name: 湖南卫视, URL: http://38.75.136.137:98/gslb/dsdqbv/hnwshd.m3u8?auth=test20251009, From: subscribe, IPv_Type: ipv4, Location: 美国-伊利诺伊州-库克, ISP: Cogent, Date: None, Delay: 656 ms, Speed: 5.67 M/s, Resolution: 1920x1080
Name: 湖南卫视, URL: http://satellitepull.cnr.cn/live/wx32hunws/playlist.m3u8, From: subscribe, IPv_Type: ipv4, Location: 美国-新泽西州-摩里斯, ISP: Linode, Date: None, Delay: 18 ms, Speed: 5.24 M/s, Resolution: None
Name: 湖南卫视, URL: http://23.237.228.134/live6/hunan.m3u8, From: subscribe, IPv_Type: ipv4, Location: 北美地区, ISP: , Date: None, Delay: 585 ms, Speed: 3.67 M/s, Resolution: 1920x1080
Name: 北京卫视, URL: http://php.jdshipin.com/TVOD/hnyd.php?id=200000001898/460000089800010143, From: subscribe, IPv_Type: ipv6, Location: 美国, ISP: CloudFlare Inc., Date: None, Delay: -1 ms, Speed: 0.00 M/s, Resolution: None
Name: 北京卫视, URL: http://z.b.bkpcp.top/m.php?id=bjws, From: subscribe, IPv_Type: ipv6, Location: 美国, ISP: CloudFlare Inc., Date: None, Delay: -1 ms, Speed: 0.00 M/s, Resolution: None
Name: 北京卫视, URL: http://j.x.bkpcp.top/jx/BEIJHD, From: subscribe, IPv_Type: ipv6, Location: 美国, ISP: CloudFlare Inc., Date: None, Delay: -1 ms, Speed: 0.00 M/s, Resolution: None
Name: 北京卫视, URL: http://3501776.xyz:35455/itv/1000000005000265027.m3u8?cdn=ystenlive, From: subscribe, IPv_Type: ipv6, Location: 美国, ISP: CloudFlare Inc., Date: None, Delay: -1 ms, Speed: 0.00 M/s, Resolution: None
Name: 北京卫视, URL: http://iptv.huuc.edu.cn/hls/btv1hd.m3u8, From: subscribe, IPv_Type: ipv6, Location: 中国, ISP: 教育网, Date: None, Delay: -1 ms, Speed: 0.00 M/s, Resolution: None
Name: 北京卫视, URL: https://zby.130519.xyz/PLTV/11/224/3221225724/index.m3u8, From: subscribe, IPv_Type: ipv6, Location: 美国, ISP: CloudFlare Inc., Date: None, Delay: -1 ms, Speed: 0.00 M/s, Resolution: None
Name: 北京卫视, URL: https://migu.188766.xyz/?migutoken=dc1ada074b2938a9c14c8ee94498e485&id=%E5%8C%97%E4%BA%AC%E5%8D%AB%E8%A7%86&type=yy, From: subscribe, IPv_Type: ipv6, Location: 美国, ISP: CloudFlare Inc., Date: None, Delay: -1 ms, Speed: 0.00 M/s, Resolution: None
Name: 北京卫视, URL: http://[2409:8087:8:21::18]:6610/otttv.bj.chinamobile.com/PLTV/88888888/224/3221226900/1.m3u8?GuardEncType=2&accountinfo=%7E%7EV2.0%7EcYPi33WFyhvd6SjmqUKhJg%7EtP4-l0lmSfjwLWEfK_el1vH_mv-s1zo4AQJwdedaVwG9xkuFTDg8J26cwOrNJzn20BErrHdLhuZ9EzLUCD3PMW-OMx4MGteHV2vLeW6BqoY%2CEND, From: subscribe, IPv_Type: ipv6, Location: 中国, ISP: 中国移动, Date: None, Delay: -1 ms, Speed: 0.00 M/s, Resolution: None
Name: 北京卫视, URL: https://migu.188766.xyz/?migutoken=de5987457f769438a3e28d376b4edc9f&id=%E5%8C%97%E4%BA%AC%E5%8D%AB%E8%A7%86&type=yy, From: subscribe, IPv_Type: ipv6, Location: 美国, ISP: CloudFlare Inc., Date: None, Delay: -1 ms, Speed: 0.00 M/s, Resolution: None
Name: 北京卫视, URL: https://migu.188766.xyz/?migutoken=b432f8d42afb931b41c9fbaf0de601d5&id=%E5%8C%97%E4%BA%AC%E5%8D%AB%E8%A7%86&type=yy, From: subscribe, IPv_Type: ipv6, Location: 美国, ISP: CloudFlare Inc., Date: None, Delay: -1 ms, Speed: 0.00 M/s, Resolution: None
Name: 北京卫视, URL: https://migu.188766.xyz/?migutoken=06fbfd752dea31b767d728cc31e879fb&id=%E5%8C%97%E4%BA%AC%E5%8D%AB%E8%A7%86&type=yy, From: subscribe, IPv_Type: ipv6, Location: 美国, ISP: CloudFlare Inc., Date: None, Delay: -1 ms, Speed: 0.00 M/s, Resolution: None
Name: 北京卫视, URL: https://migu.188766.xyz/?migutoken=9ce1d466efd9887fac31d7b791dffe8e&id=%E5%8C%97%E4%BA%AC%E5%8D%AB%E8%A7%86&type=yy, From: subscribe, IPv_Type: ipv6, Location: 美国, ISP: CloudFlare Inc., Date: None, Delay: -1 ms, Speed: 0.00 M/s, Resolution: None
Name: 北京卫视, URL: http://[2409:8087:1a01:df::4077]/ottrrs.hl.chinamobile.com/PLTV/88888888/8/3221226450/index.m3u8, From: subscribe, IPv_Type: ipv6, Location: 中国, ISP: 中国移动, Date: None, Delay: -1 ms, Speed: 0.00 M/s, Resolution: None
Name: 北京卫视, URL: https://migu.188766.xyz/?migutoken=ad65821a37ebb0654608f20412b85165&id=%E5%8C%97%E4%BA%AC%E5%8D%AB%E8%A7%86&type=yy, From: subscribe, IPv_Type: ipv6, Location: 美国, ISP: CloudFlare Inc., Date: None, Delay: -1 ms, Speed: 0.00 M/s, Resolution: None
Name: 北京卫视, URL: https://migu.188766.xyz/?migutoken=d14994d195ae3c43325b210f15346a65&id=%E5%8C%97%E4%BA%AC%E5%8D%AB%E8%A7%86&type=yy, From: subscribe, IPv_Type: ipv6, Location: 美国, ISP: CloudFlare Inc., Date: None, Delay: -1 ms, Speed: 0.00 M/s, Resolution: None
Name: 北京卫视, URL: https://migu.188766.xyz/?migutoken=3fcfe6747e27590d5cbc2d8ab0b88bfe&id=%E5%8C%97%E4%BA%AC%E5%8D%AB%E8%A7%86&type=yy, From: subscribe, IPv_Type: ipv6, Location: 美国, ISP: CloudFlare Inc., Date: None, Delay: -1 ms, Speed: 0.00 M/s, Resolution: None
Name: 北京卫视, URL: https://migu.188766.xyz/?migutoken=f7b2456f9f0e96d9d93eca980f8a8630&id=%E5%8C%97%E4%BA%AC%E5%8D%AB%E8%A7%86&type=yy, From: subscribe, IPv_Type: ipv6, Location: 美国, ISP: CloudFlare Inc., Date: None, Delay: -1 ms, Speed: 0.00 M/s, Resolution: None
Name: 北京卫视, URL: https://migu.188766.xyz/?migutoken=65c61272d97cd518f0e80aa6205f4e6f&id=%E5%8C%97%E4%BA%AC%E5%8D%AB%E8%A7%86&type=yy, From: subscribe, IPv_Type: ipv6, Location: 美国, ISP: CloudFlare Inc., Date: None, Delay: -1 ms, Speed: 0.00 M/s, Resolution: None
Name: 北京卫视, URL: https://tv.iill.top/migu/bjws&token=cc939526aed05a9c3f42c88c61fb8cb76c2acee2ebd65691e243451029eb7b84, From: subscribe, IPv_Type: ipv6, Location: 美国, ISP: CloudFlare Inc., Date: None, Delay: -1 ms, Speed: 0.00 M/s, Resolution: None
Name: 北京卫视, URL: https://migu.188766.xyz/?migutoken=aa43a2c7f643796b994e299b5b6d0f04&id=%E5%8C%97%E4%BA%AC%E5%8D%AB%E8%A7%86&type=yy, From: subscribe, IPv_Type: ipv6, Location: 美国, ISP: CloudFlare Inc., Date: None, Delay: -1 ms, Speed: 0.00 M/s, Resolution: None
Name: 北京卫视, URL: http://ott.mobaibox.com/PLTV/4/224/3221227896/index.m3u8, From: subscribe, IPv_Type: ipv6, Location: 中国, ISP: 中国移动, Date: None, Delay: -1 ms, Speed: 0.00 M/s, Resolution: None
Name: 北京卫视, URL: http://tvgslb.hn.chinamobile.com:8089/180000001002/00000000000000020000000000182564/main.m3u8?stbid=, From: subscribe, IPv_Type: ipv6, Location: 中国, ISP: 中国移动, Date: None, Delay: -1 ms, Speed: 0.00 M/s, Resolution: None
Name: 北京卫视, URL: http://tvgslb.hn.chinamobile.com:8089/180000001002/00000001000000000008000000047443/main.m3u8?stbid=, From: subscribe, IPv_Type: ipv6, Location: 中国, ISP: 中国移动, Date: None, Delay: -1 ms, Speed: 0.00 M/s, Resolution: None
Name: 北京卫视, URL: http://hwltc.tv.cdn.zj.chinamobile.com/PLTV/88888888/224/3221236241/index.m3u8, From: subscribe, IPv_Type: ipv6, Location: 中国, ISP: 中国移动, Date: None, Delay: -1 ms, Speed: 0.00 M/s, Resolution: None
Name: 北京卫视, URL: http://hwottcdn.ln.chinamobile.com/PLTV/11/224/3221226185/index.m3u8, From: subscribe, IPv_Type: ipv6, Location: 中国, ISP: 中国移动, Date: None, Delay: -1 ms, Speed: 0.00 M/s, Resolution: None
Name: 北京卫视, URL: http://hwottcdn.ln.chinamobile.com/PLTV/11/224/3221226823/index.m3u8, From: subscribe, IPv_Type: ipv6, Location: 中国, ISP: 中国移动, Date: None, Delay: -1 ms, Speed: 0.00 M/s, Resolution: None
Name: 北京卫视, URL: http://hwottcdn.ln.chinamobile.com/PLTV/11/224/3221226195/index.m3u8, From: subscribe, IPv_Type: ipv6, Location: 中国, ISP: 中国移动, Date: None, Delay: -1 ms, Speed: 0.00 M/s, Resolution: None
Name: 北京卫视, URL: http://hwottcdn.ln.chinamobile.com/PLTV/11/224/3221226666/index.m3u8, From: subscribe, IPv_Type: ipv6, Location: 中国, ISP: 中国移动, Date: None, Delay: -1 ms, Speed: 0.00 M/s, Resolution: None
Name: 北京卫视, URL: http://hwottcdn.ln.chinamobile.com/PLTV/11/224/3221226724/index.m3u8, From: subscribe, IPv_Type: ipv6, Location: 中国, ISP: 中国移动, Date: None, Delay: -1 ms, Speed: 0.00 M/s, Resolution: None
Name: 北京卫视, URL: http://hwottcdn.ln.chinamobile.com/PLTV/11/224/3221227340/index.m3u8, From: subscribe, IPv_Type: ipv6, Location: 中国, ISP: 中国移动, Date: None, Delay: -1 ms, Speed: 0.00 M/s, Resolution: None
Name: 北京卫视, URL: http://iptvrr.sh.chinamobile.com:6060/cms001/ch00000090990000001029/index.m3u8, From: subscribe, IPv_Type: ipv6, Location: 中国, ISP: 中国移动, Date: None, Delay: -1 ms, Speed: 0.00 M/s, Resolution: None
Name: 北京卫视, URL: http://k.061899.xyz/k.php?id=bjws, From: subscribe, IPv_Type: ipv6, Location: 新加坡, ISP: Aceville Pte.Ltd., Date: None, Delay: -1 ms, Speed: 0.00 M/s, Resolution: None
Name: 北京卫视, URL: http://ott.mobaibox.com/PLTV/3/224/3221227508/index.m3u8, From: subscribe, IPv_Type: ipv6, Location: 中国, ISP: 中国移动, Date: None, Delay: -1 ms, Speed: 0.00 M/s, Resolution: None
Name: 北京卫视, URL: http://rrs01.hw.gmcc.net:8088/PLTV/81/224/3221226719/1.m3u8, From: subscribe, IPv_Type: ipv6, Location: 中国, ISP: 中国移动, Date: None, Delay: -1 ms, Speed: 0.00 M/s, Resolution: None
Name: 北京卫视, URL: https://tv.iill.top/migu/bjws&token=2f124ab6ac087bc9ff8827f65331bcefcc19f2be5fdb4aa28fe293a39b7c65a6, From: subscribe, IPv_Type: ipv6, Location: 美国, ISP: CloudFlare Inc., Date: None, Delay: -1 ms, Speed: 0.00 M/s, Resolution: None
Name: 北京卫视, URL: https://migu.188766.xyz/?migutoken=e9421ad223ceade3672fe449cf2db4c2&id=%E5%8C%97%E4%BA%AC%E5%8D%AB%E8%A7%86&type=yy, From: subscribe, IPv_Type: ipv6, Location: 美国, ISP: CloudFlare Inc., Date: None, Delay: -1 ms, Speed: 0.00 M/s, Resolution: None
Name: 北京卫视, URL: https://tv.iill.top/migu/bjws&token=7ce15d51da8e60be86cc1bde4d856274b2bd781528e9f64ff1d7d9370b9d7268, From: subscribe, IPv_Type: ipv6, Location: 美国, ISP: CloudFlare Inc., Date: None, Delay: -1 ms, Speed: 0.00 M/s, Resolution: None
Name: 北京卫视, URL: https://migu.188766.xyz/?migutoken=55525ca5930d71c443062717821568b2&id=%E5%8C%97%E4%BA%AC%E5%8D%AB%E8%A7%86&type=yy, From: subscribe, IPv_Type: ipv6, Location: 美国, ISP: CloudFlare Inc., Date: None, Delay: -1 ms, Speed: 0.00 M/s, Resolution: None
Name: 北京卫视, URL: https://tv.iill.top/migu/bjws&token=0749f23d5e878af0a55d054879eccdba22a00cca8f13177bf8d0007c856ca9b9, From: subscribe, IPv_Type: ipv6, Location: 美国, ISP: CloudFlare Inc., Date: None, Delay: -1 ms, Speed: 0.00 M/s, Resolution: None
Name: 北京卫视, URL: https://migu.188766.xyz/?migutoken=cf7a6d07fa5f81e3887a0070503004f6&id=%E5%8C%97%E4%BA%AC%E5%8D%AB%E8%A7%86&type=yy, From: subscribe, IPv_Type: ipv6, Location: 美国, ISP: CloudFlare Inc., Date: None, Delay: -1 ms, Speed: 0.00 M/s, Resolution: None
Name: 北京卫视, URL: https://tv.iill.top/migu/bjws&token=ea4803836ab3759697c651bbaf9b16d10a6339fab2e1a980e276b15296478409, From: subscribe, IPv_Type: ipv6, Location: 美国, ISP: CloudFlare Inc., Date: None, Delay: -1 ms, Speed: 0.00 M/s, Resolution: None
Name: 北京卫视, URL: https://migu.188766.xyz/?migutoken=2fa62bbbc3f969581cf0915344135661&id=%E5%8C%97%E4%BA%AC%E5%8D%AB%E8%A7%86&type=yy, From: subscribe, IPv_Type: ipv6, Location: 美国, ISP: CloudFlare Inc., Date: None, Delay: -1 ms, Speed: 0.00 M/s, Resolution: None
Name: 北京卫视, URL: https://tv.iill.top/migu/bjws&token=082b9b13fc9a332b374b4bbeb3839e098a394ddc0af6cb1cae3e2ab2272a8fe3, From: subscribe, IPv_Type: ipv6, Location: 美国, ISP: CloudFlare Inc., Date: None, Delay: -1 ms, Speed: 0.00 M/s, Resolution: None
Name: 北京卫视, URL: https://migu.188766.xyz/?migutoken=c693fa3032a2f11f2dbcc38fbfc1bea1&id=%E5%8C%97%E4%BA%AC%E5%8D%AB%E8%A7%86&type=yy, From: subscribe, IPv_Type: ipv6, Location: 美国, ISP: CloudFlare Inc., Date: None, Delay: -1 ms, Speed: 0.00 M/s, Resolution: None
Name: 北京卫视, URL: https://tv.iill.top/migu/bjws&token=3715e56a43ff137fc781c87e8f3354f0b0b81779b6440c51e75f763fd7e1c640, From: subscribe, IPv_Type: ipv6, Location: 美国, ISP: CloudFlare Inc., Date: None, Delay: -1 ms, Speed: 0.00 M/s, Resolution: None
Name: 北京卫视, URL: https://migu.188766.xyz/?migutoken=311f2cf9fd92038cc912552094d6b463&id=%E5%8C%97%E4%BA%AC%E5%8D%AB%E8%A7%86&type=yy, From: subscribe, IPv_Type: ipv6, Location: 美国, ISP: CloudFlare Inc., Date: None, Delay: -1 ms, Speed: 0.00 M/s, Resolution: None
Name: 北京卫视, URL: https://tv.iill.top/migu/bjws&token=2276b9830bd9e6d7f4858f72fe6095ad7d4eeb9d25164399bb076f31d3ce364b, From: subscribe, IPv_Type: ipv6, Location: 美国, ISP: CloudFlare Inc., Date: None, Delay: -1 ms, Speed: 0.00 M/s, Resolution: None
Name: 北京卫视, URL: https://migu.188766.xyz/?migutoken=e5dce9dd0e80da54cf3887327ec71efe&id=%E5%8C%97%E4%BA%AC%E5%8D%AB%E8%A7%86&type=yy, From: subscribe, IPv_Type: ipv6, Location: 美国, ISP: CloudFlare Inc., Date: None, Delay: -1 ms, Speed: 0.00 M/s, Resolution: None
Name: 北京卫视, URL: https://migu.188766.xyz/?migutoken=f9e6dc8f49b608c7b0e9b4877b013abc&id=%E5%8C%97%E4%BA%AC%E5%8D%AB%E8%A7%86&type=yy, From: subscribe, IPv_Type: ipv6, Location: 美国, ISP: CloudFlare Inc., Date: None, Delay: -1 ms, Speed: 0.00 M/s, Resolution: None
Name: 北京卫视, URL: https://tv.iill.top/migu/bjws&token=886bce813f2cd4e37742d034db073fb39288ecfa7b0e43b20307dd9a2b2d0bdc, From: subscribe, IPv_Type: ipv6, Location: 美国, ISP: CloudFlare Inc., Date: None, Delay: -1 ms, Speed: 0.00 M/s, Resolution: None
Name: 北京卫视, URL: https://migu.188766.xyz/?migutoken=b9760ec93f5733335005c7294618ef0d&id=%E5%8C%97%E4%BA%AC%E5%8D%AB%E8%A7%86&type=yy, From: subscribe, IPv_Type: ipv6, Location: 美国, ISP: CloudFlare Inc., Date: None, Delay: -1 ms, Speed: 0.00 M/s, Resolution: None
Name: 北京卫视, URL: https://tv.iill.top/migu/bjws&token=7d321042b2f5789d57294578c80935696c5c1326ca57bc4bb58174e879b25dd6, From: subscribe, IPv_Type: ipv6, Location: 美国, ISP: CloudFlare Inc., Date: None, Delay: -1 ms, Speed: 0.00 M/s, Resolution: None
Name: 北京卫视, URL: https://migu.188766.xyz/?migutoken=9cf3a6ccfd721d1db1a8aacff392cb54&id=%E5%8C%97%E4%BA%AC%E5%8D%AB%E8%A7%86&type=yy, From: subscribe, IPv_Type: ipv6, Location: 美国, ISP: CloudFlare Inc., Date: None, Delay: -1 ms, Speed: 0.00 M/s, Resolution: None
Name: 北京卫视, URL: https://tv.iill.top/migu/bjws&token=ad73153cdea1fbd107ecb21f633c449542412c1ff26b11caafd59267d0eec755, From: subscribe, IPv_Type: ipv6, Location: 美国, ISP: CloudFlare Inc., Date: None, Delay: -1 ms, Speed: 0.00 M/s, Resolution: None
Name: 北京卫视, URL: https://migu.188766.xyz/?migutoken=af72eb9240a7b0df38662575708c6f09&id=%E5%8C%97%E4%BA%AC%E5%8D%AB%E8%A7%86&type=yy, From: subscribe, IPv_Type: ipv6, Location: 美国, ISP: CloudFlare Inc., Date: None, Delay: -1 ms, Speed: 0.00 M/s, Resolution: None
Name: 北京卫视, URL: https://tv.iill.top/migu/bjws&token=d25986dec232345e7d991eb80f90d884b6037b42c12c8b793d52ff710cbe29b7, From: subscribe, IPv_Type: ipv6, Location: 美国, ISP: CloudFlare Inc., Date: None, Delay: -1 ms, Speed: 0.00 M/s, Resolution: None
Name: 北京卫视, URL: https://migu.188766.xyz/?migutoken=f41c6a4dad7e71bdea44e039cc507132&id=%E5%8C%97%E4%BA%AC%E5%8D%AB%E8%A7%86&type=yy, From: subscribe, IPv_Type: ipv6, Location: 美国, ISP: CloudFlare Inc., Date: None, Delay: -1 ms, Speed: 0.00 M/s, Resolution: None
Name: 北京卫视, URL: https://tv.iill.top/migu/bjws&token=5e1e0665ab28c6b396cfe65196076812fddb1605c28ea3a97faf40c908fbfe06, From: subscribe, IPv_Type: ipv6, Location: 美国, ISP: CloudFlare Inc., Date: None, Delay: -1 ms, Speed: 0.00 M/s, Resolution: None
Name: 北京卫视, URL: https://migu.188766.xyz/?migutoken=7456c6182aee141001192f1b2df1ffae&id=%E5%8C%97%E4%BA%AC%E5%8D%AB%E8%A7%86&type=yy, From: subscribe, IPv_Type: ipv6, Location: 美国, ISP: CloudFlare Inc., Date: None, Delay: -1 ms, Speed: 0.00 M/s, Resolution: None
Name: 北京卫视, URL: https://migu.188766.xyz/?migutoken=a20455170a0d4440e07abd44d4a2c9f6&id=%E5%8C%97%E4%BA%AC%E5%8D%AB%E8%A7%86&type=yy, From: subscribe, IPv_Type: ipv6, Location: 美国, ISP: CloudFlare Inc., Date: None, Delay: -1 ms, Speed: 0.00 M/s, Resolution: None
Name: 北京卫视, URL: https://migu.188766.xyz/?migutoken=6df297d6e2210dccdedb707b64936d99&id=%E5%8C%97%E4%BA%AC%E5%8D%AB%E8%A7%86&type=yy, From: subscribe, IPv_Type: ipv6, Location: 美国, ISP: CloudFlare Inc., Date: None, Delay: -1 ms, Speed: 0.00 M/s, Resolution: None
Name: 北京卫视, URL: https://migu.188766.xyz/?migutoken=516aa06e2bbc95d9181d94c991b33f35&id=%E5%8C%97%E4%BA%AC%E5%8D%AB%E8%A7%86&type=yy, From: subscribe, IPv_Type: ipv6, Location: 美国, ISP: CloudFlare Inc., Date: None, Delay: -1 ms, Speed: 0.00 M/s, Resolution: None
Name: 北京卫视, URL: https://migu.188766.xyz/?migutoken=ac4bf4fae6115f45517415959456bcfd&id=%E5%8C%97%E4%BA%AC%E5%8D%AB%E8%A7%86&type=yy, From: subscribe, IPv_Type: ipv6, Location: 美国, ISP: CloudFlare Inc., Date: None, Delay: -1 ms, Speed: 0.00 M/s, Resolution: None
Name: 北京卫视, URL: http://38.75.136.137:98/gslb/dsdqpub/bjwshd.m3u8?auth=testpub, From: subscribe, IPv_Type: ipv4, Location: 美国-伊利诺伊州-库克, ISP: Cogent, Date: None, Delay: 398 ms, Speed: 11.39 M/s, Resolution: 1920x1080
Name: 北京卫视, URL: http://38.75.136.137:98/gslb/dsdqbv/bjwshd.m3u8?auth=test20251009, From: subscribe, IPv_Type: ipv4, Location: 美国-伊利诺伊州-库克, ISP: Cogent, Date: None, Delay: 663 ms, Speed: 5.92 M/s, Resolution: 1920x1080
Name: 北京卫视, URL: http://satellitepull.cnr.cn/live/wxbtv/playlist.m3u8, From: subscribe, IPv_Type: ipv4, Location: 美国-新泽西州-摩里斯, ISP: Linode, Date: None, Delay: 18 ms, Speed: 5.36 M/s, Resolution: None
Name: 湖北卫视, URL: http://php.jdshipin.com/TVOD/hnyd.php?id=200000001898/460000089800010057, From: subscribe, IPv_Type: ipv6, Location: 美国, ISP: CloudFlare Inc., Date: None, Delay: -1 ms, Speed: 0.00 M/s, Resolution: None
Name: 湖北卫视, URL: http://z.b.bkpcp.top/m.php?id=hubws, From: subscribe, IPv_Type: ipv6, Location: 美国, ISP: CloudFlare Inc., Date: None, Delay: -1 ms, Speed: 0.00 M/s, Resolution: None
Name: 湖北卫视, URL: http://j.x.bkpcp.top/jx/HUBEIHD, From: subscribe, IPv_Type: ipv6, Location: 美国, ISP: CloudFlare Inc., Date: None, Delay: -1 ms, Speed: 0.00 M/s, Resolution: None
Name: 湖北卫视, URL: http://3501776.xyz:35455/itv/1000000005000265023.m3u8?cdn=ystenlive, From: subscribe, IPv_Type: ipv6, Location: 美国, ISP: CloudFlare Inc., Date: None, Delay: -1 ms, Speed: 0.00 M/s, Resolution: None
Name: 湖北卫视, URL: http://goo.bkpcp.top/mg/hubws, From: subscribe, IPv_Type: ipv6, Location: 美国, ISP: CloudFlare Inc., Date: None, Delay: -1 ms, Speed: 0.00 M/s, Resolution: None
Name: 湖北卫视, URL: http://iptv.huuc.edu.cn/hls/hbhd.m3u8, From: subscribe, IPv_Type: ipv6, Location: 中国, ISP: 教育网, Date: None, Delay: -1 ms, Speed: 0.00 M/s, Resolution: None
Name: 湖北卫视, URL: https://zby.130519.xyz/PLTV/11/224/3221225729/index.m3u8, From: subscribe, IPv_Type: ipv6, Location: 美国, ISP: CloudFlare Inc., Date: None, Delay: -1 ms, Speed: 0.00 M/s, Resolution: None
Name: 湖北卫视, URL: https://migu.188766.xyz/?migutoken=e1c7dff05a5beb224081f27e04a4c584&id=%E6%B9%96%E5%8C%97%E5%8D%AB%E8%A7%86&type=yy, From: subscribe, IPv_Type: ipv6, Location: 美国, ISP: CloudFlare Inc., Date: None, Delay: -1 ms, Speed: 0.00 M/s, Resolution: None
Name: 湖北卫视, URL: https://iptv.catvod.com/live.php?id=%E6%B9%96%E5%8C%97%E5%8D%AB%E8%A7%86%E5%8F%B0, From: subscribe, IPv_Type: ipv6, Location: 美国, ISP: CloudFlare Inc., Date: None, Delay: -1 ms, Speed: 0.00 M/s, Resolution: None
Name: 湖北卫视, URL: https://smart.pendy.dpdns.org/Smart.php?id=hubei, From: subscribe, IPv_Type: ipv6, Location: 美国, ISP: CloudFlare Inc., Date: None, Delay: -1 ms, Speed: 0.00 M/s, Resolution: None
Name: 湖北卫视, URL: http://[2409:8087:8:21::18]:6610/otttv.bj.chinamobile.com/PLTV/88888888/224/3221226952/1.m3u8?GuardEncType=2&accountinfo=%7E%7EV2.0%7EREB40lnZnCEwjRy7LZuhIQ%7EtP4-l0lmSfjwLWEfK_el1vH_mv-s1zo4AQJwdedaVwG9xkuFTDg8J26cwOrNJzn20BErrHdLhuZ9EzLUCD3PMW-OMx4MGteHV2vLeW6BqoY%2CEND, From: subscribe, IPv_Type: ipv6, Location: 中国, ISP: 中国移动, Date: None, Delay: -1 ms, Speed: 0.00 M/s, Resolution: None
Name: 湖北卫视, URL: http://[2409:8087:1a01:df::4077]/ottrrs.hl.chinamobile.com/PLTV/88888888/8/3221226501/index.m3u8, From: subscribe, IPv_Type: ipv6, Location: 中国, ISP: 中国移动, Date: None, Delay: -1 ms, Speed: 0.00 M/s, Resolution: None
Name: 湖北卫视, URL: https://migu.188766.xyz/?migutoken=1bd2e2d9e9c0ad914b23140d9d159fb9&id=%E6%B9%96%E5%8C%97%E5%8D%AB%E8%A7%86&type=yy, From: subscribe, IPv_Type: ipv6, Location: 美国, ISP: CloudFlare Inc., Date: None, Delay: -1 ms, Speed: 0.00 M/s, Resolution: None
Name: 湖北卫视, URL: https://migu.188766.xyz/?migutoken=3768534ca02598a3d58ac194f2ef5d81&id=%E6%B9%96%E5%8C%97%E5%8D%AB%E8%A7%86&type=yy, From: subscribe, IPv_Type: ipv6, Location: 美国, ISP: CloudFlare Inc., Date: None, Delay: -1 ms, Speed: 0.00 M/s, Resolution: None
Name: 湖北卫视, URL: https://migu.188766.xyz/?migutoken=7015216258c1817f25c2d8c1388cc1fb&id=%E6%B9%96%E5%8C%97%E5%8D%AB%E8%A7%86&type=yy, From: subscribe, IPv_Type: ipv6, Location: 美国, ISP: CloudFlare Inc., Date: None, Delay: -1 ms, Speed: 0.00 M/s, Resolution: None
Name: 湖北卫视, URL: https://migu.188766.xyz/?migutoken=114f735899e09645fecf4570a1fb9c33&id=%E6%B9%96%E5%8C%97%E5%8D%AB%E8%A7%86&type=yy, From: subscribe, IPv_Type: ipv6, Location: 美国, ISP: CloudFlare Inc., Date: None, Delay: -1 ms, Speed: 0.00 M/s, Resolution: None
Name: 湖北卫视, URL: https://migu.188766.xyz/?migutoken=163e799e467fe4a33bdc42f2439b219e&id=%E6%B9%96%E5%8C%97%E5%8D%AB%E8%A7%86&type=yy, From: subscribe, IPv_Type: ipv6, Location: 美国, ISP: CloudFlare Inc., Date: None, Delay: -1 ms, Speed: 0.00 M/s, Resolution: None
Name: 湖北卫视, URL: https://migu.188766.xyz/?migutoken=a73ac94c67f9c4e3432ebb056d363ed2&id=%E6%B9%96%E5%8C%97%E5%8D%AB%E8%A7%86&type=yy, From: subscribe, IPv_Type: ipv6, Location: 美国, ISP: CloudFlare Inc., Date: None, Delay: -1 ms, Speed: 0.00 M/s, Resolution: None
Name: 湖北卫视, URL: https://migu.188766.xyz/?migutoken=e5c2080677e9a8a4a62144ec1162455b&id=%E6%B9%96%E5%8C%97%E5%8D%AB%E8%A7%86&type=yy, From: subscribe, IPv_Type: ipv6, Location: 美国, ISP: CloudFlare Inc., Date: None, Delay: -1 ms, Speed: 0.00 M/s, Resolution: None
Name: 湖北卫视, URL: https://migu.188766.xyz/?migutoken=a4ab4d26d11912166ba177a438bccfdb&id=%E6%B9%96%E5%8C%97%E5%8D%AB%E8%A7%86&type=yy, From: subscribe, IPv_Type: ipv6, Location: 美国, ISP: CloudFlare Inc., Date: None, Delay: -1 ms, Speed: 0.00 M/s, Resolution: None
Name: 湖北卫视, URL: https://migu.188766.xyz/?migutoken=22034e0e3e959ea29aa92ad829b67b3a&id=%E6%B9%96%E5%8C%97%E5%8D%AB%E8%A7%86&type=yy, From: subscribe, IPv_Type: ipv6, Location: 美国, ISP: CloudFlare Inc., Date: None, Delay: -1 ms, Speed: 0.00 M/s, Resolution: None
Name: 湖北卫视, URL: https://migu.188766.xyz/?migutoken=bfe8c5709e1dfaee4916143555793089&id=%E6%B9%96%E5%8C%97%E5%8D%AB%E8%A7%86&type=yy, From: subscribe, IPv_Type: ipv6, Location: 美国, ISP: CloudFlare Inc., Date: None, Delay: -1 ms, Speed: 0.00 M/s, Resolution: None
Name: 湖北卫视, URL: http://hwottcdn.ln.chinamobile.com/PLTV/11/224/3221227230/index.m3u8, From: subscribe, IPv_Type: ipv6, Location: 中国, ISP: 中国移动, Date: None, Delay: -1 ms, Speed: 0.00 M/s, Resolution: None
Name: 湖北卫视, URL: http://hwottcdn.ln.chinamobile.com/PLTV/11/224/3221226162/index.m3u8, From: subscribe, IPv_Type: ipv6, Location: 中国, ISP: 中国移动, Date: None, Delay: -1 ms, Speed: 0.00 M/s, Resolution: None
Name: 湖北卫视, URL: http://hwltc.tv.cdn.zj.chinamobile.com/PLTV/88888888/224/3221236271/index.m3u8, From: subscribe, IPv_Type: ipv6, Location: 中国, ISP: 中国移动, Date: None, Delay: -1 ms, Speed: 0.00 M/s, Resolution: None
Name: 湖北卫视, URL: http://k.061899.xyz/k.php?id=hubws, From: subscribe, IPv_Type: ipv6, Location: 新加坡, ISP: Aceville Pte.Ltd., Date: None, Delay: -1 ms, Speed: 0.00 M/s, Resolution: None
Name: 湖北卫视, URL: http://hwottcdn.ln.chinamobile.com/PLTV/11/224/3221226705/index.m3u8, From: subscribe, IPv_Type: ipv6, Location: 中国, ISP: 中国移动, Date: None, Delay: -1 ms, Speed: 0.00 M/s, Resolution: None
Name: 湖北卫视, URL: http://iptvrr.sh.chinamobile.com:6060/cms001/ch00000090990000001027/index.m3u8, From: subscribe, IPv_Type: ipv6, Location: 中国, ISP: 中国移动, Date: None, Delay: -1 ms, Speed: 0.00 M/s, Resolution: None
Name: 湖北卫视, URL: http://hwottcdn.ln.chinamobile.com/PLTV/11/224/3221226877/index.m3u8, From: subscribe, IPv_Type: ipv6, Location: 中国, ISP: 中国移动, Date: None, Delay: -1 ms, Speed: 0.00 M/s, Resolution: None
Name: 湖北卫视, URL: http://tvgslb.hn.chinamobile.com:8089/180000001002/00000000000000020000000000182285/main.m3u8?stbid=, From: subscribe, IPv_Type: ipv6, Location: 中国, ISP: 中国移动, Date: None, Delay: -1 ms, Speed: 0.00 M/s, Resolution: None
Name: 湖北卫视, URL: http://tvgslb.hn.chinamobile.com:8089/180000001002/00000001000000000008000000047447/main.m3u8?stbid=, From: subscribe, IPv_Type: ipv6, Location: 中国, ISP: 中国移动, Date: None, Delay: -1 ms, Speed: 0.00 M/s, Resolution: None
Name: 湖北卫视, URL: http://ott.mobaibox.com/PLTV/3/224/3221227479/index.m3u8, From: subscribe, IPv_Type: ipv6, Location: 中国, ISP: 中国移动, Date: None, Delay: -1 ms, Speed: 0.00 M/s, Resolution: None
Name: 湖北卫视, URL: http://rrs01.hw.gmcc.net:8088/PLTV/81/224/3221226713/1.m3u8, From: subscribe, IPv_Type: ipv6, Location: 中国, ISP: 中国移动, Date: None, Delay: -1 ms, Speed: 0.00 M/s, Resolution: None
Name: 湖北卫视, URL: https://migu.188766.xyz/?migutoken=ca1b0033399881c43ba2adb250897839&id=%E6%B9%96%E5%8C%97%E5%8D%AB%E8%A7%86&type=yy, From: subscribe, IPv_Type: ipv6, Location: 美国, ISP: CloudFlare Inc., Date: None, Delay: -1 ms, Speed: 0.00 M/s, Resolution: None
Name: 湖北卫视, URL: https://migu.188766.xyz/?migutoken=613b00cdd77f67579d28978c67e89e77&id=%E6%B9%96%E5%8C%97%E5%8D%AB%E8%A7%86&type=yy, From: subscribe, IPv_Type: ipv6, Location: 美国, ISP: CloudFlare Inc., Date: None, Delay: -1 ms, Speed: 0.00 M/s, Resolution: None
Name: 湖北卫视, URL: https://migu.188766.xyz/?migutoken=b3ca91c05b39f2bd87e8a1887e917cf9&id=%E6%B9%96%E5%8C%97%E5%8D%AB%E8%A7%86&type=yy, From: subscribe, IPv_Type: ipv6, Location: 美国, ISP: CloudFlare Inc., Date: None, Delay: -1 ms, Speed: 0.00 M/s, Resolution: None
Name: 湖北卫视, URL: https://migu.188766.xyz/?migutoken=22bd49c00add8f364797fc13207c707e&id=%E6%B9%96%E5%8C%97%E5%8D%AB%E8%A7%86&type=yy, From: subscribe, IPv_Type: ipv6, Location: 美国, ISP: CloudFlare Inc., Date: None, Delay: -1 ms, Speed: 0.00 M/s, Resolution: None
Name: 湖北卫视, URL: https://migu.188766.xyz/?migutoken=3dfd618ab90303b83d1a0192859294e0&id=%E6%B9%96%E5%8C%97%E5%8D%AB%E8%A7%86&type=yy, From: subscribe, IPv_Type: ipv6, Location: 美国, ISP: CloudFlare Inc., Date: None, Delay: -1 ms, Speed: 0.00 M/s, Resolution: None
Name: 湖北卫视, URL: https://migu.188766.xyz/?migutoken=113ab9c895c1921cf6e77bf26ea0823a&id=%E6%B9%96%E5%8C%97%E5%8D%AB%E8%A7%86&type=yy, From: subscribe, IPv_Type: ipv6, Location: 美国, ISP: CloudFlare Inc., Date: None, Delay: -1 ms, Speed: 0.00 M/s, Resolution: None
Name: 湖北卫视, URL: https://migu.188766.xyz/?migutoken=28e3fca758da2dd2f30b6475cb965890&id=%E6%B9%96%E5%8C%97%E5%8D%AB%E8%A7%86&type=yy, From: subscribe, IPv_Type: ipv6, Location: 美国, ISP: CloudFlare Inc., Date: None, Delay: -1 ms, Speed: 0.00 M/s, Resolution: None
Name: 湖北卫视, URL: https://migu.188766.xyz/?migutoken=9ce8cee147b666a41ccba5b8fd9d2b71&id=%E6%B9%96%E5%8C%97%E5%8D%AB%E8%A7%86&type=yy, From: subscribe, IPv_Type: ipv6, Location: 美国, ISP: CloudFlare Inc., Date: None, Delay: -1 ms, Speed: 0.00 M/s, Resolution: None
Name: 湖北卫视, URL: https://migu.188766.xyz/?migutoken=7d642c583b9d3204097ba740ef911a95&id=%E6%B9%96%E5%8C%97%E5%8D%AB%E8%A7%86&type=yy, From: subscribe, IPv_Type: ipv6, Location: 美国, ISP: CloudFlare Inc., Date: None, Delay: -1 ms, Speed: 0.00 M/s, Resolution: None
Name: 湖北卫视, URL: https://migu.188766.xyz/?migutoken=771e2e5605d9863fcf7a4c4e81c49b8c&id=%E6%B9%96%E5%8C%97%E5%8D%AB%E8%A7%86&type=yy, From: subscribe, IPv_Type: ipv6, Location: 美国, ISP: CloudFlare Inc., Date: None, Delay: -1 ms, Speed: 0.00 M/s, Resolution: None
Name: 湖北卫视, URL: https://migu.188766.xyz/?migutoken=468efcda22526731bb02619d4ba25dde&id=%E6%B9%96%E5%8C%97%E5%8D%AB%E8%A7%86&type=yy, From: subscribe, IPv_Type: ipv6, Location: 美国, ISP: CloudFlare Inc., Date: None, Delay: -1 ms, Speed: 0.00 M/s, Resolution: None
Name: 湖北卫视, URL: https://migu.188766.xyz/?migutoken=2ba2e5f3d4e15d3dde15026ddb0287e9&id=%E6%B9%96%E5%8C%97%E5%8D%AB%E8%A7%86&type=yy, From: subscribe, IPv_Type: ipv6, Location: 美国, ISP: CloudFlare Inc., Date: None, Delay: -1 ms, Speed: 0.00 M/s, Resolution: None
Name: 湖北卫视, URL: https://migu.188766.xyz/?migutoken=171b32de56a5de4109d3585a04899d7b&id=%E6%B9%96%E5%8C%97%E5%8D%AB%E8%A7%86&type=yy, From: subscribe, IPv_Type: ipv6, Location: 美国, ISP: CloudFlare Inc., Date: None, Delay: -1 ms, Speed: 0.00 M/s, Resolution: None
Name: 湖北卫视, URL: https://migu.188766.xyz/?migutoken=bcc14c70c54dba10590983c681348bc6&id=%E6%B9%96%E5%8C%97%E5%8D%AB%E8%A7%86&type=yy, From: subscribe, IPv_Type: ipv6, Location: 美国, ISP: CloudFlare Inc., Date: None, Delay: -1 ms, Speed: 0.00 M/s, Resolution: None
Name: 湖北卫视, URL: https://migu.188766.xyz/?migutoken=c78c7b8b611b5bf5eb14353853cb1260&id=%E6%B9%96%E5%8C%97%E5%8D%AB%E8%A7%86&type=yy, From: subscribe, IPv_Type: ipv6, Location: 美国, ISP: CloudFlare Inc., Date: None, Delay: -1 ms, Speed: 0.00 M/s, Resolution: None
Name: 湖北卫视, URL: https://migu.188766.xyz/?migutoken=ee487f07a5e8ce79ad06278c41e045fc&id=%E6%B9%96%E5%8C%97%E5%8D%AB%E8%A7%86&type=yy, From: subscribe, IPv_Type: ipv6, Location: 美国, ISP: CloudFlare Inc., Date: None, Delay: -1 ms, Speed: 0.00 M/s, Resolution: None
Name: 湖北卫视, URL: https://migu.188766.xyz/?migutoken=d3923a6854d71a1f3c22f63591cf3ae6&id=%E6%B9%96%E5%8C%97%E5%8D%AB%E8%A7%86&type=yy, From: subscribe, IPv_Type: ipv6, Location: 美国, ISP: CloudFlare Inc., Date: None, Delay: -1 ms, Speed: 0.00 M/s, Resolution: None
Name: 湖北卫视, URL: http://satellitepull.cnr.cn/live/wx32hubws/playlist.m3u8, From: subscribe, IPv_Type: ipv4, Location: 美国-新泽西州-摩里斯, ISP: Linode, Date: None, Delay: 18 ms, Speed: 5.03 M/s, Resolution: None
Name: 湖北卫视, URL: http://23.237.228.134/live6/hubei.m3u8, From: subscribe, IPv_Type: ipv4, Location: 北美地区, ISP: , Date: None, Delay: 1008 ms, Speed: 2.78 M/s, Resolution: 1920x1080
Name: 黑龙江卫视, URL: http://php.jdshipin.com/TVOD/hnyd.php?id=200000001898/460000089800010056, From: subscribe, IPv_Type: ipv6, Location: 美国, ISP: CloudFlare Inc., Date: None, Delay: -1 ms, Speed: 0.00 M/s, Resolution: None
Name: 黑龙江卫视, URL: http://j.x.bkpcp.top/jx/HEILJHD, From: subscribe, IPv_Type: ipv6, Location: 美国, ISP: CloudFlare Inc., Date: None, Delay: -1 ms, Speed: 0.00 M/s, Resolution: None
Name: 黑龙江卫视, URL: http://iptv.huuc.edu.cn/hls/hljhd.m3u8, From: subscribe, IPv_Type: ipv6, Location: 中国, ISP: 教育网, Date: None, Delay: -1 ms, Speed: 0.00 M/s, Resolution: None
Name: 黑龙江卫视, URL: https://hls-gateway.vpstv.net/streams/708854.m3u8, From: subscribe, IPv_Type: ipv6, Location: 美国, ISP: CloudFlare Inc., Date: None, Delay: -1 ms, Speed: 0.00 M/s, Resolution: None
Name: 黑龙江卫视, URL: https://iptv.catvod.com/live.php?id=%E9%BB%91%E9%BE%99%E6%B1%9F%E5%8D%AB%E8%A7%86%E5%8F%B0, From: subscribe, IPv_Type: ipv6, Location: 美国, ISP: CloudFlare Inc., Date: None, Delay: -1 ms, Speed: 0.00 M/s, Resolution: None
Name: 黑龙江卫视, URL: http://[2409:8087:8:21::18]:6610/otttv.bj.chinamobile.com/PLTV/88888888/224/3221226965/1.m3u8?GuardEncType=2&accountinfo=%7E%7EV2.0%7E7UiKL56-L86ihmTWaZ6csw%7EtP4-l0lmSfjwLWEfK_el1vH_mv-s1zo4AQJwdedaVwG9xkuFTDg8J26cwOrNJzn20BErrHdLhuZ9EzLUCD3PMW-OMx4MGteHV2vLeW6BqoY%2CEND, From: subscribe, IPv_Type: ipv6, Location: 中国, ISP: 中国移动, Date: None, Delay: -1 ms, Speed: 0.00 M/s, Resolution: None
Name: 黑龙江卫视, URL: http://[2409:8087:1a01:df::4001]/ottrrs.hl.chinamobile.com/PLTV/88888888/224/3221226327/1.m3u8, From: subscribe, IPv_Type: ipv6, Location: 中国, ISP: 中国移动, Date: None, Delay: -1 ms, Speed: 0.00 M/s, Resolution: None
Name: 黑龙江卫视, URL: http://[2409:8087:1a01:df::4077]/ottrrs.hl.chinamobile.com/PLTV/88888888/8/3221226327/index.m3u8, From: subscribe, IPv_Type: ipv6, Location: 中国, ISP: 中国移动, Date: None, Delay: -1 ms, Speed: 0.00 M/s, Resolution: None
Name: 黑龙江卫视, URL: https://epg.pw/stream/c6c1262d0b35e59eac22bf513395f00f8b60cc5eab41f598412cdf8269312f32.m3u8, From: subscribe, IPv_Type: ipv6, Location: 美国, ISP: CloudFlare Inc., Date: None, Delay: -1 ms, Speed: 0.00 M/s, Resolution: None
Name: 黑龙江卫视, URL: https://iptv.catvod.com/live.php?id=%E9%BB%91%E9%BE%99%E6%B1%9F%E5%8D%AB%E8%A7%86, From: subscribe, IPv_Type: ipv6, Location: 美国, ISP: CloudFlare Inc., Date: None, Delay: -1 ms, Speed: 0.00 M/s, Resolution: None
Name: 黑龙江卫视, URL: http://k.061899.xyz/k.php?id=hljws, From: subscribe, IPv_Type: ipv6, Location: 新加坡, ISP: Aceville Pte.Ltd., Date: None, Delay: -1 ms, Speed: 0.00 M/s, Resolution: None
Name: 黑龙江卫视, URL: http://tvgslb.hn.chinamobile.com:8089/180000001002/00000001000000000008000000047449/main.m3u8?stbid=, From: subscribe, IPv_Type: ipv6, Location: 中国, ISP: 中国移动, Date: None, Delay: -1 ms, Speed: 0.00 M/s, Resolution: None
Name: 黑龙江卫视, URL: http://tvgslb.hn.chinamobile.com:8089/180000001002/00000000000000020000000000182571/main.m3u8?stbid=, From: subscribe, IPv_Type: ipv6, Location: 中国, ISP: 中国移动, Date: None, Delay: -1 ms, Speed: 0.00 M/s, Resolution: None
Name: 黑龙江卫视, URL: http://iptvrr.sh.chinamobile.com:6060/cms001/ch00000090990000001031/index.m3u8, From: subscribe, IPv_Type: ipv6, Location: 中国, ISP: 中国移动, Date: None, Delay: -1 ms, Speed: 0.00 M/s, Resolution: None
Name: 黑龙江卫视, URL: http://hwottcdn.ln.chinamobile.com/PLTV/11/224/3221226749/index.m3u8, From: subscribe, IPv_Type: ipv6, Location: 中国, ISP: 中国移动, Date: None, Delay: -1 ms, Speed: 0.00 M/s, Resolution: None
Name: 黑龙江卫视, URL: http://rrs01.hw.gmcc.net:8088/PLTV/81/224/3221226716/1.m3u8, From: subscribe, IPv_Type: ipv6, Location: 中国, ISP: 中国移动, Date: None, Delay: -1 ms, Speed: 0.00 M/s, Resolution: None
Name: 黑龙江卫视, URL: http://ott.mobaibox.com/PLTV/3/224/3221227514/index.m3u8, From: subscribe, IPv_Type: ipv6, Location: 中国, ISP: 中国移动, Date: None, Delay: -1 ms, Speed: 0.00 M/s, Resolution: None
Name: 黑龙江卫视, URL: http://hwottcdn.ln.chinamobile.com/PLTV/11/224/3221226145/index.m3u8, From: subscribe, IPv_Type: ipv6, Location: 中国, ISP: 中国移动, Date: None, Delay: -1 ms, Speed: 0.00 M/s, Resolution: None
Name: 黑龙江卫视, URL: http://hwottcdn.ln.chinamobile.com/PLTV/11/224/3221226881/index.m3u8, From: subscribe, IPv_Type: ipv6, Location: 中国, ISP: 中国移动, Date: None, Delay: -1 ms, Speed: 0.00 M/s, Resolution: None
Name: 黑龙江卫视, URL: http://hwltc.tv.cdn.zj.chinamobile.com/PLTV/88888888/224/3221236226/index.m3u8, From: subscribe, IPv_Type: ipv6, Location: 中国, ISP: 中国移动, Date: None, Delay: -1 ms, Speed: 0.00 M/s, Resolution: None
Name: 黑龙江卫视, URL: http://hwottcdn.ln.chinamobile.com/PLTV/11/224/3221227288/index.m3u8, From: subscribe, IPv_Type: ipv6, Location: 中国, ISP: 中国移动, Date: None, Delay: -1 ms, Speed: 0.00 M/s, Resolution: None
Name: 黑龙江卫视, URL: http://satellitepull.cnr.cn/live/wx32hljws/playlist.m3u8, From: subscribe, IPv_Type: ipv4, Location: 美国-新泽西州-摩里斯, ISP: Linode, Date: None, Delay: 18 ms, Speed: 5.30 M/s, Resolution: None
Name: 安徽卫视, URL: http://php.jdshipin.com/TVOD/hljyd.php?id=3221226391, From: subscribe, IPv_Type: ipv6, Location: 美国, ISP: CloudFlare Inc., Date: None, Delay: -1 ms, Speed: 0.00 M/s, Resolution: None
Name: 安徽卫视, URL: http://j.x.bkpcp.top/jx/ANHUIHD, From: subscribe, IPv_Type: ipv6, Location: 美国, ISP: CloudFlare Inc., Date: None, Delay: -1 ms, Speed: 0.00 M/s, Resolution: None
Name: 安徽卫视, URL: http://iptv.huuc.edu.cn/hls/ahhd.m3u8, From: subscribe, IPv_Type: ipv6, Location: 中国, ISP: 教育网, Date: None, Delay: -1 ms, Speed: 0.00 M/s, Resolution: None
Name: 安徽卫视, URL: https://zby.130519.xyz/PLTV/11/224/3221225739/index.m3u8, From: subscribe, IPv_Type: ipv6, Location: 美国, ISP: CloudFlare Inc., Date: None, Delay: -1 ms, Speed: 0.00 M/s, Resolution: None
Name: 安徽卫视, URL: https://iptv.catvod.com/live.php?id=%E5%AE%89%E5%BE%BD%E5%8D%AB%E8%A7%86%E5%8F%B0, From: subscribe, IPv_Type: ipv6, Location: 美国, ISP: CloudFlare Inc., Date: None, Delay: -1 ms, Speed: 0.00 M/s, Resolution: None
Name: 安徽卫视, URL: http://[2409:8087:8:21::18]:6610/otttv.bj.chinamobile.com/PLTV/88888888/224/3221226943/1.m3u8?GuardEncType=2&accountinfo=%7E%7EV2.0%7E0QmKQ_slRCwvVVUUfxPVbw%7EtP4-l0lmSfjwLWEfK_el1vH_mv-s1zo4AQJwdedaVwG9xkuFTDg8J26cwOrNJzn20BErrHdLhuZ9EzLUCD3PMW-OMx4MGteHV2vLeW6BqoY%2CEND, From: subscribe, IPv_Type: ipv6, Location: 中国, ISP: 中国移动, Date: None, Delay: -1 ms, Speed: 0.00 M/s, Resolution: None
Name: 安徽卫视, URL: http://[2409:8087:1a01:df::4077]/ottrrs.hl.chinamobile.com/PLTV/88888888/8/3221226498/index.m3u8, From: subscribe, IPv_Type: ipv6, Location: 中国, ISP: 中国移动, Date: None, Delay: -1 ms, Speed: 0.00 M/s, Resolution: None
Name: 安徽卫视, URL: http://[2409:8087:1a01:df::4077]/ottrrs.hl.chinamobile.com/PLTV/88888888/8/3221226391/index.m3u8, From: subscribe, IPv_Type: ipv6, Location: 中国, ISP: 中国移动, Date: None, Delay: -1 ms, Speed: 0.00 M/s, Resolution: None
Name: 安徽卫视, URL: http://rrs01.hw.gmcc.net:8088/PLTV/81/224/3221226664/1.m3u8, From: subscribe, IPv_Type: ipv6, Location: 中国, ISP: 中国移动, Date: None, Delay: -1 ms, Speed: 0.00 M/s, Resolution: None
Name: 安徽卫视, URL: http://tvgslb.hn.chinamobile.com:8089/180000001002/00000001000000000016000000007224/main.m3u8?stbid=, From: subscribe, IPv_Type: ipv6, Location: 中国, ISP: 中国移动, Date: None, Delay: -1 ms, Speed: 0.00 M/s, Resolution: None
Name: 安徽卫视, URL: http://hwottcdn.ln.chinamobile.com/PLTV/11/224/3221226746/index.m3u8, From: subscribe, IPv_Type: ipv6, Location: 中国, ISP: 中国移动, Date: None, Delay: -1 ms, Speed: 0.00 M/s, Resolution: None
Name: 安徽卫视, URL: http://rrs01.hw.gmcc.net:8088/PLTV/81/224/3221226655/1.m3u8, From: subscribe, IPv_Type: ipv6, Location: 中国, ISP: 中国移动, Date: None, Delay: -1 ms, Speed: 0.00 M/s, Resolution: None
Name: 安徽卫视, URL: http://hwottcdn.ln.chinamobile.com/PLTV/11/224/3221227233/index.m3u8, From: subscribe, IPv_Type: ipv6, Location: 中国, ISP: 中国移动, Date: None, Delay: -1 ms, Speed: 0.00 M/s, Resolution: None
Name: 安徽卫视, URL: http://ott.mobaibox.com/PLTV/3/224/3221227558/index.m3u8, From: subscribe, IPv_Type: ipv6, Location: 中国, ISP: 中国移动, Date: None, Delay: -1 ms, Speed: 0.00 M/s, Resolution: None
Name: 安徽卫视, URL: http://hwottcdn.ln.chinamobile.com/PLTV/11/224/3221226196/index.m3u8, From: subscribe, IPv_Type: ipv6, Location: 中国, ISP: 中国移动, Date: None, Delay: -1 ms, Speed: 0.00 M/s, Resolution: None
Name: 安徽卫视, URL: http://hwottcdn.ln.chinamobile.com/PLTV/11/224/3221226856/index.m3u8, From: subscribe, IPv_Type: ipv6, Location: 中国, ISP: 中国移动, Date: None, Delay: -1 ms, Speed: 0.00 M/s, Resolution: None
Name: 安徽卫视, URL: http://iptvrr.sh.chinamobile.com:6060/cms001/ch00000090990000001037/index.m3u8, From: subscribe, IPv_Type: ipv6, Location: 中国, ISP: 中国移动, Date: None, Delay: -1 ms, Speed: 0.00 M/s, Resolution: None
Name: 安徽卫视, URL: http://tvgslb.hn.chinamobile.com:8089/180000001002/00000000000000020000000000182280/main.m3u8?stbid=, From: subscribe, IPv_Type: ipv6, Location: 中国, ISP: 中国移动, Date: None, Delay: -1 ms, Speed: 0.00 M/s, Resolution: None
Name: 安徽卫视, URL: http://k.061899.xyz/k.php?id=ahws, From: subscribe, IPv_Type: ipv6, Location: 新加坡, ISP: Aceville Pte.Ltd., Date: None, Delay: -1 ms, Speed: 0.00 M/s, Resolution: None
Name: 安徽卫视, URL: http://hwltc.tv.cdn.zj.chinamobile.com/PLTV/88888888/224/3221236177/index.m3u8, From: subscribe, IPv_Type: ipv6, Location: 中国, ISP: 中国移动, Date: None, Delay: -1 ms, Speed: 0.00 M/s, Resolution: None
Name: 安徽卫视, URL: http://38.75.136.137:98/gslb/dsdqpub/ahwshd.m3u8?auth=testpub, From: subscribe, IPv_Type: ipv4, Location: 美国-伊利诺伊州-库克, ISP: Cogent, Date: None, Delay: 463 ms, Speed: 8.36 M/s, Resolution: 1920x1080
Name: 安徽卫视, URL: http://satellitepull.cnr.cn/live/wxahws/playlist.m3u8, From: subscribe, IPv_Type: ipv4, Location: 美国-新泽西州-摩里斯, ISP: Linode, Date: None, Delay: 18 ms, Speed: 5.10 M/s, Resolution: None
Name: 安徽卫视, URL: http://23.237.228.134/live8/anhui.m3u8, From: subscribe, IPv_Type: ipv4, Location: 北美地区, ISP: , Date: None, Delay: 577 ms, Speed: 3.69 M/s, Resolution: 1920x1080
Name: 重庆卫视, URL: http://php.jdshipin.com/TVOD/hnyd.php?id=200000001898/460000089800010053, From: subscribe, IPv_Type: ipv6, Location: 美国, ISP: CloudFlare Inc., Date: None, Delay: -1 ms, Speed: 0.00 M/s, Resolution: None
Name: 重庆卫视, URL: http://z.b.bkpcp.top/m.php?id=cqws, From: subscribe, IPv_Type: ipv6, Location: 美国, ISP: CloudFlare Inc., Date: None, Delay: -1 ms, Speed: 0.00 M/s, Resolution: None
Name: 重庆卫视, URL: http://j.x.bkpcp.top/jx/CHONGQHD, From: subscribe, IPv_Type: ipv6, Location: 美国, ISP: CloudFlare Inc., Date: None, Delay: -1 ms, Speed: 0.00 M/s, Resolution: None
Name: 重庆卫视, URL: http://iptv.huuc.edu.cn/hls/cqhd.m3u8, From: subscribe, IPv_Type: ipv6, Location: 中国, ISP: 教育网, Date: None, Delay: -1 ms, Speed: 0.00 M/s, Resolution: None
Name: 重庆卫视, URL: https://zby.130519.xyz/PLTV/11/224/3221226171/index.m3u8, From: subscribe, IPv_Type: ipv6, Location: 美国, ISP: CloudFlare Inc., Date: None, Delay: -1 ms, Speed: 0.00 M/s, Resolution: None
Name: 重庆卫视, URL: https://iptv.catvod.com/live.php?id=%E9%87%8D%E5%BA%86%E5%8D%AB%E8%A7%86%E5%8F%B0, From: subscribe, IPv_Type: ipv6, Location: 美国, ISP: CloudFlare Inc., Date: None, Delay: -1 ms, Speed: 0.00 M/s, Resolution: None
Name: 重庆卫视, URL: http://[2409:8087:8:21::18]:6610/otttv.bj.chinamobile.com/PLTV/88888888/224/3221226963/1.m3u8?GuardEncType=2&accountinfo=%7E%7EV2.0%7EjTXsJprEx2nE38tdvu5lhA%7EtP4-l0lmSfjwLWEfK_el1vH_mv-s1zo4AQJwdedaVwG9xkuFTDg8J26cwOrNJzn20BErrHdLhuZ9EzLUCD3PMW-OMx4MGteHV2vLeW6BqoY%2CEND, From: subscribe, IPv_Type: ipv6, Location: 中国, ISP: 中国移动, Date: None, Delay: -1 ms, Speed: 0.00 M/s, Resolution: None
Name: 重庆卫视, URL: http://[2409:8087:1a01:df::4077]/ottrrs.hl.chinamobile.com/PLTV/88888888/8/3221226409/index.m3u8, From: subscribe, IPv_Type: ipv6, Location: 中国, ISP: 中国移动, Date: None, Delay: -1 ms, Speed: 0.00 M/s, Resolution: None
Name: 重庆卫视, URL: http://tvgslb.hn.chinamobile.com:8089/180000001002/00000001000000000064000000308825/main.m3u8?stbid=, From: subscribe, IPv_Type: ipv6, Location: 中国, ISP: 中国移动, Date: None, Delay: -1 ms, Speed: 0.00 M/s, Resolution: None
Name: 重庆卫视, URL: http://tvgslb.hn.chinamobile.com:8089/180000001002/00000000000000020000000000182258/main.m3u8?stbid=, From: subscribe, IPv_Type: ipv6, Location: 中国, ISP: 中国移动, Date: None, Delay: -1 ms, Speed: 0.00 M/s, Resolution: None
Name: 重庆卫视, URL: http://rrs01.hw.gmcc.net:8088/PLTV/81/224/3221226680/1.m3u8, From: subscribe, IPv_Type: ipv6, Location: 中国, ISP: 中国移动, Date: None, Delay: -1 ms, Speed: 0.00 M/s, Resolution: None
Name: 重庆卫视, URL: http://iptvrr.sh.chinamobile.com:6060/cms001/ch00000090990000001129/index.m3u8, From: subscribe, IPv_Type: ipv6, Location: 中国, ISP: 中国移动, Date: None, Delay: -1 ms, Speed: 0.00 M/s, Resolution: None
Name: 重庆卫视, URL: http://hwltc.tv.cdn.zj.chinamobile.com/PLTV/88888888/224/3221236292/index.m3u8, From: subscribe, IPv_Type: ipv6, Location: 中国, ISP: 中国移动, Date: None, Delay: -1 ms, Speed: 0.00 M/s, Resolution: None
Name: 重庆卫视, URL: http://hwottcdn.ln.chinamobile.com/PLTV/11/224/3221226169/index.m3u8, From: subscribe, IPv_Type: ipv6, Location: 中国, ISP: 中国移动, Date: None, Delay: -1 ms, Speed: 0.00 M/s, Resolution: None
Name: 重庆卫视, URL: http://hwottcdn.ln.chinamobile.com/PLTV/11/224/3221226868/index.m3u8, From: subscribe, IPv_Type: ipv6, Location: 中国, ISP: 中国移动, Date: None, Delay: -1 ms, Speed: 0.00 M/s, Resolution: None
Name: 重庆卫视, URL: http://hwottcdn.ln.chinamobile.com/PLTV/11/224/3221227227/index.m3u8, From: subscribe, IPv_Type: ipv6, Location: 中国, ISP: 中国移动, Date: None, Delay: -1 ms, Speed: 0.00 M/s, Resolution: None
Name: 重庆卫视, URL: http://hwottcdn.ln.chinamobile.com/PLTV/11/224/3221226737/index.m3u8, From: subscribe, IPv_Type: ipv6, Location: 中国, ISP: 中国移动, Date: None, Delay: -1 ms, Speed: 0.00 M/s, Resolution: None
Name: 重庆卫视, URL: http://k.061899.xyz/k.php?id=cqws, From: subscribe, IPv_Type: ipv6, Location: 新加坡, ISP: Aceville Pte.Ltd., Date: None, Delay: -1 ms, Speed: 0.00 M/s, Resolution: None
Name: 重庆卫视, URL: http://ott.mobaibox.com/PLTV/3/224/3221228133/index.m3u8, From: subscribe, IPv_Type: ipv6, Location: 中国, ISP: 中国移动, Date: None, Delay: -1 ms, Speed: 0.00 M/s, Resolution: None
Name: 重庆卫视, URL: http://38.75.136.137:98/gslb/dsdqpub/cqwshd.m3u8?auth=testpub, From: subscribe, IPv_Type: ipv4, Location: 美国-伊利诺伊州-库克, ISP: Cogent, Date: None, Delay: 432 ms, Speed: 5.55 M/s, Resolution: 1920x1080
Name: 重庆卫视, URL: http://satellitepull.cnr.cn/live/wxcqws/playlist.m3u8, From: subscribe, IPv_Type: ipv4, Location: 美国-新泽西州-摩里斯, ISP: Linode, Date: None, Delay: 18 ms, Speed: 4.98 M/s, Resolution: None
Name: 重庆卫视, URL: http://23.237.228.134/live6/chongqing.m3u8, From: subscribe, IPv_Type: ipv4, Location: 北美地区, ISP: , Date: None, Delay: 2120 ms, Speed: 2.25 M/s, Resolution: 1920x1080
Name: 东方卫视, URL: http://php.jdshipin.com/TVOD/hnyd.php?id=200000001898/460000089800010054, From: subscribe, IPv_Type: ipv6, Location: 美国, ISP: CloudFlare Inc., Date: None, Delay: -1 ms, Speed: 0.00 M/s, Resolution: None
Name: 东方卫视, URL: http://z.b.bkpcp.top/m.php?id=dfws#rtsp://115.85.232.19/PLTV/88888910/224/3221225531/10000100000000060000000000107311_0.smil, From: subscribe, IPv_Type: ipv6, Location: 美国, ISP: CloudFlare Inc., Date: None, Delay: -1 ms, Speed: 0.00 M/s, Resolution: None
Name: 东方卫视, URL: http://3501776.xyz:35455/itv/1000000005000265018.m3u8?cdn=ystenlive, From: subscribe, IPv_Type: ipv6, Location: 美国, ISP: CloudFlare Inc., Date: None, Delay: -1 ms, Speed: 0.00 M/s, Resolution: None
Name: 东方卫视, URL: http://goo.bkpcp.top/mg/dfws, From: subscribe, IPv_Type: ipv6, Location: 美国, ISP: CloudFlare Inc., Date: None, Delay: -1 ms, Speed: 0.00 M/s, Resolution: None
Name: 东方卫视, URL: http://iptv.huuc.edu.cn/hls/dfhd.m3u8, From: subscribe, IPv_Type: ipv6, Location: 中国, ISP: 教育网, Date: None, Delay: -1 ms, Speed: 0.00 M/s, Resolution: None
Name: 东方卫视, URL: https://zby.130519.xyz/PLTV/11/224/3221225725/index.m3u8, From: subscribe, IPv_Type: ipv6, Location: 美国, ISP: CloudFlare Inc., Date: None, Delay: -1 ms, Speed: 0.00 M/s, Resolution: None
Name: 东方卫视, URL: https://migu.188766.xyz/?migutoken=99028ef133b41859c0534601c0b6c5cc&id=%E4%B8%9C%E6%96%B9%E5%8D%AB%E8%A7%86&type=yy, From: subscribe, IPv_Type: ipv6, Location: 美国, ISP: CloudFlare Inc., Date: None, Delay: -1 ms, Speed: 0.00 M/s, Resolution: None
Name: 东方卫视, URL: https://iptv.catvod.com/live.php?id=%E4%B8%9C%E6%96%B9%E5%8D%AB%E8%A7%86, From: subscribe, IPv_Type: ipv6, Location: 美国, ISP: CloudFlare Inc., Date: None, Delay: -1 ms, Speed: 0.00 M/s, Resolution: None
Name: 东方卫视, URL: http://[2409:8087:8:21::18]:6610/otttv.bj.chinamobile.com/PLTV/88888888/224/3221226898/1.m3u8?GuardEncType=2&accountinfo=%7E%7EV2.0%7E0uh4lyjjBCCN7TCq21vSIQ%7EtP4-l0lmSfjwLWEfK_el1vH_mv-s1zo4AQJwdedaVwG9xkuFTDg8J26cwOrNJzn20BErrHdLhuZ9EzLUCD3PMW-OMx4MGteHV2vLeW6BqoY%2CEND, From: subscribe, IPv_Type: ipv6, Location: 中国, ISP: 中国移动, Date: None, Delay: -1 ms, Speed: 0.00 M/s, Resolution: None
Name: 东方卫视, URL: https://migu.188766.xyz/?migutoken=5b9ed13c9ab6ef800c5b95a15951436d&id=%E4%B8%9C%E6%96%B9%E5%8D%AB%E8%A7%86&type=yy, From: subscribe, IPv_Type: ipv6, Location: 美国, ISP: CloudFlare Inc., Date: None, Delay: -1 ms, Speed: 0.00 M/s, Resolution: None
Name: 东方卫视, URL: https://migu.188766.xyz/?migutoken=895552df7017b0610fe089f7804f629a&id=%E4%B8%9C%E6%96%B9%E5%8D%AB%E8%A7%86&type=yy, From: subscribe, IPv_Type: ipv6, Location: 美国, ISP: CloudFlare Inc., Date: None, Delay: -1 ms, Speed: 0.00 M/s, Resolution: None
Name: 东方卫视, URL: https://migu.188766.xyz/?migutoken=651a0f3b442dfdb7243321c856255d4d&id=%E4%B8%9C%E6%96%B9%E5%8D%AB%E8%A7%86&type=yy, From: subscribe, IPv_Type: ipv6, Location: 美国, ISP: CloudFlare Inc., Date: None, Delay: -1 ms, Speed: 0.00 M/s, Resolution: None
Name: 东方卫视, URL: https://migu.188766.xyz/?migutoken=c89e3296e6f40c3e1c526ca120d42516&id=%E4%B8%9C%E6%96%B9%E5%8D%AB%E8%A7%86&type=yy, From: subscribe, IPv_Type: ipv6, Location: 美国, ISP: CloudFlare Inc., Date: None, Delay: -1 ms, Speed: 0.00 M/s, Resolution: None
Name: 东方卫视, URL: https://migu.188766.xyz/?migutoken=fbb8b74e810c6897e133877a6442bfc5&id=%E4%B8%9C%E6%96%B9%E5%8D%AB%E8%A7%86&type=yy, From: subscribe, IPv_Type: ipv6, Location: 美国, ISP: CloudFlare Inc., Date: None, Delay: -1 ms, Speed: 0.00 M/s, Resolution: None
Name: 东方卫视, URL: https://migu.188766.xyz/?migutoken=b244c34555b306619b620d133669d94d&id=%E4%B8%9C%E6%96%B9%E5%8D%AB%E8%A7%86&type=yy, From: subscribe, IPv_Type: ipv6, Location: 美国, ISP: CloudFlare Inc., Date: None, Delay: -1 ms, Speed: 0.00 M/s, Resolution: None
Name: 东方卫视, URL: https://migu.188766.xyz/?migutoken=f141f3c21c232a540ba05699c4aa0677&id=%E4%B8%9C%E6%96%B9%E5%8D%AB%E8%A7%86&type=yy, From: subscribe, IPv_Type: ipv6, Location: 美国, ISP: CloudFlare Inc., Date: None, Delay: -1 ms, Speed: 0.00 M/s, Resolution: None
Name: 东方卫视, URL: https://migu.188766.xyz/?migutoken=2abdd9c2eaf3855b2a361e81e57b15e3&id=%E4%B8%9C%E6%96%B9%E5%8D%AB%E8%A7%86&type=yy, From: subscribe, IPv_Type: ipv6, Location: 美国, ISP: CloudFlare Inc., Date: None, Delay: -1 ms, Speed: 0.00 M/s, Resolution: None
Name: 东方卫视, URL: https://migu.188766.xyz/?migutoken=a41a667523450a6886123758fc0438bb&id=%E4%B8%9C%E6%96%B9%E5%8D%AB%E8%A7%86&type=yy, From: subscribe, IPv_Type: ipv6, Location: 美国, ISP: CloudFlare Inc., Date: None, Delay: -1 ms, Speed: 0.00 M/s, Resolution: None
Name: 东方卫视, URL: https://migu.188766.xyz/?migutoken=1fd7b3dde0f6d8b1f69f35a4da471c6c&id=%E4%B8%9C%E6%96%B9%E5%8D%AB%E8%A7%86&type=yy, From: subscribe, IPv_Type: ipv6, Location: 美国, ISP: CloudFlare Inc., Date: None, Delay: -1 ms, Speed: 0.00 M/s, Resolution: None
Name: 东方卫视, URL: http://k.061899.xyz/k.php?id=dfws, From: subscribe, IPv_Type: ipv6, Location: 新加坡, ISP: Aceville Pte.Ltd., Date: None, Delay: -1 ms, Speed: 0.00 M/s, Resolution: None
Name: 东方卫视, URL: http://tvgslb.hn.chinamobile.com:8089/180000001002/00000001000000000008000000047445/main.m3u8?stbid=, From: subscribe, IPv_Type: ipv6, Location: 中国, ISP: 中国移动, Date: None, Delay: -1 ms, Speed: 0.00 M/s, Resolution: None
Name: 东方卫视, URL: http://hwottcdn.ln.chinamobile.com/PLTV/11/224/3221226697/index.m3u8, From: subscribe, IPv_Type: ipv6, Location: 中国, ISP: 中国移动, Date: None, Delay: -1 ms, Speed: 0.00 M/s, Resolution: None
Name: 东方卫视, URL: http://hwottcdn.ln.chinamobile.com/PLTV/11/224/3221226187/index.m3u8, From: subscribe, IPv_Type: ipv6, Location: 中国, ISP: 中国移动, Date: None, Delay: -1 ms, Speed: 0.00 M/s, Resolution: None
Name: 东方卫视, URL: http://hwottcdn.ln.chinamobile.com/PLTV/11/224/3221226733/index.m3u8, From: subscribe, IPv_Type: ipv6, Location: 中国, ISP: 中国移动, Date: None, Delay: -1 ms, Speed: 0.00 M/s, Resolution: None
Name: 东方卫视, URL: http://hwottcdn.ln.chinamobile.com/PLTV/11/224/3221227212/index.m3u8, From: subscribe, IPv_Type: ipv6, Location: 中国, ISP: 中国移动, Date: None, Delay: -1 ms, Speed: 0.00 M/s, Resolution: None
Name: 东方卫视, URL: http://hwltc.tv.cdn.zj.chinamobile.com/PLTV/88888888/224/3221236227/index.m3u8, From: subscribe, IPv_Type: ipv6, Location: 中国, ISP: 中国移动, Date: None, Delay: -1 ms, Speed: 0.00 M/s, Resolution: None
Name: 东方卫视, URL: http://hwottcdn.ln.chinamobile.com/PLTV/11/224/3221226168/index.m3u8, From: subscribe, IPv_Type: ipv6, Location: 中国, ISP: 中国移动, Date: None, Delay: -1 ms, Speed: 0.00 M/s, Resolution: None
Name: 东方卫视, URL: http://ott.mobaibox.com/PLTV/3/224/3221227511/index.m3u8, From: subscribe, IPv_Type: ipv6, Location: 中国, ISP: 中国移动, Date: None, Delay: -1 ms, Speed: 0.00 M/s, Resolution: None
Name: 东方卫视, URL: http://hwottcdn.ln.chinamobile.com/PLTV/11/224/3221226872/index.m3u8, From: subscribe, IPv_Type: ipv6, Location: 中国, ISP: 中国移动, Date: None, Delay: -1 ms, Speed: 0.00 M/s, Resolution: None
Name: 东方卫视, URL: http://rrs01.hw.gmcc.net:8088/PLTV/81/224/3221226734/1.m3u8, From: subscribe, IPv_Type: ipv6, Location: 中国, ISP: 中国移动, Date: None, Delay: -1 ms, Speed: 0.00 M/s, Resolution: None
Name: 东方卫视, URL: http://iptvrr.sh.chinamobile.com:6060/cms001/ch00000090990000001013/index.m3u8, From: subscribe, IPv_Type: ipv6, Location: 中国, ISP: 中国移动, Date: None, Delay: -1 ms, Speed: 0.00 M/s, Resolution: None
Name: 东方卫视, URL: http://tvgslb.hn.chinamobile.com:8089/180000001002/00000000000000020000000000182568/main.m3u8?stbid=, From: subscribe, IPv_Type: ipv6, Location: 中国, ISP: 中国移动, Date: None, Delay: -1 ms, Speed: 0.00 M/s, Resolution: None
Name: 东方卫视, URL: https://migu.188766.xyz/?migutoken=1d8b80576afb3ba7a25d2b7f57933c85&id=%E4%B8%9C%E6%96%B9%E5%8D%AB%E8%A7%86&type=yy, From: subscribe, IPv_Type: ipv6, Location: 美国, ISP: CloudFlare Inc., Date: None, Delay: -1 ms, Speed: 0.00 M/s, Resolution: None
Name: 东方卫视, URL: https://migu.188766.xyz/?migutoken=d47a6323dfdf07b89235f2a5220e7c47&id=%E4%B8%9C%E6%96%B9%E5%8D%AB%E8%A7%86&type=yy, From: subscribe, IPv_Type: ipv6, Location: 美国, ISP: CloudFlare Inc., Date: None, Delay: -1 ms, Speed: 0.00 M/s, Resolution: None
Name: 东方卫视, URL: https://migu.188766.xyz/?migutoken=ae4294491d0342fcde473012ed568855&id=%E4%B8%9C%E6%96%B9%E5%8D%AB%E8%A7%86&type=yy, From: subscribe, IPv_Type: ipv6, Location: 美国, ISP: CloudFlare Inc., Date: None, Delay: -1 ms, Speed: 0.00 M/s, Resolution: None
Name: 东方卫视, URL: https://epg.pw/stream/6aec3ea636542c53729b5c9dd290864ab04d4a69d2b9cb7864a9898779915898.m3u8, From: subscribe, IPv_Type: ipv6, Location: 美国, ISP: CloudFlare Inc., Date: None, Delay: -1 ms, Speed: 0.00 M/s, Resolution: None
Name: 东方卫视, URL: https://migu.188766.xyz/?migutoken=9d95400b7f378d844283a07d9eb3c0cc&id=%E4%B8%9C%E6%96%B9%E5%8D%AB%E8%A7%86&type=yy, From: subscribe, IPv_Type: ipv6, Location: 美国, ISP: CloudFlare Inc., Date: None, Delay: -1 ms, Speed: 0.00 M/s, Resolution: None
Name: 东方卫视, URL: https://migu.188766.xyz/?migutoken=ebc72ecf685be0b4849f2dd6a781d0d4&id=%E4%B8%9C%E6%96%B9%E5%8D%AB%E8%A7%86&type=yy, From: subscribe, IPv_Type: ipv6, Location: 美国, ISP: CloudFlare Inc., Date: None, Delay: -1 ms, Speed: 0.00 M/s, Resolution: None
Name: 东方卫视, URL: https://migu.188766.xyz/?migutoken=d30a6db07f9a401217557c7884f1897e&id=%E4%B8%9C%E6%96%B9%E5%8D%AB%E8%A7%86&type=yy, From: subscribe, IPv_Type: ipv6, Location: 美国, ISP: CloudFlare Inc., Date: None, Delay: -1 ms, Speed: 0.00 M/s, Resolution: None
Name: 东方卫视, URL: https://migu.188766.xyz/?migutoken=5f281a8a665f4367984b2ccb0b23a64d&id=%E4%B8%9C%E6%96%B9%E5%8D%AB%E8%A7%86&type=yy, From: subscribe, IPv_Type: ipv6, Location: 美国, ISP: CloudFlare Inc., Date: None, Delay: -1 ms, Speed: 0.00 M/s, Resolution: None
Name: 东方卫视, URL: https://migu.188766.xyz/?migutoken=39bcb198cbd639b3a14bf3d55e4f64a6&id=%E4%B8%9C%E6%96%B9%E5%8D%AB%E8%A7%86&type=yy, From: subscribe, IPv_Type: ipv6, Location: 美国, ISP: CloudFlare Inc., Date: None, Delay: -1 ms, Speed: 0.00 M/s, Resolution: None
Name: 东方卫视, URL: https://migu.188766.xyz/?migutoken=99cfd59e399250d8c9fd60fdf6d5f688&id=%E4%B8%9C%E6%96%B9%E5%8D%AB%E8%A7%86&type=yy, From: subscribe, IPv_Type: ipv6, Location: 美国, ISP: CloudFlare Inc., Date: None, Delay: -1 ms, Speed: 0.00 M/s, Resolution: None
Name: 东方卫视, URL: https://migu.188766.xyz/?migutoken=b8edd7ba5933b84e5025b07a38b14857&id=%E4%B8%9C%E6%96%B9%E5%8D%AB%E8%A7%86&type=yy, From: subscribe, IPv_Type: ipv6, Location: 美国, ISP: CloudFlare Inc., Date: None, Delay: -1 ms, Speed: 0.00 M/s, Resolution: None
Name: 东方卫视, URL: https://migu.188766.xyz/?migutoken=ea4556db9a5ac8c137a0c2312177d820&id=%E4%B8%9C%E6%96%B9%E5%8D%AB%E8%A7%86&type=yy, From: subscribe, IPv_Type: ipv6, Location: 美国, ISP: CloudFlare Inc., Date: None, Delay: -1 ms, Speed: 0.00 M/s, Resolution: None
Name: 东方卫视, URL: https://migu.188766.xyz/?migutoken=7fdf32a332ac6e49df8043e0e10b61e0&id=%E4%B8%9C%E6%96%B9%E5%8D%AB%E8%A7%86&type=yy, From: subscribe, IPv_Type: ipv6, Location: 美国, ISP: CloudFlare Inc., Date: None, Delay: -1 ms, Speed: 0.00 M/s, Resolution: None
Name: 东方卫视, URL: https://migu.188766.xyz/?migutoken=36d80e7352a58e3a62f90f23beca38ae&id=%E4%B8%9C%E6%96%B9%E5%8D%AB%E8%A7%86&type=yy, From: subscribe, IPv_Type: ipv6, Location: 美国, ISP: CloudFlare Inc., Date: None, Delay: -1 ms, Speed: 0.00 M/s, Resolution: None
Name: 东方卫视, URL: https://migu.188766.xyz/?migutoken=32e96224a00384297e27a7bcd646f118&id=%E4%B8%9C%E6%96%B9%E5%8D%AB%E8%A7%86&type=yy, From: subscribe, IPv_Type: ipv6, Location: 美国, ISP: CloudFlare Inc., Date: None, Delay: -1 ms, Speed: 0.00 M/s, Resolution: None
Name: 东方卫视, URL: https://migu.188766.xyz/?migutoken=99001f9edc6283e2d317143d8b95ecd3&id=%E4%B8%9C%E6%96%B9%E5%8D%AB%E8%A7%86&type=yy, From: subscribe, IPv_Type: ipv6, Location: 美国, ISP: CloudFlare Inc., Date: None, Delay: -1 ms, Speed: 0.00 M/s, Resolution: None
Name: 东方卫视, URL: https://migu.188766.xyz/?migutoken=5de2dc7c57065a275b8019f629580622&id=%E4%B8%9C%E6%96%B9%E5%8D%AB%E8%A7%86&type=yy, From: subscribe, IPv_Type: ipv6, Location: 美国, ISP: CloudFlare Inc., Date: None, Delay: -1 ms, Speed: 0.00 M/s, Resolution: None
Name: 东方卫视, URL: https://migu.188766.xyz/?migutoken=98152748d979b92415c94d044c21c1f6&id=%E4%B8%9C%E6%96%B9%E5%8D%AB%E8%A7%86&type=yy, From: subscribe, IPv_Type: ipv6, Location: 美国, ISP: CloudFlare Inc., Date: None, Delay: -1 ms, Speed: 0.00 M/s, Resolution: None
Name: 东方卫视, URL: http://38.75.136.137:98/gslb/dsdqpub/dfwshd.m3u8?auth=testpub, From: subscribe, IPv_Type: ipv4, Location: 美国-伊利诺伊州-库克, ISP: Cogent, Date: None, Delay: 378 ms, Speed: 10.39 M/s, Resolution: 1920x1080
Name: 东方卫视, URL: http://38.75.136.137:98/gslb/dsdqbv/dfwshd.m3u8?auth=test20251009, From: subscribe, IPv_Type: ipv4, Location: 美国-伊利诺伊州-库克, ISP: Cogent, Date: None, Delay: 642 ms, Speed: 5.13 M/s, Resolution: 1920x1080
Name: 东方卫视, URL: http://23.237.228.134/live6/dongnan.m3u8, From: subscribe, IPv_Type: ipv4, Location: 北美地区, ISP: , Date: None, Delay: 1577 ms, Speed: 2.74 M/s, Resolution: 1920x1080
Name: 东南卫视, URL: http://php.jdshipin.com/TVOD/hnyd.php?id=200000001898/460000089800010096, From: subscribe, IPv_Type: ipv6, Location: 美国, ISP: CloudFlare Inc., Date: None, Delay: -1 ms, Speed: 0.00 M/s, Resolution: None
Name: 东南卫视, URL: http://z.b.bkpcp.top/m.php?id=dnws, From: subscribe, IPv_Type: ipv6, Location: 美国, ISP: CloudFlare Inc., Date: None, Delay: -1 ms, Speed: 0.00 M/s, Resolution: None
Name: 东南卫视, URL: http://j.x.bkpcp.top/jx/DONGNHD, From: subscribe, IPv_Type: ipv6, Location: 美国, ISP: CloudFlare Inc., Date: None, Delay: -1 ms, Speed: 0.00 M/s, Resolution: None
Name: 东南卫视, URL: http://iptv.huuc.edu.cn/hls/dnhd.m3u8, From: subscribe, IPv_Type: ipv6, Location: 中国, ISP: 教育网, Date: None, Delay: -1 ms, Speed: 0.00 M/s, Resolution: None
Name: 东南卫视, URL: https://zby.130519.xyz/PLTV/11/224/3221225745/index.m3u8, From: subscribe, IPv_Type: ipv6, Location: 美国, ISP: CloudFlare Inc., Date: None, Delay: -1 ms, Speed: 0.00 M/s, Resolution: None
Name: 东南卫视, URL: http://[2409:8087:8:21::18]:6610/otttv.bj.chinamobile.com/PLTV/88888888/224/3221226991/1.m3u8?GuardEncType=2&accountinfo=%7E%7EV2.0%7EQ6F5Mjgs0tJyEArWFL3vQA%7EtP4-l0lmSfjwLWEfK_el1vH_mv-s1zo4AQJwdedaVwG9xkuFTDg8J26cwOrNJzn20BErrHdLhuZ9EzLUCD3PMW-OMx4MGteHV2vLeW6BqoY%2CEND, From: subscribe, IPv_Type: ipv6, Location: 中国, ISP: 中国移动, Date: None, Delay: -1 ms, Speed: 0.00 M/s, Resolution: None
Name: 东南卫视, URL: http://[2409:8087:1a01:df::4035]/TVOD/88888888/224/3221225950/main.m3u8, From: subscribe, IPv_Type: ipv6, Location: 中国, ISP: 中国移动, Date: None, Delay: -1 ms, Speed: 0.00 M/s, Resolution: None
Name: 东南卫视, URL: http://[2409:8087:1a01:df::4035]:80/TVOD/88888888/224/3221225950/main.m3u8, From: subscribe, IPv_Type: ipv6, Location: 中国, ISP: 中国移动, Date: None, Delay: -1 ms, Speed: 0.00 M/s, Resolution: None
Name: 东南卫视, URL: http://live.zohi.tv/video/s10001-fztv-3/index.m3u8, From: subscribe, IPv_Type: ipv6, Location: 中国, ISP: 中国电信, Date: None, Delay: -1 ms, Speed: 0.00 M/s, Resolution: None
Name: 东南卫视, URL: https://iptv.catvod.com/live.php?id=%E4%B8%9C%E5%8D%97%E5%8D%AB%E8%A7%86%E5%8F%B0, From: subscribe, IPv_Type: ipv6, Location: 美国, ISP: CloudFlare Inc., Date: None, Delay: -1 ms, Speed: 0.00 M/s, Resolution: None
Name: 东南卫视, URL: http://hwottcdn.ln.chinamobile.com/PLTV/11/224/3221227472/index.m3u8, From: subscribe, IPv_Type: ipv6, Location: 中国, ISP: 中国移动, Date: None, Delay: -1 ms, Speed: 0.00 M/s, Resolution: None
Name: 东南卫视, URL: http://rrs01.hw.gmcc.net:8088/PLTV/81/224/3221226675/1.m3u8, From: subscribe, IPv_Type: ipv6, Location: 中国, ISP: 中国移动, Date: None, Delay: -1 ms, Speed: 0.00 M/s, Resolution: None
Name: 东南卫视, URL: http://hwottcdn.ln.chinamobile.com/PLTV/11/224/3221226784/index.m3u8, From: subscribe, IPv_Type: ipv6, Location: 中国, ISP: 中国移动, Date: None, Delay: -1 ms, Speed: 0.00 M/s, Resolution: None
Name: 东南卫视, URL: http://hwottcdn.ln.chinamobile.com/PLTV/11/224/3221226186/index.m3u8, From: subscribe, IPv_Type: ipv6, Location: 中国, ISP: 中国移动, Date: None, Delay: -1 ms, Speed: 0.00 M/s, Resolution: None
Name: 东南卫视, URL: http://iptvrr.sh.chinamobile.com:6060/cms001/ch00000090990000001201/index.m3u8, From: subscribe, IPv_Type: ipv6, Location: 中国, ISP: 中国移动, Date: None, Delay: -1 ms, Speed: 0.00 M/s, Resolution: None
Name: 东南卫视, URL: http://hwltc.tv.cdn.zj.chinamobile.com/PLTV/88888888/224/3221236151/index.m3u8, From: subscribe, IPv_Type: ipv6, Location: 中国, ISP: 中国移动, Date: None, Delay: -1 ms, Speed: 0.00 M/s, Resolution: None
Name: 东南卫视, URL: http://k.061899.xyz/k.php?id=dnws, From: subscribe, IPv_Type: ipv6, Location: 新加坡, ISP: Aceville Pte.Ltd., Date: None, Delay: -1 ms, Speed: 0.00 M/s, Resolution: None
Name: 东南卫视, URL: http://tvgslb.hn.chinamobile.com:8089/180000001002/00000001000000000010000000040459/main.m3u8?stbid=, From: subscribe, IPv_Type: ipv6, Location: 中国, ISP: 中国移动, Date: None, Delay: -1 ms, Speed: 0.00 M/s, Resolution: None
Name: 东南卫视, URL: http://tvgslb.hn.chinamobile.com:8089/180000001002/00000000000000020000000000182255/main.m3u8?stbid=, From: subscribe, IPv_Type: ipv6, Location: 中国, ISP: 中国移动, Date: None, Delay: -1 ms, Speed: 0.00 M/s, Resolution: None
Name: 东南卫视, URL: http://ott.mobaibox.com/PLTV/3/224/3221227670/index.m3u8, From: subscribe, IPv_Type: ipv6, Location: 中国, ISP: 中国移动, Date: None, Delay: -1 ms, Speed: 0.00 M/s, Resolution: None
Name: 东南卫视, URL: http://rrs01.hw.gmcc.net:8088/PLTV/81/224/3221226670/1.m3u8, From: subscribe, IPv_Type: ipv6, Location: 中国, ISP: 中国移动, Date: None, Delay: -1 ms, Speed: 0.00 M/s, Resolution: None
Name: 东南卫视, URL: https://hlsbkmgsplive.miguvideo.com/migu/kailu/dongnanws/51/20230724/01.m3u8?&HlsSubType=&encrypt=, From: subscribe, IPv_Type: ipv6, Location: 中国, ISP: 中国移动, Date: None, Delay: -1 ms, Speed: 0.00 M/s, Resolution: None
Name: 东南卫视, URL: http://38.75.136.137:98/gslb/dsdqpub/dnwshd.m3u8?auth=testpub, From: subscribe, IPv_Type: ipv4, Location: 美国-伊利诺伊州-库克, ISP: Cogent, Date: None, Delay: 341 ms, Speed: 6.62 M/s, Resolution: 1920x1080
Name: 东南卫视, URL: http://satellitepull.cnr.cn/live/wx32fjws/playlist.m3u8, From: subscribe, IPv_Type: ipv4, Location: 美国-新泽西州-摩里斯, ISP: Linode, Date: None, Delay: 17 ms, Speed: 5.46 M/s, Resolution: None
Name: 东南卫视, URL: http://23.237.228.134/live8/gansu.m3u8, From: subscribe, IPv_Type: ipv4, Location: 北美地区, ISP: , Date: None, Delay: 1579 ms, Speed: 2.17 M/s, Resolution: 1920x1080
Name: 甘肃卫视, URL: http://live.zohi.tv/video/s10001-fztv-3/index.m3u8, From: subscribe, IPv_Type: ipv6, Location: 中国, ISP: 中国电信, Date: None, Delay: -1 ms, Speed: 0.00 M/s, Resolution: None
Name: 甘肃卫视, URL: http://php.jdshipin.com/TVOD/hnyd.php?id=200000001898/460000089800010098, From: subscribe, IPv_Type: ipv6, Location: 美国, ISP: CloudFlare Inc., Date: None, Delay: -1 ms, Speed: 0.00 M/s, Resolution: None
Name: 甘肃卫视, URL: http://z.b.bkpcp.top/m.php?id=gsws, From: subscribe, IPv_Type: ipv6, Location: 美国, ISP: CloudFlare Inc., Date: None, Delay: -1 ms, Speed: 0.00 M/s, Resolution: None
Name: 甘肃卫视, URL: http://j.x.bkpcp.top/jx/GSWS, From: subscribe, IPv_Type: ipv6, Location: 美国, ISP: CloudFlare Inc., Date: None, Delay: -1 ms, Speed: 0.00 M/s, Resolution: None
Name: 甘肃卫视, URL: http://3501776.xyz:35455/itv/5000000011000031121.m3u8?cdn=bestzb, From: subscribe, IPv_Type: ipv6, Location: 美国, ISP: CloudFlare Inc., Date: None, Delay: -1 ms, Speed: 0.00 M/s, Resolution: None
Name: 甘肃卫视, URL: http://goo.bkpcp.top/mg/gsws, From: subscribe, IPv_Type: ipv6, Location: 美国, ISP: CloudFlare Inc., Date: None, Delay: -1 ms, Speed: 0.00 M/s, Resolution: None
Name: 甘肃卫视, URL: https://zby.130519.xyz/PLTV/11/224/3221226090/index.m3u8, From: subscribe, IPv_Type: ipv6, Location: 美国, ISP: CloudFlare Inc., Date: None, Delay: -1 ms, Speed: 0.00 M/s, Resolution: None
Name: 甘肃卫视, URL: https://iptv.catvod.com/live.php?id=%E7%94%98%E8%82%83%E5%8D%AB%E8%A7%86%E5%8F%B0, From: subscribe, IPv_Type: ipv6, Location: 美国, ISP: CloudFlare Inc., Date: None, Delay: -1 ms, Speed: 0.00 M/s, Resolution: None
Name: 甘肃卫视, URL: http://[2409:8087:8:21::18]:6610/otttv.bj.chinamobile.com/PLTV/88888888/224/3221227020/1.m3u8?GuardEncType=2&accountinfo=%7E%7EV2.0%7Err-CLugPnTcUinEM8JeySg%7EtP4-l0lmSfjwLWEfK_el1vH_mv-s1zo4AQJwdedaVwG9xkuFTDg8J26cwOrNJzn20BErrHdLhuZ9EzLUCD3PMW-OMx4MGteHV2vLeW6BqoY%2CEND, From: subscribe, IPv_Type: ipv6, Location: 中国, ISP: 中国移动, Date: None, Delay: -1 ms, Speed: 0.00 M/s, Resolution: None
Name: 甘肃卫视, URL: https://iptv.catvod.com/live.php?id=%E7%94%98%E8%82%83%E5%8D%AB%E8%A7%86, From: subscribe, IPv_Type: ipv6, Location: 美国, ISP: CloudFlare Inc., Date: None, Delay: -1 ms, Speed: 0.00 M/s, Resolution: None
Name: 甘肃卫视, URL: http://iptvrr.sh.chinamobile.com:6060/cms001/ch00000090990000001298/index.m3u8, From: subscribe, IPv_Type: ipv6, Location: 中国, ISP: 中国移动, Date: None, Delay: -1 ms, Speed: 0.00 M/s, Resolution: None
Name: 甘肃卫视, URL: http://tvgslb.hn.chinamobile.com:8089/180000001002/00000000000000020000000000182276/main.m3u8?stbid=, From: subscribe, IPv_Type: ipv6, Location: 中国, ISP: 中国移动, Date: None, Delay: -1 ms, Speed: 0.00 M/s, Resolution: None
Name: 甘肃卫视, URL: http://rrs01.hw.gmcc.net:8088/PLTV/81/224/3221226662/1.m3u8, From: subscribe, IPv_Type: ipv6, Location: 中国, ISP: 中国移动, Date: None, Delay: -1 ms, Speed: 0.00 M/s, Resolution: None
Name: 甘肃卫视, URL: http://k.061899.xyz/k.php?id=gsws, From: subscribe, IPv_Type: ipv6, Location: 新加坡, ISP: Aceville Pte.Ltd., Date: None, Delay: -1 ms, Speed: 0.00 M/s, Resolution: None
Name: 甘肃卫视, URL: http://hwottcdn.ln.chinamobile.com/PLTV/11/224/3221226875/index.m3u8, From: subscribe, IPv_Type: ipv6, Location: 中国, ISP: 中国移动, Date: None, Delay: -1 ms, Speed: 0.00 M/s, Resolution: None
Name: 甘肃卫视, URL: http://hwottcdn.ln.chinamobile.com/PLTV/11/224/3221226166/index.m3u8, From: subscribe, IPv_Type: ipv6, Location: 中国, ISP: 中国移动, Date: None, Delay: -1 ms, Speed: 0.00 M/s, Resolution: None
Name: 甘肃卫视, URL: http://ott.mobaibox.com/PLTV/3/224/3221227568/index.m3u8, From: subscribe, IPv_Type: ipv6, Location: 中国, ISP: 中国移动, Date: None, Delay: -1 ms, Speed: 0.00 M/s, Resolution: None
Name: 甘肃卫视, URL: http://tvgslb.hn.chinamobile.com:8089/180000001002/00000001000000000050000000133802/main.m3u8?stbid=, From: subscribe, IPv_Type: ipv6, Location: 中国, ISP: 中国移动, Date: None, Delay: -1 ms, Speed: 0.00 M/s, Resolution: None
Name: 甘肃卫视, URL: http://hwltc.tv.cdn.zj.chinamobile.com/PLTV/88888888/224/3221236201/index.m3u8, From: subscribe, IPv_Type: ipv6, Location: 中国, ISP: 中国移动, Date: None, Delay: -1 ms, Speed: 0.00 M/s, Resolution: None
Name: 甘肃卫视, URL: http://38.75.136.137:98/gslb/dsdqpub/gswshd.m3u8?auth=testpub, From: subscribe, IPv_Type: ipv4, Location: 美国-伊利诺伊州-库克, ISP: Cogent, Date: None, Delay: 366 ms, Speed: 8.98 M/s, Resolution: 1920x1080
Name: 甘肃卫视, URL: http://satellitepull.cnr.cn/live/wxgsws/playlist.m3u8, From: subscribe, IPv_Type: ipv4, Location: 美国-新泽西州-摩里斯, ISP: Linode, Date: None, Delay: 19 ms, Speed: 4.86 M/s, Resolution: None
Name: 广西卫视, URL: http://php.jdshipin.com/TVOD/hljyd.php?id=3221226549, From: subscribe, IPv_Type: ipv6, Location: 美国, ISP: CloudFlare Inc., Date: None, Delay: -1 ms, Speed: 0.00 M/s, Resolution: None
Name: 广西卫视, URL: http://z.b.bkpcp.top/m.php?id=gxws, From: subscribe, IPv_Type: ipv6, Location: 美国, ISP: CloudFlare Inc., Date: None, Delay: -1 ms, Speed: 0.00 M/s, Resolution: None
Name: 广西卫视, URL: http://3501776.xyz:35455/itv/5000000011000031118.m3u8?cdn=bestzb, From: subscribe, IPv_Type: ipv6, Location: 美国, ISP: CloudFlare Inc., Date: None, Delay: -1 ms, Speed: 0.00 M/s, Resolution: None
Name: 广西卫视, URL: https://mobilelive.gxtv.cn/live/gx_live1004/playlist.m3u8, From: subscribe, IPv_Type: ipv6, Location: 加拿大, ISP: , Date: None, Delay: -1 ms, Speed: 0.00 M/s, Resolution: None
Name: 广西卫视, URL: http://goo.bkpcp.top/mg/gxws, From: subscribe, IPv_Type: ipv6, Location: 美国, ISP: CloudFlare Inc., Date: None, Delay: -1 ms, Speed: 0.00 M/s, Resolution: None
Name: 广西卫视, URL: http://live.cztv.cc:85/live/ggpd.m3u8, From: subscribe, IPv_Type: ipv6, Location: 中国, ISP: 中国移动, Date: None, Delay: -1 ms, Speed: 0.00 M/s, Resolution: None
Name: 广西卫视, URL: https://zby.130519.xyz/PLTV/11/224/3221226084/index.m3u8, From: subscribe, IPv_Type: ipv6, Location: 美国, ISP: CloudFlare Inc., Date: None, Delay: -1 ms, Speed: 0.00 M/s, Resolution: None
Name: 广西卫视, URL: https://iptv.catvod.com/live.php?id=%E5%B9%BF%E8%A5%BF%E5%8D%AB%E8%A7%86, From: subscribe, IPv_Type: ipv6, Location: 美国, ISP: CloudFlare Inc., Date: None, Delay: -1 ms, Speed: 0.00 M/s, Resolution: None
Name: 广西卫视, URL: https://hlscdn.liangtv.cn/live/de0f97348eb84f62aa6b7d8cf0430770/dd505d87880c478f901f38560ca4d4e6.m3u8, From: subscribe, IPv_Type: ipv6, Location: 加拿大, ISP: , Date: None, Delay: -1 ms, Speed: 0.00 M/s, Resolution: None
Name: 广西卫视, URL: https://iptv.catvod.com/live.php?id=%E5%B9%BF%E8%A5%BF%E5%8D%AB%E8%A7%86%E5%8F%B0, From: subscribe, IPv_Type: ipv6, Location: 美国, ISP: CloudFlare Inc., Date: None, Delay: -1 ms, Speed: 0.00 M/s, Resolution: None
Name: 广西卫视, URL: https://hlscdn.liangtv.cn/live/0c4ef3a44b934cacb8b47121dfada66c/d7e04258157b480dae53883cc6f8123b.m3u8, From: subscribe, IPv_Type: ipv6, Location: 加拿大, ISP: , Date: None, Delay: -1 ms, Speed: 0.00 M/s, Resolution: None
Name: 广西卫视, URL: http://[2409:8087:8:21::18]:6610/otttv.bj.chinamobile.com/PLTV/88888888/224/3221227010/1.m3u8?GuardEncType=2&accountinfo=%7E%7EV2.0%7EkAhb-89sxdm9fz6-heXCuw%7EtP4-l0lmSfjwLWEfK_el1vH_mv-s1zo4AQJwdedaVwG9xkuFTDg8J26cwOrNJzn20BErrHdLhuZ9EzLUCD3PMW-OMx4MGteHV2vLeW6BqoY%2CEND, From: subscribe, IPv_Type: ipv6, Location: 中国, ISP: 中国移动, Date: None, Delay: -1 ms, Speed: 0.00 M/s, Resolution: None
Name: 广西卫视, URL: http://[2409:8087:1a01:df::4047]:80/TVOD/88888888/224/3221226091/main.m3u8, From: subscribe, IPv_Type: ipv6, Location: 中国, ISP: 中国移动, Date: None, Delay: -1 ms, Speed: 0.00 M/s, Resolution: None
Name: 广西卫视, URL: http://tvgslb.hn.chinamobile.com:8089/180000001002/00000001000000000090000000215605/main.m3u8?stbid=, From: subscribe, IPv_Type: ipv6, Location: 中国, ISP: 中国移动, Date: None, Delay: -1 ms, Speed: 0.00 M/s, Resolution: None
Name: 广西卫视, URL: http://iptvrr.sh.chinamobile.com:6060/cms001/ch00000090990000001224/index.m3u8, From: subscribe, IPv_Type: ipv6, Location: 中国, ISP: 中国移动, Date: None, Delay: -1 ms, Speed: 0.00 M/s, Resolution: None
Name: 广西卫视, URL: http://rrs01.hw.gmcc.net:8088/PLTV/81/224/3221226681/1.m3u8, From: subscribe, IPv_Type: ipv6, Location: 中国, ISP: 中国移动, Date: None, Delay: -1 ms, Speed: 0.00 M/s, Resolution: None
Name: 广西卫视, URL: http://k.061899.xyz/k.php?id=gxws, From: subscribe, IPv_Type: ipv6, Location: 新加坡, ISP: Aceville Pte.Ltd., Date: None, Delay: -1 ms, Speed: 0.00 M/s, Resolution: None
Name: 广西卫视, URL: http://tvgslb.hn.chinamobile.com:8089/180000001002/00000000000000020000000000182256/main.m3u8?stbid=, From: subscribe, IPv_Type: ipv6, Location: 中国, ISP: 中国移动, Date: None, Delay: -1 ms, Speed: 0.00 M/s, Resolution: None
Name: 广西卫视, URL: http://hwottcdn.ln.chinamobile.com/PLTV/11/224/3221226150/index.m3u8, From: subscribe, IPv_Type: ipv6, Location: 中国, ISP: 中国移动, Date: None, Delay: -1 ms, Speed: 0.00 M/s, Resolution: None
Name: 广西卫视, URL: http://hwottcdn.ln.chinamobile.com/PLTV/11/224/3221227411/index.m3u8, From: subscribe, IPv_Type: ipv6, Location: 中国, ISP: 中国移动, Date: None, Delay: -1 ms, Speed: 0.00 M/s, Resolution: None
Name: 广西卫视, URL: http://hwltc.tv.cdn.zj.chinamobile.com/PLTV/88888888/224/3221236263/index.m3u8, From: subscribe, IPv_Type: ipv6, Location: 中国, ISP: 中国移动, Date: None, Delay: -1 ms, Speed: 0.00 M/s, Resolution: None
Name: 广西卫视, URL: http://ott.mobaibox.com/PLTV/3/224/3221228183/index.m3u8, From: subscribe, IPv_Type: ipv6, Location: 中国, ISP: 中国移动, Date: None, Delay: -1 ms, Speed: 0.00 M/s, Resolution: None
Name: 广西卫视, URL: http://hwottcdn.ln.chinamobile.com/PLTV/11/224/3221226830/index.m3u8, From: subscribe, IPv_Type: ipv6, Location: 中国, ISP: 中国移动, Date: None, Delay: -1 ms, Speed: 0.00 M/s, Resolution: None
Name: 广西卫视, URL: http://38.75.136.137:98/gslb/dsdqpub/gxwshd.m3u8?auth=testpub, From: subscribe, IPv_Type: ipv4, Location: 美国-伊利诺伊州-库克, ISP: Cogent, Date: None, Delay: 372 ms, Speed: 8.65 M/s, Resolution: 1920x1080
Name: 广西卫视, URL: http://23.237.228.134/live6/guangxi.m3u8, From: subscribe, IPv_Type: ipv4, Location: 北美地区, ISP: , Date: None, Delay: 603 ms, Speed: 4.94 M/s, Resolution: 1920x1080
Name: 广西卫视, URL: http://23.237.228.134/live6/guizhou.m3u8, From: subscribe, IPv_Type: ipv4, Location: 北美地区, ISP: , Date: None, Delay: 604 ms, Speed: 3.84 M/s, Resolution: 1920x1080
Name: 贵州卫视, URL: http://php.jdshipin.com/TVOD/hljyd.php?id=3221226474, From: subscribe, IPv_Type: ipv6, Location: 美国, ISP: CloudFlare Inc., Date: None, Delay: -1 ms, Speed: 0.00 M/s, Resolution: None
Name: 贵州卫视, URL: http://z.b.bkpcp.top/m.php?id=gzws, From: subscribe, IPv_Type: ipv6, Location: 美国, ISP: CloudFlare Inc., Date: None, Delay: -1 ms, Speed: 0.00 M/s, Resolution: None
Name: 贵州卫视, URL: http://j.x.bkpcp.top/jx/GUIZHD, From: subscribe, IPv_Type: ipv6, Location: 美国, ISP: CloudFlare Inc., Date: None, Delay: -1 ms, Speed: 0.00 M/s, Resolution: None
Name: 贵州卫视, URL: http://3501776.xyz:35455/itv/5000000004000025843.m3u8?cdn=bestzb, From: subscribe, IPv_Type: ipv6, Location: 美国, ISP: CloudFlare Inc., Date: None, Delay: -1 ms, Speed: 0.00 M/s, Resolution: None
Name: 贵州卫视, URL: http://goo.bkpcp.top/mg/gzws, From: subscribe, IPv_Type: ipv6, Location: 美国, ISP: CloudFlare Inc., Date: None, Delay: -1 ms, Speed: 0.00 M/s, Resolution: None
Name: 贵州卫视, URL: https://zby.130519.xyz/PLTV/11/224/3221226173/index.m3u8, From: subscribe, IPv_Type: ipv6, Location: 美国, ISP: CloudFlare Inc., Date: None, Delay: -1 ms, Speed: 0.00 M/s, Resolution: None
Name: 贵州卫视, URL: http://[2409:8087:8:21::18]:6610/otttv.bj.chinamobile.com/PLTV/88888888/224/3221227012/1.m3u8?GuardEncType=2&accountinfo=%7E%7EV2.0%7EnqBF03rFwPucF8ODtWxLQQ%7EtP4-l0lmSfjwLWEfK_el1vH_mv-s1zo4AQJwdedaVwG9xkuFTDg8J26cwOrNJzn20BErrHdLhuZ9EzLUCD3PMW-OMx4MGteHV2vLeW6BqoY%2CEND, From: subscribe, IPv_Type: ipv6, Location: 中国, ISP: 中国移动, Date: None, Delay: -1 ms, Speed: 0.00 M/s, Resolution: None
Name: 贵州卫视, URL: http://[2409:8087:1a01:df::4030]:80/TVOD/88888888/224/3221225974/main.m3u8, From: subscribe, IPv_Type: ipv6, Location: 中国, ISP: 中国移动, Date: None, Delay: -1 ms, Speed: 0.00 M/s, Resolution: None
Name: 贵州卫视, URL: http://[2409:8087:1a01:df::4077]/ottrrs.hl.chinamobile.com/PLTV/88888888/8/3221226474/index.m3u8, From: subscribe, IPv_Type: ipv6, Location: 中国, ISP: 中国移动, Date: None, Delay: -1 ms, Speed: 0.00 M/s, Resolution: None
Name: 贵州卫视, URL: https://iptv.catvod.com/live.php?id=%E8%B4%B5%E5%B7%9E%E5%8D%AB%E8%A7%86%E5%8F%B0, From: subscribe, IPv_Type: ipv6, Location: 美国, ISP: CloudFlare Inc., Date: None, Delay: -1 ms, Speed: 0.00 M/s, Resolution: None
Name: 贵州卫视, URL: http://hwltc.tv.cdn.zj.chinamobile.com/PLTV/88888888/224/3221236236/index.m3u8, From: subscribe, IPv_Type: ipv6, Location: 中国, ISP: 中国移动, Date: None, Delay: -1 ms, Speed: 0.00 M/s, Resolution: None
Name: 贵州卫视, URL: http://tvgslb.hn.chinamobile.com:8089/180000001002/00000000000000020000000000182262/main.m3u8?stbid=, From: subscribe, IPv_Type: ipv6, Location: 中国, ISP: 中国移动, Date: None, Delay: -1 ms, Speed: 0.00 M/s, Resolution: None
Name: 贵州卫视, URL: http://rrs01.hw.gmcc.net:8088/PLTV/81/224/3221226676/1.m3u8, From: subscribe, IPv_Type: ipv6, Location: 中国, ISP: 中国移动, Date: None, Delay: -1 ms, Speed: 0.00 M/s, Resolution: None
Name: 贵州卫视, URL: http://tvgslb.hn.chinamobile.com:8089/180000001002/00000001000000000010000000040424/main.m3u8?stbid=, From: subscribe, IPv_Type: ipv6, Location: 中国, ISP: 中国移动, Date: None, Delay: -1 ms, Speed: 0.00 M/s, Resolution: None
Name: 贵州卫视, URL: http://rrs01.hw.gmcc.net:8088/PLTV/81/224/3221226672/1.m3u8, From: subscribe, IPv_Type: ipv6, Location: 中国, ISP: 中国移动, Date: None, Delay: -1 ms, Speed: 0.00 M/s, Resolution: None
Name: 贵州卫视, URL: http://hwottcdn.ln.chinamobile.com/PLTV/11/224/3221226164/index.m3u8, From: subscribe, IPv_Type: ipv6, Location: 中国, ISP: 中国移动, Date: None, Delay: -1 ms, Speed: 0.00 M/s, Resolution: None
Name: 贵州卫视, URL: http://ott.mobaibox.com/PLTV/3/224/3221228136/index.m3u8, From: subscribe, IPv_Type: ipv6, Location: 中国, ISP: 中国移动, Date: None, Delay: -1 ms, Speed: 0.00 M/s, Resolution: None
Name: 贵州卫视, URL: http://k.061899.xyz/k.php?id=gzws, From: subscribe, IPv_Type: ipv6, Location: 新加坡, ISP: Aceville Pte.Ltd., Date: None, Delay: -1 ms, Speed: 0.00 M/s, Resolution: None
Name: 贵州卫视, URL: http://hwottcdn.ln.chinamobile.com/PLTV/11/224/3221226874/index.m3u8, From: subscribe, IPv_Type: ipv6, Location: 中国, ISP: 中国移动, Date: None, Delay: -1 ms, Speed: 0.00 M/s, Resolution: None
Name: 贵州卫视, URL: http://iptvrr.sh.chinamobile.com:6060/cms001/ch00000090990000001184/index.m3u8, From: subscribe, IPv_Type: ipv6, Location: 中国, ISP: 中国移动, Date: None, Delay: -1 ms, Speed: 0.00 M/s, Resolution: None
Name: 贵州卫视, URL: http://38.75.136.137:98/gslb/dsdqpub/gzwshd.m3u8?auth=testpub, From: subscribe, IPv_Type: ipv4, Location: 美国-伊利诺伊州-库克, ISP: Cogent, Date: None, Delay: 540 ms, Speed: 6.50 M/s, Resolution: 1920x1080
Name: 贵州卫视, URL: http://satellitepull.cnr.cn/live/wx32gzws/playlist.m3u8, From: subscribe, IPv_Type: ipv4, Location: 美国-新泽西州-摩里斯, ISP: Linode, Date: None, Delay: 20 ms, Speed: 4.94 M/s, Resolution: None
Name: 贵州卫视, URL: http://23.237.228.134/live6/hainan.m3u8, From: subscribe, IPv_Type: ipv4, Location: 北美地区, ISP: , Date: None, Delay: 585 ms, Speed: 3.44 M/s, Resolution: 1920x1080
Name: 海南卫视, URL: http://php.jdshipin.com/TVOD/hnyd.php?id=200000001898/460000089800010083, From: subscribe, IPv_Type: ipv6, Location: 美国, ISP: CloudFlare Inc., Date: None, Delay: -1 ms, Speed: 0.00 M/s, Resolution: None
Name: 海南卫视, URL: http://z.b.bkpcp.top/m.php?id=hinws, From: subscribe, IPv_Type: ipv6, Location: 美国, ISP: CloudFlare Inc., Date: None, Delay: -1 ms, Speed: 0.00 M/s, Resolution: None
Name: 海南卫视, URL: http://j.x.bkpcp.top/jx/HAINHD, From: subscribe, IPv_Type: ipv6, Location: 美国, ISP: CloudFlare Inc., Date: None, Delay: -1 ms, Speed: 0.00 M/s, Resolution: None
Name: 海南卫视, URL: http://3501776.xyz:35455/itv/5000000004000006211.m3u8?cdn=bestzb, From: subscribe, IPv_Type: ipv6, Location: 美国, ISP: CloudFlare Inc., Date: None, Delay: -1 ms, Speed: 0.00 M/s, Resolution: None
Name: 海南卫视, URL: http://goo.bkpcp.top/mg/hinws, From: subscribe, IPv_Type: ipv6, Location: 美国, ISP: CloudFlare Inc., Date: None, Delay: -1 ms, Speed: 0.00 M/s, Resolution: None
Name: 海南卫视, URL: https://zby.130519.xyz/PLTV/11/224/3221226154/index.m3u8, From: subscribe, IPv_Type: ipv6, Location: 美国, ISP: CloudFlare Inc., Date: None, Delay: -1 ms, Speed: 0.00 M/s, Resolution: None
Name: 海南卫视, URL: https://migu.188766.xyz/?migutoken=893171fefe2cba3487f0ab5b47168df2&id=hn_hnws&type=sz, From: subscribe, IPv_Type: ipv6, Location: 美国, ISP: CloudFlare Inc., Date: None, Delay: -1 ms, Speed: 0.00 M/s, Resolution: None
Name: 海南卫视, URL: https://migu.188766.xyz/?migutoken=691b2ba66517c618164d2daf475e4328&id=%E6%B5%B7%E5%8D%97%E5%8D%AB%E8%A7%86&type=yy, From: subscribe, IPv_Type: ipv6, Location: 美国, ISP: CloudFlare Inc., Date: None, Delay: -1 ms, Speed: 0.00 M/s, Resolution: None
Name: 海南卫视, URL: http://[2409:8087:8:21::18]:6610/otttv.bj.chinamobile.com/PLTV/88888888/224/3221227029/1.m3u8?GuardEncType=2&accountinfo=%7E%7EV2.0%7EEuBMjt2kLMD8fAO7QYER7Q%7EtP4-l0lmSfjwLWEfK_el1vH_mv-s1zo4AQJwdedaVwG9xkuFTDg8J26cwOrNJzn20BErrHdLhuZ9EzLUCD3PMW-OMx4MGteHV2vLeW6BqoY%2CEND, From: subscribe, IPv_Type: ipv6, Location: 中国, ISP: 中国移动, Date: None, Delay: -1 ms, Speed: 0.00 M/s, Resolution: None
Name: 海南卫视, URL: http://[2409:8087:1a01:df::4077]/ottrrs.hl.chinamobile.com/PLTV/88888888/8/3221226465/index.m3u8, From: subscribe, IPv_Type: ipv6, Location: 中国, ISP: 中国移动, Date: None, Delay: -1 ms, Speed: 0.00 M/s, Resolution: None
Name: 海南卫视, URL: https://migu.188766.xyz/?migutoken=3b44fcf2e5e5a2acaf3c324ce881861c&id=hn_hnws&type=sz, From: subscribe, IPv_Type: ipv6, Location: 美国, ISP: CloudFlare Inc., Date: None, Delay: -1 ms, Speed: 0.00 M/s, Resolution: None
Name: 海南卫视, URL: https://migu.188766.xyz/?migutoken=9e0aa13133f2472448b7cb874873a70b&id=%E6%B5%B7%E5%8D%97%E5%8D%AB%E8%A7%86&type=yy, From: subscribe, IPv_Type: ipv6, Location: 美国, ISP: CloudFlare Inc., Date: None, Delay: -1 ms, Speed: 0.00 M/s, Resolution: None
Name: 海南卫视, URL: https://migu.188766.xyz/?migutoken=10c99090273c28e9762594ea59a3204d&id=hn_hnws&type=sz, From: subscribe, IPv_Type: ipv6, Location: 美国, ISP: CloudFlare Inc., Date: None, Delay: -1 ms, Speed: 0.00 M/s, Resolution: None
Name: 海南卫视, URL: https://migu.188766.xyz/?migutoken=a6aea94867cd3d3a43e24f90082d5ee0&id=%E6%B5%B7%E5%8D%97%E5%8D%AB%E8%A7%86&type=yy, From: subscribe, IPv_Type: ipv6, Location: 美国, ISP: CloudFlare Inc., Date: None, Delay: -1 ms, Speed: 0.00 M/s, Resolution: None
Name: 海南卫视, URL: https://migu.188766.xyz/?migutoken=228316523dfe61f23c969dc86c4acf4f&id=hn_hnws&type=sz, From: subscribe, IPv_Type: ipv6, Location: 美国, ISP: CloudFlare Inc., Date: None, Delay: -1 ms, Speed: 0.00 M/s, Resolution: None
Name: 海南卫视, URL: https://migu.188766.xyz/?migutoken=5b55e12ae199fcc8ef344d0bbbc006bf&id=%E6%B5%B7%E5%8D%97%E5%8D%AB%E8%A7%86&type=yy, From: subscribe, IPv_Type: ipv6, Location: 美国, ISP: CloudFlare Inc., Date: None, Delay: -1 ms, Speed: 0.00 M/s, Resolution: None
Name: 海南卫视, URL: https://migu.188766.xyz/?migutoken=70a570a3437f2b18efb68cabd121cec8&id=hn_hnws&type=sz, From: subscribe, IPv_Type: ipv6, Location: 美国, ISP: CloudFlare Inc., Date: None, Delay: -1 ms, Speed: 0.00 M/s, Resolution: None
Name: 海南卫视, URL: https://migu.188766.xyz/?migutoken=7664fea30a30f09c9eb868f1e060f125&id=%E6%B5%B7%E5%8D%97%E5%8D%AB%E8%A7%86&type=yy, From: subscribe, IPv_Type: ipv6, Location: 美国, ISP: CloudFlare Inc., Date: None, Delay: -1 ms, Speed: 0.00 M/s, Resolution: None
Name: 海南卫视, URL: https://migu.188766.xyz/?migutoken=e7282ed9538e3ea86644f48faa4fd32b&id=hn_hnws&type=sz, From: subscribe, IPv_Type: ipv6, Location: 美国, ISP: CloudFlare Inc., Date: None, Delay: -1 ms, Speed: 0.00 M/s, Resolution: None
Name: 海南卫视, URL: https://migu.188766.xyz/?migutoken=d47e92ce114d684a91c11eb8a0d2089f&id=%E6%B5%B7%E5%8D%97%E5%8D%AB%E8%A7%86&type=yy, From: subscribe, IPv_Type: ipv6, Location: 美国, ISP: CloudFlare Inc., Date: None, Delay: -1 ms, Speed: 0.00 M/s, Resolution: None
Name: 海南卫视, URL: https://migu.188766.xyz/?migutoken=b9a1aa9170932b673b0109a2d67b7794&id=hn_hnws&type=sz, From: subscribe, IPv_Type: ipv6, Location: 美国, ISP: CloudFlare Inc., Date: None, Delay: -1 ms, Speed: 0.00 M/s, Resolution: None
Name: 海南卫视, URL: https://migu.188766.xyz/?migutoken=9d4de7bc7a54c604c2795eb9beb5378a&id=%E6%B5%B7%E5%8D%97%E5%8D%AB%E8%A7%86&type=yy, From: subscribe, IPv_Type: ipv6, Location: 美国, ISP: CloudFlare Inc., Date: None, Delay: -1 ms, Speed: 0.00 M/s, Resolution: None
Name: 海南卫视, URL: https://migu.188766.xyz/?migutoken=321a251122502985ca7d6583ffc262c9&id=hn_hnws&type=sz, From: subscribe, IPv_Type: ipv6, Location: 美国, ISP: CloudFlare Inc., Date: None, Delay: -1 ms, Speed: 0.00 M/s, Resolution: None
Name: 海南卫视, URL: https://migu.188766.xyz/?migutoken=dd44dca53659b5ae7ddb13db2d44cd92&id=%E6%B5%B7%E5%8D%97%E5%8D%AB%E8%A7%86&type=yy, From: subscribe, IPv_Type: ipv6, Location: 美国, ISP: CloudFlare Inc., Date: None, Delay: -1 ms, Speed: 0.00 M/s, Resolution: None
Name: 海南卫视, URL: https://migu.188766.xyz/?migutoken=0767936379ec8b65307a0ff34bfff76c&id=hn_hnws&type=sz, From: subscribe, IPv_Type: ipv6, Location: 美国, ISP: CloudFlare Inc., Date: None, Delay: -1 ms, Speed: 0.00 M/s, Resolution: None
Name: 海南卫视, URL: https://migu.188766.xyz/?migutoken=52507d6c05cd439040c641e67a4b7037&id=%E6%B5%B7%E5%8D%97%E5%8D%AB%E8%A7%86&type=yy, From: subscribe, IPv_Type: ipv6, Location: 美国, ISP: CloudFlare Inc., Date: None, Delay: -1 ms, Speed: 0.00 M/s, Resolution: None
Name: 海南卫视, URL: https://migu.188766.xyz/?migutoken=99940a486a13ff986a7daa86389be438&id=hn_hnws&type=sz, From: subscribe, IPv_Type: ipv6, Location: 美国, ISP: CloudFlare Inc., Date: None, Delay: -1 ms, Speed: 0.00 M/s, Resolution: None
Name: 海南卫视, URL: https://migu.188766.xyz/?migutoken=6313f33ac52d3ba1d4aeacd612982279&id=%E6%B5%B7%E5%8D%97%E5%8D%AB%E8%A7%86&type=yy, From: subscribe, IPv_Type: ipv6, Location: 美国, ISP: CloudFlare Inc., Date: None, Delay: -1 ms, Speed: 0.00 M/s, Resolution: None
Name: 海南卫视, URL: https://migu.188766.xyz/?migutoken=c92d90850b4b6d1741c5f78c770c8507&id=hn_hnws&type=sz, From: subscribe, IPv_Type: ipv6, Location: 美国, ISP: CloudFlare Inc., Date: None, Delay: -1 ms, Speed: 0.00 M/s, Resolution: None
Name: 海南卫视, URL: https://migu.188766.xyz/?migutoken=f96eb8a12f2d924bf75993d5760d3943&id=%E6%B5%B7%E5%8D%97%E5%8D%AB%E8%A7%86&type=yy, From: subscribe, IPv_Type: ipv6, Location: 美国, ISP: CloudFlare Inc., Date: None, Delay: -1 ms, Speed: 0.00 M/s, Resolution: None
Name: 海南卫视, URL: http://ott.mobaibox.com/PLTV/3/224/3221228139/index.m3u8, From: subscribe, IPv_Type: ipv6, Location: 中国, ISP: 中国移动, Date: None, Delay: -1 ms, Speed: 0.00 M/s, Resolution: None
Name: 海南卫视, URL: http://hwltc.tv.cdn.zj.chinamobile.com/PLTV/88888888/224/3221236232/index.m3u8, From: subscribe, IPv_Type: ipv6, Location: 中国, ISP: 中国移动, Date: None, Delay: -1 ms, Speed: 0.00 M/s, Resolution: None
Name: 海南卫视, URL: http://rrs01.hw.gmcc.net:8088/PLTV/81/224/3221226683/1.m3u8, From: subscribe, IPv_Type: ipv6, Location: 中国, ISP: 中国移动, Date: None, Delay: -1 ms, Speed: 0.00 M/s, Resolution: None
Name: 海南卫视, URL: http://hwottcdn.ln.chinamobile.com/PLTV/11/224/3221226801/index.m3u8, From: subscribe, IPv_Type: ipv6, Location: 中国, ISP: 中国移动, Date: None, Delay: -1 ms, Speed: 0.00 M/s, Resolution: None
Name: 海南卫视, URL: http://rrs01.hw.gmcc.net:8088/PLTV/81/224/3221226679/1.m3u8, From: subscribe, IPv_Type: ipv6, Location: 中国, ISP: 中国移动, Date: None, Delay: -1 ms, Speed: 0.00 M/s, Resolution: None
Name: 海南卫视, URL: http://hwottcdn.ln.chinamobile.com/PLTV/11/224/3221226140/index.m3u8, From: subscribe, IPv_Type: ipv6, Location: 中国, ISP: 中国移动, Date: None, Delay: -1 ms, Speed: 0.00 M/s, Resolution: None
Name: 海南卫视, URL: http://k.061899.xyz/k.php?id=hinws, From: subscribe, IPv_Type: ipv6, Location: 新加坡, ISP: Aceville Pte.Ltd., Date: None, Delay: -1 ms, Speed: 0.00 M/s, Resolution: None
Name: 海南卫视, URL: http://iptvrr.sh.chinamobile.com:6060/cms001/ch00000090990000001183/index.m3u8, From: subscribe, IPv_Type: ipv6, Location: 中国, ISP: 中国移动, Date: None, Delay: -1 ms, Speed: 0.00 M/s, Resolution: None
Name: 海南卫视, URL: http://tvgslb.hn.chinamobile.com:8089/180000001002/00000000000000020000000000181765/main.m3u8?stbid=, From: subscribe, IPv_Type: ipv6, Location: 中国, ISP: 中国移动, Date: None, Delay: -1 ms, Speed: 0.00 M/s, Resolution: None
Name: 海南卫视, URL: http://tvgslb.hn.chinamobile.com:8089/180000001002/00000001000000000057000000208265/main.m3u8?stbid=, From: subscribe, IPv_Type: ipv6, Location: 中国, ISP: 中国移动, Date: None, Delay: -1 ms, Speed: 0.00 M/s, Resolution: None
Name: 海南卫视, URL: https://migu.188766.xyz/?migutoken=685e691eb86d047691ae87262e9dc757&id=hn_hnws&type=sz, From: subscribe, IPv_Type: ipv6, Location: 美国, ISP: CloudFlare Inc., Date: None, Delay: -1 ms, Speed: 0.00 M/s, Resolution: None
Name: 海南卫视, URL: https://migu.188766.xyz/?migutoken=9568699b4efd92f2aa1cf1e81271569a&id=%E6%B5%B7%E5%8D%97%E5%8D%AB%E8%A7%86&type=yy, From: subscribe, IPv_Type: ipv6, Location: 美国, ISP: CloudFlare Inc., Date: None, Delay: -1 ms, Speed: 0.00 M/s, Resolution: None
Name: 海南卫视, URL: https://migu.188766.xyz/?migutoken=9041cb08138ee623066644cfb14bc080&id=hn_hnws&type=sz, From: subscribe, IPv_Type: ipv6, Location: 美国, ISP: CloudFlare Inc., Date: None, Delay: -1 ms, Speed: 0.00 M/s, Resolution: None
Name: 海南卫视, URL: https://migu.188766.xyz/?migutoken=90cfb3138f5f610eb00b3767a3911157&id=%E6%B5%B7%E5%8D%97%E5%8D%AB%E8%A7%86&type=yy, From: subscribe, IPv_Type: ipv6, Location: 美国, ISP: CloudFlare Inc., Date: None, Delay: -1 ms, Speed: 0.00 M/s, Resolution: None
Name: 海南卫视, URL: https://migu.188766.xyz/?migutoken=aee8c5d6d1ef0f51af1b830943ecc659&id=hn_hnws&type=sz, From: subscribe, IPv_Type: ipv6, Location: 美国, ISP: CloudFlare Inc., Date: None, Delay: -1 ms, Speed: 0.00 M/s, Resolution: None
Name: 海南卫视, URL: https://migu.188766.xyz/?migutoken=6bbd6388f688c3f8ecb7691ab665b74e&id=%E6%B5%B7%E5%8D%97%E5%8D%AB%E8%A7%86&type=yy, From: subscribe, IPv_Type: ipv6, Location: 美国, ISP: CloudFlare Inc., Date: None, Delay: -1 ms, Speed: 0.00 M/s, Resolution: None
Name: 海南卫视, URL: https://migu.188766.xyz/?migutoken=dc6f91c30b06ee8d437cfb4b0e1d8cb4&id=hn_hnws&type=sz, From: subscribe, IPv_Type: ipv6, Location: 美国, ISP: CloudFlare Inc., Date: None, Delay: -1 ms, Speed: 0.00 M/s, Resolution: None
Name: 海南卫视, URL: https://migu.188766.xyz/?migutoken=04ebae96e4bfe2d6dcf39ba3652f1be2&id=%E6%B5%B7%E5%8D%97%E5%8D%AB%E8%A7%86&type=yy, From: subscribe, IPv_Type: ipv6, Location: 美国, ISP: CloudFlare Inc., Date: None, Delay: -1 ms, Speed: 0.00 M/s, Resolution: None
Name: 海南卫视, URL: https://migu.188766.xyz/?migutoken=30dd444adfe05b4f2e261d8770685772&id=hn_hnws&type=sz, From: subscribe, IPv_Type: ipv6, Location: 美国, ISP: CloudFlare Inc., Date: None, Delay: -1 ms, Speed: 0.00 M/s, Resolution: None
Name: 海南卫视, URL: https://migu.188766.xyz/?migutoken=e517670e2114fdeb3d550ab3944171bf&id=%E6%B5%B7%E5%8D%97%E5%8D%AB%E8%A7%86&type=yy, From: subscribe, IPv_Type: ipv6, Location: 美国, ISP: CloudFlare Inc., Date: None, Delay: -1 ms, Speed: 0.00 M/s, Resolution: None
Name: 海南卫视, URL: https://migu.188766.xyz/?migutoken=d2061f4f32fe7d8fda9c2ab3bffd12ad&id=hn_hnws&type=sz, From: subscribe, IPv_Type: ipv6, Location: 美国, ISP: CloudFlare Inc., Date: None, Delay: -1 ms, Speed: 0.00 M/s, Resolution: None
Name: 海南卫视, URL: https://migu.188766.xyz/?migutoken=d7a97d1ad84981be65127720b09d15fd&id=%E6%B5%B7%E5%8D%97%E5%8D%AB%E8%A7%86&type=yy, From: subscribe, IPv_Type: ipv6, Location: 美国, ISP: CloudFlare Inc., Date: None, Delay: -1 ms, Speed: 0.00 M/s, Resolution: None
Name: 海南卫视, URL: https://migu.188766.xyz/?migutoken=d87911cb21bfa5f7e46315051936aaa1&id=hn_hnws&type=sz, From: subscribe, IPv_Type: ipv6, Location: 美国, ISP: CloudFlare Inc., Date: None, Delay: -1 ms, Speed: 0.00 M/s, Resolution: None
Name: 海南卫视, URL: https://migu.188766.xyz/?migutoken=7ea329727aac999d2f12c20238766dac&id=%E6%B5%B7%E5%8D%97%E5%8D%AB%E8%A7%86&type=yy, From: subscribe, IPv_Type: ipv6, Location: 美国, ISP: CloudFlare Inc., Date: None, Delay: -1 ms, Speed: 0.00 M/s, Resolution: None
Name: 海南卫视, URL: https://migu.188766.xyz/?migutoken=cd0c6fb6e692e4aef9aad148c42407bf&id=hn_hnws&type=sz, From: subscribe, IPv_Type: ipv6, Location: 美国, ISP: CloudFlare Inc., Date: None, Delay: -1 ms, Speed: 0.00 M/s, Resolution: None
Name: 海南卫视, URL: https://migu.188766.xyz/?migutoken=eda9ac9b347d322623f378c65f3df947&id=%E6%B5%B7%E5%8D%97%E5%8D%AB%E8%A7%86&type=yy, From: subscribe, IPv_Type: ipv6, Location: 美国, ISP: CloudFlare Inc., Date: None, Delay: -1 ms, Speed: 0.00 M/s, Resolution: None
Name: 海南卫视, URL: https://migu.188766.xyz/?migutoken=5562c492c5e3ed3005546c9f74113634&id=hn_hnws&type=sz, From: subscribe, IPv_Type: ipv6, Location: 美国, ISP: CloudFlare Inc., Date: None, Delay: -1 ms, Speed: 0.00 M/s, Resolution: None
Name: 海南卫视, URL: https://migu.188766.xyz/?migutoken=2f16e14b5322720025959757b0f92096&id=%E6%B5%B7%E5%8D%97%E5%8D%AB%E8%A7%86&type=yy, From: subscribe, IPv_Type: ipv6, Location: 美国, ISP: CloudFlare Inc., Date: None, Delay: -1 ms, Speed: 0.00 M/s, Resolution: None
Name: 海南卫视, URL: https://migu.188766.xyz/?migutoken=22a6affd418ffc5aa0e0bd45cc392491&id=hn_hnws&type=sz, From: subscribe, IPv_Type: ipv6, Location: 美国, ISP: CloudFlare Inc., Date: None, Delay: -1 ms, Speed: 0.00 M/s, Resolution: None
Name: 海南卫视, URL: https://migu.188766.xyz/?migutoken=c7facdf5bd1e212c254cb7d3ca97e55a&id=%E6%B5%B7%E5%8D%97%E5%8D%AB%E8%A7%86&type=yy, From: subscribe, IPv_Type: ipv6, Location: 美国, ISP: CloudFlare Inc., Date: None, Delay: -1 ms, Speed: 0.00 M/s, Resolution: None
Name: 海南卫视, URL: https://migu.188766.xyz/?migutoken=6dd36fcb01390d7b1a0e21e7c3e82b06&id=hn_hnws&type=sz, From: subscribe, IPv_Type: ipv6, Location: 美国, ISP: CloudFlare Inc., Date: None, Delay: -1 ms, Speed: 0.00 M/s, Resolution: None
Name: 海南卫视, URL: https://migu.188766.xyz/?migutoken=1e6a02bca54289915e01d7ab97bff736&id=%E6%B5%B7%E5%8D%97%E5%8D%AB%E8%A7%86&type=yy, From: subscribe, IPv_Type: ipv6, Location: 美国, ISP: CloudFlare Inc., Date: None, Delay: -1 ms, Speed: 0.00 M/s, Resolution: None
Name: 海南卫视, URL: https://migu.188766.xyz/?migutoken=a66f6f242505d324324704aa86f40104&id=hn_hnws&type=sz, From: subscribe, IPv_Type: ipv6, Location: 美国, ISP: CloudFlare Inc., Date: None, Delay: -1 ms, Speed: 0.00 M/s, Resolution: None
Name: 海南卫视, URL: https://migu.188766.xyz/?migutoken=cfd42b2726294f12ce391958b779f3ae&id=%E6%B5%B7%E5%8D%97%E5%8D%AB%E8%A7%86&type=yy, From: subscribe, IPv_Type: ipv6, Location: 美国, ISP: CloudFlare Inc., Date: None, Delay: -1 ms, Speed: 0.00 M/s, Resolution: None
Name: 海南卫视, URL: https://migu.188766.xyz/?migutoken=20cebd593de3a4b59b7405fbfdc6876d&id=hn_hnws&type=sz, From: subscribe, IPv_Type: ipv6, Location: 美国, ISP: CloudFlare Inc., Date: None, Delay: -1 ms, Speed: 0.00 M/s, Resolution: None
Name: 海南卫视, URL: https://migu.188766.xyz/?migutoken=99b7bcb414da48713576354ee90423be&id=%E6%B5%B7%E5%8D%97%E5%8D%AB%E8%A7%86&type=yy, From: subscribe, IPv_Type: ipv6, Location: 美国, ISP: CloudFlare Inc., Date: None, Delay: -1 ms, Speed: 0.00 M/s, Resolution: None
Name: 海南卫视, URL: https://migu.188766.xyz/?migutoken=687e44bf2e5cb6513af675e5234f868c&id=hn_hnws&type=sz, From: subscribe, IPv_Type: ipv6, Location: 美国, ISP: CloudFlare Inc., Date: None, Delay: -1 ms, Speed: 0.00 M/s, Resolution: None
Name: 海南卫视, URL: https://migu.188766.xyz/?migutoken=d72173ad848e0d18e21962c3ea0afc58&id=%E6%B5%B7%E5%8D%97%E5%8D%AB%E8%A7%86&type=yy, From: subscribe, IPv_Type: ipv6, Location: 美国, ISP: CloudFlare Inc., Date: None, Delay: -1 ms, Speed: 0.00 M/s, Resolution: None
Name: 海南卫视, URL: https://migu.188766.xyz/?migutoken=a870cd62f3e8175780856b1c3ecb5a19&id=hn_hnws&type=sz, From: subscribe, IPv_Type: ipv6, Location: 美国, ISP: CloudFlare Inc., Date: None, Delay: -1 ms, Speed: 0.00 M/s, Resolution: None
Name: 海南卫视, URL: https://migu.188766.xyz/?migutoken=28e1e9517a7c18f2d4ec77d831038d18&id=%E6%B5%B7%E5%8D%97%E5%8D%AB%E8%A7%86&type=yy, From: subscribe, IPv_Type: ipv6, Location: 美国, ISP: CloudFlare Inc., Date: None, Delay: -1 ms, Speed: 0.00 M/s, Resolution: None
Name: 海南卫视, URL: https://www.freetv.top/migu/947472502.m3u8?migutoken=7837384e48fd26a97f31b5166b88580720ebc21f5e10f392561f571058dda831b33433f9113b41fa03dff482db5244ae83df7b277e82cf7a4651045d113b16c3733999e3c4428166e0995051a4, From: subscribe, IPv_Type: ipv6, Location: 美国, ISP: Oracle Corporation, Date: None, Delay: -1 ms, Speed: 0.00 M/s, Resolution: None
Name: 海南卫视, URL: https://www.freetv.top/migu/947472502.m3u8?migutoken=61e4fd9bf58ef5793a154534fc3b69a6905900f2133acd6c3fe723e7b4520ad20ebd351ceb44d42a3a09fa5e7e402be1cec3e5c93b1a07ac90681ef873a367d7cb68040b3be9d7873347efa755, From: subscribe, IPv_Type: ipv6, Location: 美国, ISP: Oracle Corporation, Date: None, Delay: -1 ms, Speed: 0.00 M/s, Resolution: None
Name: 海南卫视, URL: https://www.freetv.top/migu/947472502.m3u8?migutoken=b49395c0adad3f977a69d9555b7ec0e60a9f6076a9bd17687472774c39f5e60c68b55ab46fdf0d73b68a871b71b438163c9ae6604499693eb260ed04ebe98df3f12124410b199e0741f3429b11, From: subscribe, IPv_Type: ipv6, Location: 美国, ISP: Oracle Corporation, Date: None, Delay: -1 ms, Speed: 0.00 M/s, Resolution: None
Name: 海南卫视, URL: https://migu.188766.xyz/?migutoken=fdf5f9e8206a392e500eb78425708837&id=hn_hnws&type=sz, From: subscribe, IPv_Type: ipv6, Location: 美国, ISP: CloudFlare Inc., Date: None, Delay: -1 ms, Speed: 0.00 M/s, Resolution: None
Name: 海南卫视, URL: https://migu.188766.xyz/?migutoken=8cde79b932d1754c07eb1c9bc352bb4a&id=%E6%B5%B7%E5%8D%97%E5%8D%AB%E8%A7%86&type=yy, From: subscribe, IPv_Type: ipv6, Location: 美国, ISP: CloudFlare Inc., Date: None, Delay: -1 ms, Speed: 0.00 M/s, Resolution: None
Name: 海南卫视, URL: https://migu.188766.xyz/?migutoken=9bfd4cb84fd3e87e761654a96f5cb8e0&id=hn_hnws&type=sz, From: subscribe, IPv_Type: ipv6, Location: 美国, ISP: CloudFlare Inc., Date: None, Delay: -1 ms, Speed: 0.00 M/s, Resolution: None
Name: 海南卫视, URL: https://migu.188766.xyz/?migutoken=9d28485b5bd426158f42f3d880043d4b&id=%E6%B5%B7%E5%8D%97%E5%8D%AB%E8%A7%86&type=yy, From: subscribe, IPv_Type: ipv6, Location: 美国, ISP: CloudFlare Inc., Date: None, Delay: -1 ms, Speed: 0.00 M/s, Resolution: None
Name: 海南卫视, URL: http://satellitepull.cnr.cn/live/wxhainlyws/playlist.m3u8, From: subscribe, IPv_Type: ipv4, Location: 美国-新泽西州-摩里斯, ISP: Linode, Date: None, Delay: 18 ms, Speed: 4.95 M/s, Resolution: None
Name: 河北卫视, URL: http://php.jdshipin.com/TVOD/hnyd.php?id=200000001898/460000089800010101, From: subscribe, IPv_Type: ipv6, Location: 美国, ISP: CloudFlare Inc., Date: None, Delay: -1 ms, Speed: 0.00 M/s, Resolution: None
Name: 河北卫视, URL: http://z.b.bkpcp.top/m.php?id=hbws, From: subscribe, IPv_Type: ipv6, Location: 美国, ISP: CloudFlare Inc., Date: None, Delay: -1 ms, Speed: 0.00 M/s, Resolution: None
Name: 河北卫视, URL: https://jwplay.hebyun.com.cn/live/hbwstv/1500k/tzwj_video.m3u8, From: subscribe, IPv_Type: ipv6, Location: 中国, ISP: 中国联通, Date: None, Delay: -1 ms, Speed: 0.00 M/s, Resolution: None
Name: 河北卫视, URL: http://iptv.huuc.edu.cn/hls/hebhd.m3u8, From: subscribe, IPv_Type: ipv6, Location: 中国, ISP: 教育网, Date: None, Delay: -1 ms, Speed: 0.00 M/s, Resolution: None
Name: 河北卫视, URL: https://zby.130519.xyz/PLTV/11/224/3221226107/index.m3u8, From: subscribe, IPv_Type: ipv6, Location: 美国, ISP: CloudFlare Inc., Date: None, Delay: -1 ms, Speed: 0.00 M/s, Resolution: None
Name: 河北卫视, URL: http://tv.pull.hebtv.com/jishi/weishipindao.m3u8?t=2510710360&k=3d44740039027301acf8341d7361ab59, From: subscribe, IPv_Type: ipv6, Location: 中国, ISP: 中国电信, Date: None, Delay: -1 ms, Speed: 0.00 M/s, Resolution: None
Name: 河北卫视, URL: https://iptv.catvod.com/live.php?id=%E6%B2%B3%E5%8C%97%E5%8D%AB%E8%A7%86, From: subscribe, IPv_Type: ipv6, Location: 美国, ISP: CloudFlare Inc., Date: None, Delay: -1 ms, Speed: 0.00 M/s, Resolution: None
Name: 河北卫视, URL: http://[2409:8087:8:21::18]:6610/otttv.bj.chinamobile.com/PLTV/88888888/224/3221227014/1.m3u8?GuardEncType=2&accountinfo=%7E%7EV2.0%7ErSGjhI3DMaaAASPrbQJYTg%7EtP4-l0lmSfjwLWEfK_el1vH_mv-s1zo4AQJwdedaVwG9xkuFTDg8J26cwOrNJzn20BErrHdLhuZ9EzLUCD3PMW-OMx4MGteHV2vLeW6BqoY%2CEND, From: subscribe, IPv_Type: ipv6, Location: 中国, ISP: 中国移动, Date: None, Delay: -1 ms, Speed: 0.00 M/s, Resolution: None
Name: 河北卫视, URL: http://[2409:8087:1a01:df::4035]:80/TVOD/88888888/224/3221225961/main.m3u8, From: subscribe, IPv_Type: ipv6, Location: 中国, ISP: 中国移动, Date: None, Delay: -1 ms, Speed: 0.00 M/s, Resolution: None
Name: 河北卫视, URL: http://[2409:8087:1a01:df::4077]/ottrrs.hl.chinamobile.com/PLTV/88888888/8/3221226406/index.m3u8, From: subscribe, IPv_Type: ipv6, Location: 中国, ISP: 中国移动, Date: None, Delay: -1 ms, Speed: 0.00 M/s, Resolution: None
Name: 河北卫视, URL: http://event.pull.hebtv.com/jishi/weishi_tingyun.m3u8, From: subscribe, IPv_Type: ipv6, Location: 中国, ISP: 中国电信, Date: None, Delay: -1 ms, Speed: 0.00 M/s, Resolution: None
Name: 河北卫视, URL: http://tvgslb.hn.chinamobile.com:8089/180000001002/00000001000000000016000000007223/main.m3u8?stbid=, From: subscribe, IPv_Type: ipv6, Location: 中国, ISP: 中国移动, Date: None, Delay: -1 ms, Speed: 0.00 M/s, Resolution: None
Name: 河北卫视, URL: http://hwltc.tv.cdn.zj.chinamobile.com/PLTV/88888888/224/3221236242/index.m3u8, From: subscribe, IPv_Type: ipv6, Location: 中国, ISP: 中国移动, Date: None, Delay: -1 ms, Speed: 0.00 M/s, Resolution: None
Name: 河北卫视, URL: http://ott.mobaibox.com/PLTV/3/224/3221228106/index.m3u8, From: subscribe, IPv_Type: ipv6, Location: 中国, ISP: 中国移动, Date: None, Delay: -1 ms, Speed: 0.00 M/s, Resolution: None
Name: 河北卫视, URL: http://hwottcdn.ln.chinamobile.com/PLTV/11/224/3221226163/index.m3u8, From: subscribe, IPv_Type: ipv6, Location: 中国, ISP: 中国移动, Date: None, Delay: -1 ms, Speed: 0.00 M/s, Resolution: None
Name: 河北卫视, URL: http://hwottcdn.ln.chinamobile.com/PLTV/11/224/3221226774/index.m3u8, From: subscribe, IPv_Type: ipv6, Location: 中国, ISP: 中国移动, Date: None, Delay: -1 ms, Speed: 0.00 M/s, Resolution: None
Name: 河北卫视, URL: http://rrs01.hw.gmcc.net:8088/PLTV/81/224/3221226684/1.m3u8, From: subscribe, IPv_Type: ipv6, Location: 中国, ISP: 中国移动, Date: None, Delay: -1 ms, Speed: 0.00 M/s, Resolution: None
Name: 河北卫视, URL: http://iptvrr.sh.chinamobile.com:6060/cms001/ch00000090990000001229/index.m3u8, From: subscribe, IPv_Type: ipv6, Location: 中国, ISP: 中国移动, Date: None, Delay: -1 ms, Speed: 0.00 M/s, Resolution: None
Name: 河北卫视, URL: http://hwottcdn.ln.chinamobile.com/PLTV/11/224/3221227408/index.m3u8, From: subscribe, IPv_Type: ipv6, Location: 中国, ISP: 中国移动, Date: None, Delay: -1 ms, Speed: 0.00 M/s, Resolution: None
Name: 河北卫视, URL: http://k.061899.xyz/k.php?id=hbws, From: subscribe, IPv_Type: ipv6, Location: 新加坡, ISP: Aceville Pte.Ltd., Date: None, Delay: -1 ms, Speed: 0.00 M/s, Resolution: None
Name: 河北卫视, URL: http://tvgslb.hn.chinamobile.com:8089/180000001002/00000000000000020000000000182263/main.m3u8?stbid=, From: subscribe, IPv_Type: ipv6, Location: 中国, ISP: 中国移动, Date: None, Delay: -1 ms, Speed: 0.00 M/s, Resolution: None
Name: 河北卫视, URL: http://rrs01.hw.gmcc.net:8088/PLTV/81/224/3221226665/1.m3u8, From: subscribe, IPv_Type: ipv6, Location: 中国, ISP: 中国移动, Date: None, Delay: -1 ms, Speed: 0.00 M/s, Resolution: None
Name: 河北卫视, URL: http://23.237.228.134/live8/hebei.m3u8, From: subscribe, IPv_Type: ipv4, Location: 北美地区, ISP: , Date: None, Delay: 600 ms, Speed: 4.99 M/s, Resolution: 1920x1080
Name: 河北卫视, URL: http://php.fjl626.cn/hebei.php?id=hbws, From: subscribe, IPv_Type: ipv4, Location: 中国-香港, ISP: Cloudie_Limited, Date: None, Delay: 422 ms, Speed: 0.02 M/s, Resolution: None
Name: 河南卫视, URL: http://tvpull.dxhmt.cn:9081/tv/11425-1.m3u8, From: subscribe, IPv_Type: ipv6, Location: 加拿大, ISP: , Date: None, Delay: -1 ms, Speed: 0.00 M/s, Resolution: None
Name: 河南卫视, URL: http://php.jdshipin.com/TVOD/hljyd.php?id=3221226480, From: subscribe, IPv_Type: ipv6, Location: 美国, ISP: CloudFlare Inc., Date: None, Delay: -1 ms, Speed: 0.00 M/s, Resolution: None
Name: 河南卫视, URL: http://z.b.bkpcp.top/m.php?id=hnws, From: subscribe, IPv_Type: ipv6, Location: 美国, ISP: CloudFlare Inc., Date: None, Delay: -1 ms, Speed: 0.00 M/s, Resolution: None
Name: 河南卫视, URL: http://j.x.bkpcp.top/jx/HENHD, From: subscribe, IPv_Type: ipv6, Location: 美国, ISP: CloudFlare Inc., Date: None, Delay: -1 ms, Speed: 0.00 M/s, Resolution: None
Name: 河南卫视, URL: http://3501776.xyz:35455/itv/1000000002000027731.m3u8?cdn=ystenlive, From: subscribe, IPv_Type: ipv6, Location: 美国, ISP: CloudFlare Inc., Date: None, Delay: -1 ms, Speed: 0.00 M/s, Resolution: None
Name: 河南卫视, URL: http://goo.bkpcp.top/mg/hnws, From: subscribe, IPv_Type: ipv6, Location: 美国, ISP: CloudFlare Inc., Date: None, Delay: -1 ms, Speed: 0.00 M/s, Resolution: None
Name: 河南卫视, URL: https://zby.130519.xyz/PLTV/11/224/3221226132/index.m3u8, From: subscribe, IPv_Type: ipv6, Location: 美国, ISP: CloudFlare Inc., Date: None, Delay: -1 ms, Speed: 0.00 M/s, Resolution: None
Name: 河南卫视, URL: https://migu.188766.xyz/?migutoken=b71ad9532f8185c6521e950ba19af799&id=%E6%B2%B3%E5%8D%97%E5%8D%AB%E8%A7%86%E9%AB%98%E6%B8%85&type=yy, From: subscribe, IPv_Type: ipv6, Location: 美国, ISP: CloudFlare Inc., Date: None, Delay: -1 ms, Speed: 0.00 M/s, Resolution: None
Name: 河南卫视, URL: http://[2409:8087:1a01:df::4077]/ottrrs.hl.chinamobile.com/PLTV/88888888/8/3221226480/index.m3u8, From: subscribe, IPv_Type: ipv6, Location: 中国, ISP: 中国移动, Date: None, Delay: -1 ms, Speed: 0.00 M/s, Resolution: None
Name: 河南卫视, URL: https://migu.188766.xyz/?migutoken=0d8736e634d8906784dd0d8359f2bb75&id=%E6%B2%B3%E5%8D%97%E5%8D%AB%E8%A7%86%E9%AB%98%E6%B8%85&type=yy, From: subscribe, IPv_Type: ipv6, Location: 美国, ISP: CloudFlare Inc., Date: None, Delay: -1 ms, Speed: 0.00 M/s, Resolution: None
Name: 河南卫视, URL: https://migu.188766.xyz/?migutoken=50bd7104defdd11a51037651417f5d83&id=%E6%B2%B3%E5%8D%97%E5%8D%AB%E8%A7%86%E9%AB%98%E6%B8%85&type=yy, From: subscribe, IPv_Type: ipv6, Location: 美国, ISP: CloudFlare Inc., Date: None, Delay: -1 ms, Speed: 0.00 M/s, Resolution: None
Name: 河南卫视, URL: https://migu.188766.xyz/?migutoken=8c44e01760f43e8008c7f29b0afcf0d6&id=%E6%B2%B3%E5%8D%97%E5%8D%AB%E8%A7%86%E9%AB%98%E6%B8%85&type=yy, From: subscribe, IPv_Type: ipv6, Location: 美国, ISP: CloudFlare Inc., Date: None, Delay: -1 ms, Speed: 0.00 M/s, Resolution: None
Name: 河南卫视, URL: https://migu.188766.xyz/?migutoken=c2bbf88c636aab7995bf7c7f34b82064&id=%E6%B2%B3%E5%8D%97%E5%8D%AB%E8%A7%86%E9%AB%98%E6%B8%85&type=yy, From: subscribe, IPv_Type: ipv6, Location: 美国, ISP: CloudFlare Inc., Date: None, Delay: -1 ms, Speed: 0.00 M/s, Resolution: None
Name: 河南卫视, URL: https://migu.188766.xyz/?migutoken=f6a9914d110fc4ae16a8358ef03f8d6c&id=%E6%B2%B3%E5%8D%97%E5%8D%AB%E8%A7%86%E9%AB%98%E6%B8%85&type=yy, From: subscribe, IPv_Type: ipv6, Location: 美国, ISP: CloudFlare Inc., Date: None, Delay: -1 ms, Speed: 0.00 M/s, Resolution: None
Name: 河南卫视, URL: https://migu.188766.xyz/?migutoken=f17a0f62f1dc795cff18d83f3b9994bc&id=%E6%B2%B3%E5%8D%97%E5%8D%AB%E8%A7%86%E9%AB%98%E6%B8%85&type=yy, From: subscribe, IPv_Type: ipv6, Location: 美国, ISP: CloudFlare Inc., Date: None, Delay: -1 ms, Speed: 0.00 M/s, Resolution: None
Name: 河南卫视, URL: https://migu.188766.xyz/?migutoken=6b175df78b7089b34b5ba35496f0e564&id=%E6%B2%B3%E5%8D%97%E5%8D%AB%E8%A7%86%E9%AB%98%E6%B8%85&type=yy, From: subscribe, IPv_Type: ipv6, Location: 美国, ISP: CloudFlare Inc., Date: None, Delay: -1 ms, Speed: 0.00 M/s, Resolution: None
Name: 河南卫视, URL: https://migu.188766.xyz/?migutoken=d05961f110af40876385590102a63908&id=%E6%B2%B3%E5%8D%97%E5%8D%AB%E8%A7%86%E9%AB%98%E6%B8%85&type=yy, From: subscribe, IPv_Type: ipv6, Location: 美国, ISP: CloudFlare Inc., Date: None, Delay: -1 ms, Speed: 0.00 M/s, Resolution: None
Name: 河南卫视, URL: https://migu.188766.xyz/?migutoken=c7e3be5370a5f2201040051ba1e0d230&id=%E6%B2%B3%E5%8D%97%E5%8D%AB%E8%A7%86%E9%AB%98%E6%B8%85&type=yy, From: subscribe, IPv_Type: ipv6, Location: 美国, ISP: CloudFlare Inc., Date: None, Delay: -1 ms, Speed: 0.00 M/s, Resolution: None
Name: 河南卫视, URL: https://migu.188766.xyz/?migutoken=a4049475e7c91d07daeaa53794b4687c&id=%E6%B2%B3%E5%8D%97%E5%8D%AB%E8%A7%86%E9%AB%98%E6%B8%85&type=yy, From: subscribe, IPv_Type: ipv6, Location: 美国, ISP: CloudFlare Inc., Date: None, Delay: -1 ms, Speed: 0.00 M/s, Resolution: None
Name: 河南卫视, URL: http://tvgslb.hn.chinamobile.com:8089/180000001002/00000000000000020000000000182260/main.m3u8?stbid=, From: subscribe, IPv_Type: ipv6, Location: 中国, ISP: 中国移动, Date: None, Delay: -1 ms, Speed: 0.00 M/s, Resolution: None
Name: 河南卫视, URL: http://iptvrr.sh.chinamobile.com:6060/cms001/ch00000090990000001222/index.m3u8, From: subscribe, IPv_Type: ipv6, Location: 中国, ISP: 中国移动, Date: None, Delay: -1 ms, Speed: 0.00 M/s, Resolution: None
Name: 河南卫视, URL: http://k.061899.xyz/k.php?id=hnws, From: subscribe, IPv_Type: ipv6, Location: 新加坡, ISP: Aceville Pte.Ltd., Date: None, Delay: -1 ms, Speed: 0.00 M/s, Resolution: None
Name: 河南卫视, URL: http://ott.mobaibox.com/PLTV/3/224/3221228221/index.m3u8, From: subscribe, IPv_Type: ipv6, Location: 中国, ISP: 中国移动, Date: None, Delay: -1 ms, Speed: 0.00 M/s, Resolution: None
Name: 河南卫视, URL: http://rrs01.hw.gmcc.net:8088/PLTV/81/224/3221226687/1.m3u8, From: subscribe, IPv_Type: ipv6, Location: 中国, ISP: 中国移动, Date: None, Delay: -1 ms, Speed: 0.00 M/s, Resolution: None
Name: 河南卫视, URL: http://hwottcdn.ln.chinamobile.com/PLTV/11/224/3221227353/index.m3u8, From: subscribe, IPv_Type: ipv6, Location: 中国, ISP: 中国移动, Date: None, Delay: -1 ms, Speed: 0.00 M/s, Resolution: None
Name: 河南卫视, URL: http://tvgslb.hn.chinamobile.com:8089/180000001002/00000001000000000057000000208264/main.m3u8?stbid=, From: subscribe, IPv_Type: ipv6, Location: 中国, ISP: 中国移动, Date: None, Delay: -1 ms, Speed: 0.00 M/s, Resolution: None
Name: 河南卫视, URL: http://rrs01.hw.gmcc.net:8088/PLTV/81/224/3221226668/1.m3u8, From: subscribe, IPv_Type: ipv6, Location: 中国, ISP: 中国移动, Date: None, Delay: -1 ms, Speed: 0.00 M/s, Resolution: None
Name: 河南卫视, URL: http://hwottcdn.ln.chinamobile.com/PLTV/11/224/3221226146/index.m3u8, From: subscribe, IPv_Type: ipv6, Location: 中国, ISP: 中国移动, Date: None, Delay: -1 ms, Speed: 0.00 M/s, Resolution: None
Name: 河南卫视, URL: http://hwottcdn.ln.chinamobile.com/PLTV/11/224/3221226791/index.m3u8, From: subscribe, IPv_Type: ipv6, Location: 中国, ISP: 中国移动, Date: None, Delay: -1 ms, Speed: 0.00 M/s, Resolution: None
Name: 河南卫视, URL: http://hwltc.tv.cdn.zj.chinamobile.com/PLTV/88888888/224/3221236218/index.m3u8, From: subscribe, IPv_Type: ipv6, Location: 中国, ISP: 中国移动, Date: None, Delay: -1 ms, Speed: 0.00 M/s, Resolution: None
Name: 河南卫视, URL: https://migu.188766.xyz/?migutoken=505cb6533306585b0798f35222d4185b&id=%E6%B2%B3%E5%8D%97%E5%8D%AB%E8%A7%86%E9%AB%98%E6%B8%85&type=yy, From: subscribe, IPv_Type: ipv6, Location: 美国, ISP: CloudFlare Inc., Date: None, Delay: -1 ms, Speed: 0.00 M/s, Resolution: None
Name: 河南卫视, URL: https://migu.188766.xyz/?migutoken=53afe195522c281fac5522fa37656673&id=%E6%B2%B3%E5%8D%97%E5%8D%AB%E8%A7%86%E9%AB%98%E6%B8%85&type=yy, From: subscribe, IPv_Type: ipv6, Location: 美国, ISP: CloudFlare Inc., Date: None, Delay: -1 ms, Speed: 0.00 M/s, Resolution: None
Name: 河南卫视, URL: https://migu.188766.xyz/?migutoken=6db074b5e44e861c1a060b7bd2371d20&id=%E6%B2%B3%E5%8D%97%E5%8D%AB%E8%A7%86%E9%AB%98%E6%B8%85&type=yy, From: subscribe, IPv_Type: ipv6, Location: 美国, ISP: CloudFlare Inc., Date: None, Delay: -1 ms, Speed: 0.00 M/s, Resolution: None
Name: 河南卫视, URL: https://migu.188766.xyz/?migutoken=1402e27d5f3ee21a6e3cbc53341956aa&id=%E6%B2%B3%E5%8D%97%E5%8D%AB%E8%A7%86%E9%AB%98%E6%B8%85&type=yy, From: subscribe, IPv_Type: ipv6, Location: 美国, ISP: CloudFlare Inc., Date: None, Delay: -1 ms, Speed: 0.00 M/s, Resolution: None
Name: 河南卫视, URL: https://migu.188766.xyz/?migutoken=b993023b91d55c4255f382e6777f144c&id=%E6%B2%B3%E5%8D%97%E5%8D%AB%E8%A7%86%E9%AB%98%E6%B8%85&type=yy, From: subscribe, IPv_Type: ipv6, Location: 美国, ISP: CloudFlare Inc., Date: None, Delay: -1 ms, Speed: 0.00 M/s, Resolution: None
Name: 河南卫视, URL: https://migu.188766.xyz/?migutoken=6eb70adf67f52c9b1c331d4301e3f1c5&id=%E6%B2%B3%E5%8D%97%E5%8D%AB%E8%A7%86%E9%AB%98%E6%B8%85&type=yy, From: subscribe, IPv_Type: ipv6, Location: 美国, ISP: CloudFlare Inc., Date: None, Delay: -1 ms, Speed: 0.00 M/s, Resolution: None
Name: 河南卫视, URL: https://migu.188766.xyz/?migutoken=a5e90e687b0771a3b383a9c2e0e3f5d9&id=%E6%B2%B3%E5%8D%97%E5%8D%AB%E8%A7%86%E9%AB%98%E6%B8%85&type=yy, From: subscribe, IPv_Type: ipv6, Location: 美国, ISP: CloudFlare Inc., Date: None, Delay: -1 ms, Speed: 0.00 M/s, Resolution: None
Name: 河南卫视, URL: https://migu.188766.xyz/?migutoken=348ede165e082801c132180c82f54a88&id=%E6%B2%B3%E5%8D%97%E5%8D%AB%E8%A7%86%E9%AB%98%E6%B8%85&type=yy, From: subscribe, IPv_Type: ipv6, Location: 美国, ISP: CloudFlare Inc., Date: None, Delay: -1 ms, Speed: 0.00 M/s, Resolution: None
Name: 河南卫视, URL: https://migu.188766.xyz/?migutoken=93bd8e7b4544acefb39c72bc0b9b624f&id=%E6%B2%B3%E5%8D%97%E5%8D%AB%E8%A7%86%E9%AB%98%E6%B8%85&type=yy, From: subscribe, IPv_Type: ipv6, Location: 美国, ISP: CloudFlare Inc., Date: None, Delay: -1 ms, Speed: 0.00 M/s, Resolution: None
Name: 河南卫视, URL: https://migu.188766.xyz/?migutoken=3b5a77125c189db7d96eef7233a4cb3d&id=%E6%B2%B3%E5%8D%97%E5%8D%AB%E8%A7%86%E9%AB%98%E6%B8%85&type=yy, From: subscribe, IPv_Type: ipv6, Location: 美国, ISP: CloudFlare Inc., Date: None, Delay: -1 ms, Speed: 0.00 M/s, Resolution: None
Name: 河南卫视, URL: https://migu.188766.xyz/?migutoken=4bc11db70071b10771b818c7e5e7fb63&id=%E6%B2%B3%E5%8D%97%E5%8D%AB%E8%A7%86%E9%AB%98%E6%B8%85&type=yy, From: subscribe, IPv_Type: ipv6, Location: 美国, ISP: CloudFlare Inc., Date: None, Delay: -1 ms, Speed: 0.00 M/s, Resolution: None
Name: 河南卫视, URL: https://migu.188766.xyz/?migutoken=c3287cfdcf6e95f732771ea5872fd9f1&id=%E6%B2%B3%E5%8D%97%E5%8D%AB%E8%A7%86%E9%AB%98%E6%B8%85&type=yy, From: subscribe, IPv_Type: ipv6, Location: 美国, ISP: CloudFlare Inc., Date: None, Delay: -1 ms, Speed: 0.00 M/s, Resolution: None
Name: 河南卫视, URL: https://migu.188766.xyz/?migutoken=f295fa124c7913e474e3b680e3d44657&id=%E6%B2%B3%E5%8D%97%E5%8D%AB%E8%A7%86%E9%AB%98%E6%B8%85&type=yy, From: subscribe, IPv_Type: ipv6, Location: 美国, ISP: CloudFlare Inc., Date: None, Delay: -1 ms, Speed: 0.00 M/s, Resolution: None
Name: 河南卫视, URL: https://migu.188766.xyz/?migutoken=6ecebbeec0e40e0ed874b58b12a040d4&id=%E6%B2%B3%E5%8D%97%E5%8D%AB%E8%A7%86%E9%AB%98%E6%B8%85&type=yy, From: subscribe, IPv_Type: ipv6, Location: 美国, ISP: CloudFlare Inc., Date: None, Delay: -1 ms, Speed: 0.00 M/s, Resolution: None
Name: 河南卫视, URL: https://migu.188766.xyz/?migutoken=468c66caa3a700fc254c30d65a1303a1&id=%E6%B2%B3%E5%8D%97%E5%8D%AB%E8%A7%86%E9%AB%98%E6%B8%85&type=yy, From: subscribe, IPv_Type: ipv6, Location: 美国, ISP: CloudFlare Inc., Date: None, Delay: -1 ms, Speed: 0.00 M/s, Resolution: None
Name: 河南卫视, URL: https://migu.188766.xyz/?migutoken=08e07168d00c07127e8c84a71aaea5f3&id=%E6%B2%B3%E5%8D%97%E5%8D%AB%E8%A7%86%E9%AB%98%E6%B8%85&type=yy, From: subscribe, IPv_Type: ipv6, Location: 美国, ISP: CloudFlare Inc., Date: None, Delay: -1 ms, Speed: 0.00 M/s, Resolution: None
Name: 河南卫视, URL: https://migu.188766.xyz/?migutoken=05f4e70c78817b762dc8a3078e05ae03&id=%E6%B2%B3%E5%8D%97%E5%8D%AB%E8%A7%86%E9%AB%98%E6%B8%85&type=yy, From: subscribe, IPv_Type: ipv6, Location: 美国, ISP: CloudFlare Inc., Date: None, Delay: -1 ms, Speed: 0.00 M/s, Resolution: None
Name: 河南卫视, URL: http://1.94.31.214/php/hntv.php?id=hnws, From: subscribe, IPv_Type: ipv4, Location: 中国-上海-上海, ISP: 华为云, Date: None, Delay: 46 ms, Speed: 15.35 M/s, Resolution: 1920x1080
Name: 河南卫视, URL: http://satellitepull.cnr.cn/live/wxhnws/playlist.m3u8, From: subscribe, IPv_Type: ipv4, Location: 美国-新泽西州-摩里斯, ISP: Linode, Date: None, Delay: 20 ms, Speed: 4.99 M/s, Resolution: None
Name: 吉林卫视, URL: http://php.jdshipin.com/TVOD/hnyd.php?id=200000001898/460000089800010075, From: subscribe, IPv_Type: ipv6, Location: 美国, ISP: CloudFlare Inc., Date: None, Delay: -1 ms, Speed: 0.00 M/s, Resolution: None
Name: 吉林卫视, URL: http://z.b.bkpcp.top/m.php?id=jlws, From: subscribe, IPv_Type: ipv6, Location: 美国, ISP: CloudFlare Inc., Date: None, Delay: -1 ms, Speed: 0.00 M/s, Resolution: None
Name: 吉林卫视, URL: http://j.x.bkpcp.top/jx/JILHD, From: subscribe, IPv_Type: ipv6, Location: 美国, ISP: CloudFlare Inc., Date: None, Delay: -1 ms, Speed: 0.00 M/s, Resolution: None
Name: 吉林卫视, URL: http://goo.bkpcp.top/mg/jlws, From: subscribe, IPv_Type: ipv6, Location: 美国, ISP: CloudFlare Inc., Date: None, Delay: -1 ms, Speed: 0.00 M/s, Resolution: None
Name: 吉林卫视, URL: https://zby.130519.xyz/PLTV/11/224/3221226149/index.m3u8, From: subscribe, IPv_Type: ipv6, Location: 美国, ISP: CloudFlare Inc., Date: None, Delay: -1 ms, Speed: 0.00 M/s, Resolution: None
Name: 吉林卫视, URL: https://migu.188766.xyz/?migutoken=daf5e6bbdf18f36c1df09634e91a9234&id=%E5%90%89%E6%9E%97%E5%8D%AB%E8%A7%86&type=yy, From: subscribe, IPv_Type: ipv6, Location: 美国, ISP: CloudFlare Inc., Date: None, Delay: -1 ms, Speed: 0.00 M/s, Resolution: None
Name: 吉林卫视, URL: https://iptv.catvod.com/live.php?id=%E5%90%89%E6%9E%97%E5%8D%AB%E8%A7%86%E5%8F%B0, From: subscribe, IPv_Type: ipv6, Location: 美国, ISP: CloudFlare Inc., Date: None, Delay: -1 ms, Speed: 0.00 M/s, Resolution: None
Name: 吉林卫视, URL: http://[2409:8087:8:21::18]:6610/otttv.bj.chinamobile.com/PLTV/88888888/224/3221227015/1.m3u8?GuardEncType=2&accountinfo=%7E%7EV2.0%7EW5-3AVdwD5KlUpuA4mz7Cg%7EtP4-l0lmSfjwLWEfK_el1vH_mv-s1zo4AQJwdedaVwG9xkuFTDg8J26cwOrNJzn20BErrHdLhuZ9EzLUCD3PMW-OMx4MGteHV2vLeW6BqoY%2CEND, From: subscribe, IPv_Type: ipv6, Location: 中国, ISP: 中国移动, Date: None, Delay: -1 ms, Speed: 0.00 M/s, Resolution: None
Name: 吉林卫视, URL: http://[2409:8087:1a01:df::4077]/ottrrs.hl.chinamobile.com/PLTV/88888888/8/3221226397/index.m3u8, From: subscribe, IPv_Type: ipv6, Location: 中国, ISP: 中国移动, Date: None, Delay: -1 ms, Speed: 0.00 M/s, Resolution: None
Name: 吉林卫视, URL: https://migu.188766.xyz/?migutoken=10b15a4c4e578031f83bd4ad48f66448&id=%E5%90%89%E6%9E%97%E5%8D%AB%E8%A7%86&type=yy, From: subscribe, IPv_Type: ipv6, Location: 美国, ISP: CloudFlare Inc., Date: None, Delay: -1 ms, Speed: 0.00 M/s, Resolution: None
Name: 吉林卫视, URL: https://migu.188766.xyz/?migutoken=50cc84b6c4f44b7b3161066590a6fbc6&id=%E5%90%89%E6%9E%97%E5%8D%AB%E8%A7%86&type=yy, From: subscribe, IPv_Type: ipv6, Location: 美国, ISP: CloudFlare Inc., Date: None, Delay: -1 ms, Speed: 0.00 M/s, Resolution: None
Name: 吉林卫视, URL: https://migu.188766.xyz/?migutoken=7d85cb59223d5b290f38a603ccb9dacb&id=%E5%90%89%E6%9E%97%E5%8D%AB%E8%A7%86&type=yy, From: subscribe, IPv_Type: ipv6, Location: 美国, ISP: CloudFlare Inc., Date: None, Delay: -1 ms, Speed: 0.00 M/s, Resolution: None
Name: 吉林卫视, URL: https://migu.188766.xyz/?migutoken=8c46445da3bc651a4bf1150c685be614&id=%E5%90%89%E6%9E%97%E5%8D%AB%E8%A7%86&type=yy, From: subscribe, IPv_Type: ipv6, Location: 美国, ISP: CloudFlare Inc., Date: None, Delay: -1 ms, Speed: 0.00 M/s, Resolution: None
Name: 吉林卫视, URL: https://migu.188766.xyz/?migutoken=5dca455deadf4fdeae5885c1b5adf1f0&id=%E5%90%89%E6%9E%97%E5%8D%AB%E8%A7%86&type=yy, From: subscribe, IPv_Type: ipv6, Location: 美国, ISP: CloudFlare Inc., Date: None, Delay: -1 ms, Speed: 0.00 M/s, Resolution: None
Name: 吉林卫视, URL: https://iptv.catvod.com/live.php?id=%E5%90%89%E6%9E%97%E5%8D%AB%E8%A7%86, From: subscribe, IPv_Type: ipv6, Location: 美国, ISP: CloudFlare Inc., Date: None, Delay: -1 ms, Speed: 0.00 M/s, Resolution: None
Name: 吉林卫视, URL: https://migu.188766.xyz/?migutoken=c98da3686e21d6f58a0f353fd01a45c0&id=%E5%90%89%E6%9E%97%E5%8D%AB%E8%A7%86&type=yy, From: subscribe, IPv_Type: ipv6, Location: 美国, ISP: CloudFlare Inc., Date: None, Delay: -1 ms, Speed: 0.00 M/s, Resolution: None
Name: 吉林卫视, URL: https://migu.188766.xyz/?migutoken=a9010441179c241d9edfff3eefe23c08&id=%E5%90%89%E6%9E%97%E5%8D%AB%E8%A7%86&type=yy, From: subscribe, IPv_Type: ipv6, Location: 美国, ISP: CloudFlare Inc., Date: None, Delay: -1 ms, Speed: 0.00 M/s, Resolution: None
Name: 吉林卫视, URL: https://migu.188766.xyz/?migutoken=eea5d3296b3ec6f0149fcbe99f0dccf8&id=%E5%90%89%E6%9E%97%E5%8D%AB%E8%A7%86&type=yy, From: subscribe, IPv_Type: ipv6, Location: 美国, ISP: CloudFlare Inc., Date: None, Delay: -1 ms, Speed: 0.00 M/s, Resolution: None
Name: 吉林卫视, URL: https://migu.188766.xyz/?migutoken=ae8675389a4b126102c9f3497ee6fe32&id=%E5%90%89%E6%9E%97%E5%8D%AB%E8%A7%86&type=yy, From: subscribe, IPv_Type: ipv6, Location: 美国, ISP: CloudFlare Inc., Date: None, Delay: -1 ms, Speed: 0.00 M/s, Resolution: None
Name: 吉林卫视, URL: https://migu.188766.xyz/?migutoken=591d9ec92f8116c78d8b2253ddc262be&id=%E5%90%89%E6%9E%97%E5%8D%AB%E8%A7%86&type=yy, From: subscribe, IPv_Type: ipv6, Location: 美国, ISP: CloudFlare Inc., Date: None, Delay: -1 ms, Speed: 0.00 M/s, Resolution: None
Name: 吉林卫视, URL: http://ott.mobaibox.com/PLTV/3/224/3221228130/index.m3u8, From: subscribe, IPv_Type: ipv6, Location: 中国, ISP: 中国移动, Date: None, Delay: -1 ms, Speed: 0.00 M/s, Resolution: None
Name: 吉林卫视, URL: http://rrs01.hw.gmcc.net:8088/PLTV/81/224/3221226671/1.m3u8, From: subscribe, IPv_Type: ipv6, Location: 中国, ISP: 中国移动, Date: None, Delay: -1 ms, Speed: 0.00 M/s, Resolution: None
Name: 吉林卫视, URL: http://k.061899.xyz/k.php?id=jlws, From: subscribe, IPv_Type: ipv6, Location: 新加坡, ISP: Aceville Pte.Ltd., Date: None, Delay: -1 ms, Speed: 0.00 M/s, Resolution: None
Name: 吉林卫视, URL: http://tvgslb.hn.chinamobile.com:8089/180000001002/00000001000000000057000000208223/main.m3u8?stbid=, From: subscribe, IPv_Type: ipv6, Location: 中国, ISP: 中国移动, Date: None, Delay: -1 ms, Speed: 0.00 M/s, Resolution: None
Name: 吉林卫视, URL: http://iptvrr.sh.chinamobile.com:6060/cms001/ch00000090990000001225/index.m3u8, From: subscribe, IPv_Type: ipv6, Location: 中国, ISP: 中国移动, Date: None, Delay: -1 ms, Speed: 0.00 M/s, Resolution: None
Name: 吉林卫视, URL: http://hwltc.tv.cdn.zj.chinamobile.com/PLTV/88888888/224/3221236268/index.m3u8, From: subscribe, IPv_Type: ipv6, Location: 中国, ISP: 中国移动, Date: None, Delay: -1 ms, Speed: 0.00 M/s, Resolution: None
Name: 吉林卫视, URL: http://hwottcdn.ln.chinamobile.com/PLTV/11/224/3221226159/index.m3u8, From: subscribe, IPv_Type: ipv6, Location: 中国, ISP: 中国移动, Date: None, Delay: -1 ms, Speed: 0.00 M/s, Resolution: None
Name: 吉林卫视, URL: http://hwottcdn.ln.chinamobile.com/PLTV/11/224/3221227310/index.m3u8, From: subscribe, IPv_Type: ipv6, Location: 中国, ISP: 中国移动, Date: None, Delay: -1 ms, Speed: 0.00 M/s, Resolution: None
Name: 吉林卫视, URL: http://hwottcdn.ln.chinamobile.com/PLTV/11/224/3221227163/index.m3u8, From: subscribe, IPv_Type: ipv6, Location: 中国, ISP: 中国移动, Date: None, Delay: -1 ms, Speed: 0.00 M/s, Resolution: None
Name: 吉林卫视, URL: http://tvgslb.hn.chinamobile.com:8089/180000001002/00000000000000020000000000182264/main.m3u8?stbid=, From: subscribe, IPv_Type: ipv6, Location: 中国, ISP: 中国移动, Date: None, Delay: -1 ms, Speed: 0.00 M/s, Resolution: None
Name: 吉林卫视, URL: https://migu.188766.xyz/?migutoken=cf7cbd744afa6d6bf16456577057adee&id=%E5%90%89%E6%9E%97%E5%8D%AB%E8%A7%86&type=yy, From: subscribe, IPv_Type: ipv6, Location: 美国, ISP: CloudFlare Inc., Date: None, Delay: -1 ms, Speed: 0.00 M/s, Resolution: None
Name: 吉林卫视, URL: https://migu.188766.xyz/?migutoken=a0ff3339a4dd1d67b67a82af6c10e045&id=%E5%90%89%E6%9E%97%E5%8D%AB%E8%A7%86&type=yy, From: subscribe, IPv_Type: ipv6, Location: 美国, ISP: CloudFlare Inc., Date: None, Delay: -1 ms, Speed: 0.00 M/s, Resolution: None
Name: 吉林卫视, URL: https://migu.188766.xyz/?migutoken=4b4b4ce8cab12574d5221e283ee63893&id=%E5%90%89%E6%9E%97%E5%8D%AB%E8%A7%86&type=yy, From: subscribe, IPv_Type: ipv6, Location: 美国, ISP: CloudFlare Inc., Date: None, Delay: -1 ms, Speed: 0.00 M/s, Resolution: None
Name: 吉林卫视, URL: https://migu.188766.xyz/?migutoken=aeb846e64fe5bb038353fa9ff13f1edd&id=%E5%90%89%E6%9E%97%E5%8D%AB%E8%A7%86&type=yy, From: subscribe, IPv_Type: ipv6, Location: 美国, ISP: CloudFlare Inc., Date: None, Delay: -1 ms, Speed: 0.00 M/s, Resolution: None
Name: 吉林卫视, URL: https://migu.188766.xyz/?migutoken=c148374ec4a499cbe1e1d697b70a7b00&id=%E5%90%89%E6%9E%97%E5%8D%AB%E8%A7%86&type=yy, From: subscribe, IPv_Type: ipv6, Location: 美国, ISP: CloudFlare Inc., Date: None, Delay: -1 ms, Speed: 0.00 M/s, Resolution: None
Name: 吉林卫视, URL: https://migu.188766.xyz/?migutoken=72de2bce525ce45747ebc9b62f6622c1&id=%E5%90%89%E6%9E%97%E5%8D%AB%E8%A7%86&type=yy, From: subscribe, IPv_Type: ipv6, Location: 美国, ISP: CloudFlare Inc., Date: None, Delay: -1 ms, Speed: 0.00 M/s, Resolution: None
Name: 吉林卫视, URL: https://migu.188766.xyz/?migutoken=f0b6f392a48f76371ad30c1ab4fca301&id=%E5%90%89%E6%9E%97%E5%8D%AB%E8%A7%86&type=yy, From: subscribe, IPv_Type: ipv6, Location: 美国, ISP: CloudFlare Inc., Date: None, Delay: -1 ms, Speed: 0.00 M/s, Resolution: None
Name: 吉林卫视, URL: https://migu.188766.xyz/?migutoken=f94424924a14bf318ae6094114ea2bd7&id=%E5%90%89%E6%9E%97%E5%8D%AB%E8%A7%86&type=yy, From: subscribe, IPv_Type: ipv6, Location: 美国, ISP: CloudFlare Inc., Date: None, Delay: -1 ms, Speed: 0.00 M/s, Resolution: None
Name: 吉林卫视, URL: https://migu.188766.xyz/?migutoken=72d97b55ca5d208b987de31a62e8ebc6&id=%E5%90%89%E6%9E%97%E5%8D%AB%E8%A7%86&type=yy, From: subscribe, IPv_Type: ipv6, Location: 美国, ISP: CloudFlare Inc., Date: None, Delay: -1 ms, Speed: 0.00 M/s, Resolution: None
Name: 吉林卫视, URL: https://migu.188766.xyz/?migutoken=9d4c511803803143e77b643e188e40cc&id=%E5%90%89%E6%9E%97%E5%8D%AB%E8%A7%86&type=yy, From: subscribe, IPv_Type: ipv6, Location: 美国, ISP: CloudFlare Inc., Date: None, Delay: -1 ms, Speed: 0.00 M/s, Resolution: None
Name: 吉林卫视, URL: https://migu.188766.xyz/?migutoken=5aea389f14cbcd3e41da9e0bbe2ccfb1&id=%E5%90%89%E6%9E%97%E5%8D%AB%E8%A7%86&type=yy, From: subscribe, IPv_Type: ipv6, Location: 美国, ISP: CloudFlare Inc., Date: None, Delay: -1 ms, Speed: 0.00 M/s, Resolution: None
Name: 吉林卫视, URL: https://migu.188766.xyz/?migutoken=4d27a5db32c9f316616c47b7f072baaf&id=%E5%90%89%E6%9E%97%E5%8D%AB%E8%A7%86&type=yy, From: subscribe, IPv_Type: ipv6, Location: 美国, ISP: CloudFlare Inc., Date: None, Delay: -1 ms, Speed: 0.00 M/s, Resolution: None
Name: 吉林卫视, URL: https://migu.188766.xyz/?migutoken=36d81c9be1230a300f63df815e6b733c&id=%E5%90%89%E6%9E%97%E5%8D%AB%E8%A7%86&type=yy, From: subscribe, IPv_Type: ipv6, Location: 美国, ISP: CloudFlare Inc., Date: None, Delay: -1 ms, Speed: 0.00 M/s, Resolution: None
Name: 吉林卫视, URL: https://migu.188766.xyz/?migutoken=2479c3a3eae2513033f98116e2f97f26&id=%E5%90%89%E6%9E%97%E5%8D%AB%E8%A7%86&type=yy, From: subscribe, IPv_Type: ipv6, Location: 美国, ISP: CloudFlare Inc., Date: None, Delay: -1 ms, Speed: 0.00 M/s, Resolution: None
Name: 吉林卫视, URL: https://migu.188766.xyz/?migutoken=a9b0729208a419e095ffc2ed25883def&id=%E5%90%89%E6%9E%97%E5%8D%AB%E8%A7%86&type=yy, From: subscribe, IPv_Type: ipv6, Location: 美国, ISP: CloudFlare Inc., Date: None, Delay: -1 ms, Speed: 0.00 M/s, Resolution: None
Name: 吉林卫视, URL: https://migu.188766.xyz/?migutoken=1d9728bd34fb699dc1cd15b383c98d26&id=%E5%90%89%E6%9E%97%E5%8D%AB%E8%A7%86&type=yy, From: subscribe, IPv_Type: ipv6, Location: 美国, ISP: CloudFlare Inc., Date: None, Delay: -1 ms, Speed: 0.00 M/s, Resolution: None
Name: 吉林卫视, URL: https://migu.188766.xyz/?migutoken=63b95d9af73176381b8d9b0020931587&id=%E5%90%89%E6%9E%97%E5%8D%AB%E8%A7%86&type=yy, From: subscribe, IPv_Type: ipv6, Location: 美国, ISP: CloudFlare Inc., Date: None, Delay: -1 ms, Speed: 0.00 M/s, Resolution: None
Name: 吉林卫视, URL: http://38.75.136.137:98/gslb/dsdqpub/jlwshd.m3u8?auth=testpub, From: subscribe, IPv_Type: ipv4, Location: 美国-伊利诺伊州-库克, ISP: Cogent, Date: None, Delay: 412 ms, Speed: 12.62 M/s, Resolution: 1920x1080
Name: 吉林卫视, URL: http://satellitepull.cnr.cn/live/wxjlws/playlist.m3u8, From: subscribe, IPv_Type: ipv4, Location: 美国-新泽西州-摩里斯, ISP: Linode, Date: None, Delay: 18 ms, Speed: 5.32 M/s, Resolution: None
Name: 吉林卫视, URL: http://23.237.228.134/live8/jilin.m3u8, From: subscribe, IPv_Type: ipv4, Location: 北美地区, ISP: , Date: None, Delay: 561 ms, Speed: 3.08 M/s, Resolution: 1920x1080
Name: 江苏卫视, URL: http://php.jdshipin.com/TVOD/hnyd.php?id=200000001898/460000089800010059, From: subscribe, IPv_Type: ipv6, Location: 美国, ISP: CloudFlare Inc., Date: None, Delay: -1 ms, Speed: 0.00 M/s, Resolution: None
Name: 江苏卫视, URL: http://z.b.bkpcp.top/m.php?id=jsws, From: subscribe, IPv_Type: ipv6, Location: 美国, ISP: CloudFlare Inc., Date: None, Delay: -1 ms, Speed: 0.00 M/s, Resolution: None
Name: 江苏卫视, URL: http://3501776.xyz:35455/itv/1000000005000265030.m3u8?cdn=ystenlive, From: subscribe, IPv_Type: ipv6, Location: 美国, ISP: CloudFlare Inc., Date: None, Delay: -1 ms, Speed: 0.00 M/s, Resolution: None
Name: 江苏卫视, URL: http://goo.bkpcp.top/mg/jsws, From: subscribe, IPv_Type: ipv6, Location: 美国, ISP: CloudFlare Inc., Date: None, Delay: -1 ms, Speed: 0.00 M/s, Resolution: None
Name: 江苏卫视, URL: http://iptv.huuc.edu.cn/hls/jshd.m3u8, From: subscribe, IPv_Type: ipv6, Location: 中国, ISP: 教育网, Date: None, Delay: -1 ms, Speed: 0.00 M/s, Resolution: None
Name: 江苏卫视, URL: https://zby.130519.xyz/PLTV/11/224/3221225720/index.m3u8, From: subscribe, IPv_Type: ipv6, Location: 美国, ISP: CloudFlare Inc., Date: None, Delay: -1 ms, Speed: 0.00 M/s, Resolution: None
Name: 江苏卫视, URL: https://migu.188766.xyz/?migutoken=bb57257901e893cb075485be3eadca6b&id=%E6%B1%9F%E8%8B%8F%E5%8D%AB%E8%A7%86&type=yy, From: subscribe, IPv_Type: ipv6, Location: 美国, ISP: CloudFlare Inc., Date: None, Delay: -1 ms, Speed: 0.00 M/s, Resolution: None
Name: 江苏卫视, URL: https://iptv.catvod.com/live.php?id=%E6%B1%9F%E8%8B%8F%E5%8D%AB%E8%A7%86%E5%8F%B0, From: subscribe, IPv_Type: ipv6, Location: 美国, ISP: CloudFlare Inc., Date: None, Delay: -1 ms, Speed: 0.00 M/s, Resolution: None
Name: 江苏卫视, URL: http://[2409:8087:8:21::18]:6610/otttv.bj.chinamobile.com/PLTV/88888888/224/3221226897/1.m3u8?GuardEncType=2&accountinfo=%7E%7EV2.0%7E0BmO6uHF7WFoTed__Xr3NQ%7EtP4-l0lmSfjwLWEfK_el1vH_mv-s1zo4AQJwdedaVwG9xkuFTDg8J26cwOrNJzn20BErrHdLhuZ9EzLUCD3PMW-OMx4MGteHV2vLeW6BqoY%2CEND, From: subscribe, IPv_Type: ipv6, Location: 中国, ISP: 中国移动, Date: None, Delay: -1 ms, Speed: 0.00 M/s, Resolution: None
Name: 江苏卫视, URL: http://[2409:8087:1a01:df::4077]/ottrrs.hl.chinamobile.com/PLTV/88888888/8/3221226310/index.m3u8, From: subscribe, IPv_Type: ipv6, Location: 中国, ISP: 中国移动, Date: None, Delay: -1 ms, Speed: 0.00 M/s, Resolution: None
Name: 江苏卫视, URL: https://migu.188766.xyz/?migutoken=2e0e62cb2236cfe129b7bdad12ead239&id=%E6%B1%9F%E8%8B%8F%E5%8D%AB%E8%A7%86&type=yy, From: subscribe, IPv_Type: ipv6, Location: 美国, ISP: CloudFlare Inc., Date: None, Delay: -1 ms, Speed: 0.00 M/s, Resolution: None
Name: 江苏卫视, URL: https://migu.188766.xyz/?migutoken=2556c381b5cfdfbd0a90454bb0c5672a&id=%E6%B1%9F%E8%8B%8F%E5%8D%AB%E8%A7%86&type=yy, From: subscribe, IPv_Type: ipv6, Location: 美国, ISP: CloudFlare Inc., Date: None, Delay: -1 ms, Speed: 0.00 M/s, Resolution: None
Name: 江苏卫视, URL: https://migu.188766.xyz/?migutoken=fd64baa1838b012f4fd200184647e36f&id=%E6%B1%9F%E8%8B%8F%E5%8D%AB%E8%A7%86&type=yy, From: subscribe, IPv_Type: ipv6, Location: 美国, ISP: CloudFlare Inc., Date: None, Delay: -1 ms, Speed: 0.00 M/s, Resolution: None
Name: 江苏卫视, URL: https://migu.188766.xyz/?migutoken=cb45ad5f5351ee2345c85b35b459c350&id=%E6%B1%9F%E8%8B%8F%E5%8D%AB%E8%A7%86&type=yy, From: subscribe, IPv_Type: ipv6, Location: 美国, ISP: CloudFlare Inc., Date: None, Delay: -1 ms, Speed: 0.00 M/s, Resolution: None
Name: 江苏卫视, URL: https://migu.188766.xyz/?migutoken=05141b2fbcc05b80e38abf7bd3214503&id=%E6%B1%9F%E8%8B%8F%E5%8D%AB%E8%A7%86&type=yy, From: subscribe, IPv_Type: ipv6, Location: 美国, ISP: CloudFlare Inc., Date: None, Delay: -1 ms, Speed: 0.00 M/s, Resolution: None
Name: 江苏卫视, URL: https://migu.188766.xyz/?migutoken=8e66dd8e70fec45209f2cc4d1f400291&id=%E6%B1%9F%E8%8B%8F%E5%8D%AB%E8%A7%86&type=yy, From: subscribe, IPv_Type: ipv6, Location: 美国, ISP: CloudFlare Inc., Date: None, Delay: -1 ms, Speed: 0.00 M/s, Resolution: None
Name: 江苏卫视, URL: https://migu.188766.xyz/?migutoken=0f877f215fb87097652cf0293f01e0c9&id=%E6%B1%9F%E8%8B%8F%E5%8D%AB%E8%A7%86&type=yy, From: subscribe, IPv_Type: ipv6, Location: 美国, ISP: CloudFlare Inc., Date: None, Delay: -1 ms, Speed: 0.00 M/s, Resolution: None
Name: 江苏卫视, URL: https://migu.188766.xyz/?migutoken=fbacec3f235e1aae9cbd63d229996b53&id=%E6%B1%9F%E8%8B%8F%E5%8D%AB%E8%A7%86&type=yy, From: subscribe, IPv_Type: ipv6, Location: 美国, ISP: CloudFlare Inc., Date: None, Delay: -1 ms, Speed: 0.00 M/s, Resolution: None
Name: 江苏卫视, URL: https://migu.188766.xyz/?migutoken=1951e3f9d28445aab3bfdbfb40fc2f4e&id=%E6%B1%9F%E8%8B%8F%E5%8D%AB%E8%A7%86&type=yy, From: subscribe, IPv_Type: ipv6, Location: 美国, ISP: CloudFlare Inc., Date: None, Delay: -1 ms, Speed: 0.00 M/s, Resolution: None
Name: 江苏卫视, URL: https://migu.188766.xyz/?migutoken=1182393f43784024d41e526b6d500511&id=%E6%B1%9F%E8%8B%8F%E5%8D%AB%E8%A7%86&type=yy, From: subscribe, IPv_Type: ipv6, Location: 美国, ISP: CloudFlare Inc., Date: None, Delay: -1 ms, Speed: 0.00 M/s, Resolution: None
Name: 江苏卫视, URL: http://hwottcdn.ln.chinamobile.com/PLTV/11/224/3221226781/index.m3u8, From: subscribe, IPv_Type: ipv6, Location: 中国, ISP: 中国移动, Date: None, Delay: -1 ms, Speed: 0.00 M/s, Resolution: None
Name: 江苏卫视, URL: http://hwottcdn.ln.chinamobile.com/PLTV/11/224/3221226143/index.m3u8, From: subscribe, IPv_Type: ipv6, Location: 中国, ISP: 中国移动, Date: None, Delay: -1 ms, Speed: 0.00 M/s, Resolution: None
Name: 江苏卫视, URL: http://iptvrr.sh.chinamobile.com:6060/cms001/ch00000090990000001033/index.m3u8, From: subscribe, IPv_Type: ipv6, Location: 中国, ISP: 中国移动, Date: None, Delay: -1 ms, Speed: 0.00 M/s, Resolution: None
Name: 江苏卫视, URL: http://k.061899.xyz/k.php?id=jsws, From: subscribe, IPv_Type: ipv6, Location: 新加坡, ISP: Aceville Pte.Ltd., Date: None, Delay: -1 ms, Speed: 0.00 M/s, Resolution: None
Name: 江苏卫视, URL: http://tvgslb.hn.chinamobile.com:8089/180000001002/00000001000000000099000000197694/main.m3u8?stbid=, From: subscribe, IPv_Type: ipv6, Location: 中国, ISP: 中国移动, Date: None, Delay: -1 ms, Speed: 0.00 M/s, Resolution: None
Name: 江苏卫视, URL: http://hwltc.tv.cdn.zj.chinamobile.com/PLTV/88888888/224/3221236221/index.m3u8, From: subscribe, IPv_Type: ipv6, Location: 中国, ISP: 中国移动, Date: None, Delay: -1 ms, Speed: 0.00 M/s, Resolution: None
Name: 江苏卫视, URL: http://tvgslb.hn.chinamobile.com:8089/180000001002/00000000000000020000000000182569/main.m3u8?stbid=, From: subscribe, IPv_Type: ipv6, Location: 中国, ISP: 中国移动, Date: None, Delay: -1 ms, Speed: 0.00 M/s, Resolution: None
Name: 江苏卫视, URL: http://hwottcdn.ln.chinamobile.com/PLTV/11/224/3221226902/index.m3u8, From: subscribe, IPv_Type: ipv6, Location: 中国, ISP: 中国移动, Date: None, Delay: -1 ms, Speed: 0.00 M/s, Resolution: None
Name: 江苏卫视, URL: http://hwottcdn.ln.chinamobile.com/PLTV/11/224/3221226672/index.m3u8, From: subscribe, IPv_Type: ipv6, Location: 中国, ISP: 中国移动, Date: None, Delay: -1 ms, Speed: 0.00 M/s, Resolution: None
Name: 江苏卫视, URL: http://hwottcdn.ln.chinamobile.com/PLTV/11/224/3221226160/index.m3u8, From: subscribe, IPv_Type: ipv6, Location: 中国, ISP: 中国移动, Date: None, Delay: -1 ms, Speed: 0.00 M/s, Resolution: None
Name: 江苏卫视, URL: http://rrs01.hw.gmcc.net:8088/PLTV/81/224/3221226692/1.m3u8, From: subscribe, IPv_Type: ipv6, Location: 中国, ISP: 中国移动, Date: None, Delay: -1 ms, Speed: 0.00 M/s, Resolution: None
Name: 江苏卫视, URL: http://ott.mobaibox.com/PLTV/3/224/3221228097/index.m3u8, From: subscribe, IPv_Type: ipv6, Location: 中国, ISP: 中国移动, Date: None, Delay: -1 ms, Speed: 0.00 M/s, Resolution: None
Name: 江苏卫视, URL: http://hwottcdn.ln.chinamobile.com/PLTV/11/224/3221227303/index.m3u8, From: subscribe, IPv_Type: ipv6, Location: 中国, ISP: 中国移动, Date: None, Delay: -1 ms, Speed: 0.00 M/s, Resolution: None
Name: 江苏卫视, URL: https://migu.188766.xyz/?migutoken=4e6d72bb411418cd63d92cad785e0f89&id=%E6%B1%9F%E8%8B%8F%E5%8D%AB%E8%A7%86&type=yy, From: subscribe, IPv_Type: ipv6, Location: 美国, ISP: CloudFlare Inc., Date: None, Delay: -1 ms, Speed: 0.00 M/s, Resolution: None
Name: 江苏卫视, URL: https://migu.188766.xyz/?migutoken=140fb5bc4277d24cc79863ea4ae4ee47&id=%E6%B1%9F%E8%8B%8F%E5%8D%AB%E8%A7%86&type=yy, From: subscribe, IPv_Type: ipv6, Location: 美国, ISP: CloudFlare Inc., Date: None, Delay: -1 ms, Speed: 0.00 M/s, Resolution: None
Name: 江苏卫视, URL: https://migu.188766.xyz/?migutoken=1a72612c470c9ea498cc41956e652be2&id=%E6%B1%9F%E8%8B%8F%E5%8D%AB%E8%A7%86&type=yy, From: subscribe, IPv_Type: ipv6, Location: 美国, ISP: CloudFlare Inc., Date: None, Delay: -1 ms, Speed: 0.00 M/s, Resolution: None
Name: 江苏卫视, URL: https://migu.188766.xyz/?migutoken=3013f9f084d76feed55f525f5eed2d2e&id=%E6%B1%9F%E8%8B%8F%E5%8D%AB%E8%A7%86&type=yy, From: subscribe, IPv_Type: ipv6, Location: 美国, ISP: CloudFlare Inc., Date: None, Delay: -1 ms, Speed: 0.00 M/s, Resolution: None
Name: 江苏卫视, URL: https://migu.188766.xyz/?migutoken=18a688a655dd03509424137a6979a8f3&id=%E6%B1%9F%E8%8B%8F%E5%8D%AB%E8%A7%86&type=yy, From: subscribe, IPv_Type: ipv6, Location: 美国, ISP: CloudFlare Inc., Date: None, Delay: -1 ms, Speed: 0.00 M/s, Resolution: None
Name: 江苏卫视, URL: https://migu.188766.xyz/?migutoken=bfdb8c28c2b8eb3beb2f31a51e341896&id=%E6%B1%9F%E8%8B%8F%E5%8D%AB%E8%A7%86&type=yy, From: subscribe, IPv_Type: ipv6, Location: 美国, ISP: CloudFlare Inc., Date: None, Delay: -1 ms, Speed: 0.00 M/s, Resolution: None
Name: 江苏卫视, URL: https://migu.188766.xyz/?migutoken=7188277c41298adc8d158152f79d5ee1&id=%E6%B1%9F%E8%8B%8F%E5%8D%AB%E8%A7%86&type=yy, From: subscribe, IPv_Type: ipv6, Location: 美国, ISP: CloudFlare Inc., Date: None, Delay: -1 ms, Speed: 0.00 M/s, Resolution: None
Name: 江苏卫视, URL: https://migu.188766.xyz/?migutoken=e02ffc9d5a08d0b21ed620c8ce0da9ba&id=%E6%B1%9F%E8%8B%8F%E5%8D%AB%E8%A7%86&type=yy, From: subscribe, IPv_Type: ipv6, Location: 美国, ISP: CloudFlare Inc., Date: None, Delay: -1 ms, Speed: 0.00 M/s, Resolution: None
Name: 江苏卫视, URL: https://migu.188766.xyz/?migutoken=ef63a7c2a0fc825feee538b99d5859d2&id=%E6%B1%9F%E8%8B%8F%E5%8D%AB%E8%A7%86&type=yy, From: subscribe, IPv_Type: ipv6, Location: 美国, ISP: CloudFlare Inc., Date: None, Delay: -1 ms, Speed: 0.00 M/s, Resolution: None
Name: 江苏卫视, URL: https://migu.188766.xyz/?migutoken=5588b23af2abc00d04c166e86d83e2d7&id=%E6%B1%9F%E8%8B%8F%E5%8D%AB%E8%A7%86&type=yy, From: subscribe, IPv_Type: ipv6, Location: 美国, ISP: CloudFlare Inc., Date: None, Delay: -1 ms, Speed: 0.00 M/s, Resolution: None
Name: 江苏卫视, URL: https://migu.188766.xyz/?migutoken=0e360ac712387d55d7de0f5ba22fc3b8&id=%E6%B1%9F%E8%8B%8F%E5%8D%AB%E8%A7%86&type=yy, From: subscribe, IPv_Type: ipv6, Location: 美国, ISP: CloudFlare Inc., Date: None, Delay: -1 ms, Speed: 0.00 M/s, Resolution: None
Name: 江苏卫视, URL: https://migu.188766.xyz/?migutoken=2db6fb2c19f6fb3c1d0d324e3fe07ca7&id=%E6%B1%9F%E8%8B%8F%E5%8D%AB%E8%A7%86&type=yy, From: subscribe, IPv_Type: ipv6, Location: 美国, ISP: CloudFlare Inc., Date: None, Delay: -1 ms, Speed: 0.00 M/s, Resolution: None
Name: 江苏卫视, URL: https://migu.188766.xyz/?migutoken=e766720d05cce476089fd8ef2ed9bae7&id=%E6%B1%9F%E8%8B%8F%E5%8D%AB%E8%A7%86&type=yy, From: subscribe, IPv_Type: ipv6, Location: 美国, ISP: CloudFlare Inc., Date: None, Delay: -1 ms, Speed: 0.00 M/s, Resolution: None
Name: 江苏卫视, URL: https://migu.188766.xyz/?migutoken=4cd122433e32147835956c3097ed5482&id=%E6%B1%9F%E8%8B%8F%E5%8D%AB%E8%A7%86&type=yy, From: subscribe, IPv_Type: ipv6, Location: 美国, ISP: CloudFlare Inc., Date: None, Delay: -1 ms, Speed: 0.00 M/s, Resolution: None
Name: 江苏卫视, URL: https://migu.188766.xyz/?migutoken=a186f02ed2a8327dc3b7656a53d269b2&id=%E6%B1%9F%E8%8B%8F%E5%8D%AB%E8%A7%86&type=yy, From: subscribe, IPv_Type: ipv6, Location: 美国, ISP: CloudFlare Inc., Date: None, Delay: -1 ms, Speed: 0.00 M/s, Resolution: None
Name: 江苏卫视, URL: https://migu.188766.xyz/?migutoken=689e04c996263da216269401212160f0&id=%E6%B1%9F%E8%8B%8F%E5%8D%AB%E8%A7%86&type=yy, From: subscribe, IPv_Type: ipv6, Location: 美国, ISP: CloudFlare Inc., Date: None, Delay: -1 ms, Speed: 0.00 M/s, Resolution: None
Name: 江苏卫视, URL: https://migu.188766.xyz/?migutoken=e71d30462e7ab97d2c2d7189944a6084&id=%E6%B1%9F%E8%8B%8F%E5%8D%AB%E8%A7%86&type=yy, From: subscribe, IPv_Type: ipv6, Location: 美国, ISP: CloudFlare Inc., Date: None, Delay: -1 ms, Speed: 0.00 M/s, Resolution: None
Name: 江苏卫视, URL: http://38.75.136.137:98/gslb/dsdqpub/jswshd.m3u8?auth=testpub, From: subscribe, IPv_Type: ipv4, Location: 美国-伊利诺伊州-库克, ISP: Cogent, Date: None, Delay: 359 ms, Speed: 9.17 M/s, Resolution: 1920x1080
Name: 江西卫视, URL: http://php.jdshipin.com/TVOD/hnyd.php?id=200000001898/460000089800010060, From: subscribe, IPv_Type: ipv6, Location: 美国, ISP: CloudFlare Inc., Date: None, Delay: -1 ms, Speed: 0.00 M/s, Resolution: None
Name: 江西卫视, URL: http://z.b.bkpcp.top/m.php?id=jxws, From: subscribe, IPv_Type: ipv6, Location: 美国, ISP: CloudFlare Inc., Date: None, Delay: -1 ms, Speed: 0.00 M/s, Resolution: None
Name: 江西卫视, URL: http://goo.bkpcp.top/mg/jxws, From: subscribe, IPv_Type: ipv6, Location: 美国, ISP: CloudFlare Inc., Date: None, Delay: -1 ms, Speed: 0.00 M/s, Resolution: None
Name: 江西卫视, URL: http://iptv.huuc.edu.cn/hls/jxhd.m3u8, From: subscribe, IPv_Type: ipv6, Location: 中国, ISP: 教育网, Date: None, Delay: -1 ms, Speed: 0.00 M/s, Resolution: None
Name: 江西卫视, URL: https://zby.130519.xyz/PLTV/11/224/3221225740/index.m3u8, From: subscribe, IPv_Type: ipv6, Location: 美国, ISP: CloudFlare Inc., Date: None, Delay: -1 ms, Speed: 0.00 M/s, Resolution: None
Name: 江西卫视, URL: https://migu.188766.xyz/?migutoken=0149ef3cb8d3fc69ef79e47f8a839684&id=%E6%B1%9F%E8%A5%BF%E5%8D%AB%E8%A7%86&type=yy, From: subscribe, IPv_Type: ipv6, Location: 美国, ISP: CloudFlare Inc., Date: None, Delay: -1 ms, Speed: 0.00 M/s, Resolution: None
Name: 江西卫视, URL: https://iptv.catvod.com/live.php?id=%E6%B1%9F%E8%A5%BF%E5%8D%AB%E8%A7%86%E5%8F%B0, From: subscribe, IPv_Type: ipv6, Location: 美国, ISP: CloudFlare Inc., Date: None, Delay: -1 ms, Speed: 0.00 M/s, Resolution: None
Name: 江西卫视, URL: https://iptv.catvod.com/live.php?id=%E6%B1%9F%E8%A5%BF%E5%8D%AB%E8%A7%86, From: subscribe, IPv_Type: ipv6, Location: 美国, ISP: CloudFlare Inc., Date: None, Delay: -1 ms, Speed: 0.00 M/s, Resolution: None
Name: 江西卫视, URL: http://[2409:8087:8:21::18]:6610/otttv.bj.chinamobile.com/PLTV/88888888/224/3221226956/1.m3u8?GuardEncType=2&accountinfo=%7E%7EV2.0%7Ei6ZIpVizXlewg-YfGvH8dA%7EtP4-l0lmSfjwLWEfK_el1vH_mv-s1zo4AQJwdedaVwG9xkuFTDg8J26cwOrNJzn20BErrHdLhuZ9EzLUCD3PMW-OMx4MGteHV2vLeW6BqoY%2CEND, From: subscribe, IPv_Type: ipv6, Location: 中国, ISP: 中国移动, Date: None, Delay: -1 ms, Speed: 0.00 M/s, Resolution: None
Name: 江西卫视, URL: http://[2409:8087:1a01:df::4077]/ottrrs.hl.chinamobile.com/PLTV/88888888/8/3221226504/index.m3u8, From: subscribe, IPv_Type: ipv6, Location: 中国, ISP: 中国移动, Date: None, Delay: -1 ms, Speed: 0.00 M/s, Resolution: None
Name: 江西卫视, URL: http://[2409:8087:1a01:df::4027]:80/TVOD/88888888/224/3221225935/main.m3u8, From: subscribe, IPv_Type: ipv6, Location: 中国, ISP: 中国移动, Date: None, Delay: -1 ms, Speed: 0.00 M/s, Resolution: None
Name: 江西卫视, URL: http://[2409:8087:1a01:df::4077]/ottrrs.hl.chinamobile.com/PLTV/88888888/8/3221226344/index.m3u8, From: subscribe, IPv_Type: ipv6, Location: 中国, ISP: 中国移动, Date: None, Delay: -1 ms, Speed: 0.00 M/s, Resolution: None
Name: 江西卫视, URL: https://www.freetv.top/migu/783847495.m3u8?migutoken=fddcc05dc0245329d3208607a5b1f5a1980bc31a7ced510e345af6cc68f5b86d2d9178b45706a0b6a0ceddc82ce06e53375cfedbc96fd0b00c12195c7d77b6f23811a67970bcfeb47629aa5aa6, From: subscribe, IPv_Type: ipv6, Location: 美国-加利福尼亚州-圣克拉拉, ISP: DigitalOcean, Date: None, Delay: -1 ms, Speed: 0.00 M/s, Resolution: None
Name: 江西卫视, URL: https://migu.188766.xyz/?migutoken=fdff712c7c3f0cdc14827edfc4947395&id=%E6%B1%9F%E8%A5%BF%E5%8D%AB%E8%A7%86&type=yy, From: subscribe, IPv_Type: ipv6, Location: 美国, ISP: CloudFlare Inc., Date: None, Delay: -1 ms, Speed: 0.00 M/s, Resolution: None
Name: 江西卫视, URL: https://migu.188766.xyz/?migutoken=57a8d04d587ce6b00c1589b3c130a864&id=%E6%B1%9F%E8%A5%BF%E5%8D%AB%E8%A7%86&type=yy, From: subscribe, IPv_Type: ipv6, Location: 美国, ISP: CloudFlare Inc., Date: None, Delay: -1 ms, Speed: 0.00 M/s, Resolution: None
Name: 江西卫视, URL: https://migu.188766.xyz/?migutoken=2ff9cf8c9429b14e86ac2c3645c3a92d&id=%E6%B1%9F%E8%A5%BF%E5%8D%AB%E8%A7%86&type=yy, From: subscribe, IPv_Type: ipv6, Location: 美国, ISP: CloudFlare Inc., Date: None, Delay: -1 ms, Speed: 0.00 M/s, Resolution: None
Name: 江西卫视, URL: https://migu.188766.xyz/?migutoken=c01821f56424b80ecb996a8b050cdc4a&id=%E6%B1%9F%E8%A5%BF%E5%8D%AB%E8%A7%86&type=yy, From: subscribe, IPv_Type: ipv6, Location: 美国, ISP: CloudFlare Inc., Date: None, Delay: -1 ms, Speed: 0.00 M/s, Resolution: None
Name: 江西卫视, URL: https://migu.188766.xyz/?migutoken=ac80bbb04177a8ce4a3b6e70957d5814&id=%E6%B1%9F%E8%A5%BF%E5%8D%AB%E8%A7%86&type=yy, From: subscribe, IPv_Type: ipv6, Location: 美国, ISP: CloudFlare Inc., Date: None, Delay: -1 ms, Speed: 0.00 M/s, Resolution: None
Name: 江西卫视, URL: https://migu.188766.xyz/?migutoken=01da5be44584dffc0bd10cd395016729&id=%E6%B1%9F%E8%A5%BF%E5%8D%AB%E8%A7%86&type=yy, From: subscribe, IPv_Type: ipv6, Location: 美国, ISP: CloudFlare Inc., Date: None, Delay: -1 ms, Speed: 0.00 M/s, Resolution: None
Name: 江西卫视, URL: https://migu.188766.xyz/?migutoken=61d02694a739b8ea6a35472e3b3961b6&id=%E6%B1%9F%E8%A5%BF%E5%8D%AB%E8%A7%86&type=yy, From: subscribe, IPv_Type: ipv6, Location: 美国, ISP: CloudFlare Inc., Date: None, Delay: -1 ms, Speed: 0.00 M/s, Resolution: None
Name: 江西卫视, URL: https://migu.188766.xyz/?migutoken=6cbbb76c05ccc1f052867a95b5510c3d&id=%E6%B1%9F%E8%A5%BF%E5%8D%AB%E8%A7%86&type=yy, From: subscribe, IPv_Type: ipv6, Location: 美国, ISP: CloudFlare Inc., Date: None, Delay: -1 ms, Speed: 0.00 M/s, Resolution: None
Name: 江西卫视, URL: https://migu.188766.xyz/?migutoken=e52b388c2ffeb87b439c19a42dbf16e5&id=%E6%B1%9F%E8%A5%BF%E5%8D%AB%E8%A7%86&type=yy, From: subscribe, IPv_Type: ipv6, Location: 美国, ISP: CloudFlare Inc., Date: None, Delay: -1 ms, Speed: 0.00 M/s, Resolution: None
Name: 江西卫视, URL: https://migu.188766.xyz/?migutoken=74f5fb5f2401b713ad9b5ab795ff4139&id=%E6%B1%9F%E8%A5%BF%E5%8D%AB%E8%A7%86&type=yy, From: subscribe, IPv_Type: ipv6, Location: 美国, ISP: CloudFlare Inc., Date: None, Delay: -1 ms, Speed: 0.00 M/s, Resolution: None
Name: 江西卫视, URL: http://tvgslb.hn.chinamobile.com:8089/180000001002/00000000000000020000000000182287/main.m3u8?stbid=, From: subscribe, IPv_Type: ipv6, Location: 中国, ISP: 中国移动, Date: None, Delay: -1 ms, Speed: 0.00 M/s, Resolution: None
Name: 江西卫视, URL: http://iptvrr.sh.chinamobile.com:6060/cms001/ch00000090990000001034/index.m3u8, From: subscribe, IPv_Type: ipv6, Location: 中国, ISP: 中国移动, Date: None, Delay: -1 ms, Speed: 0.00 M/s, Resolution: None
Name: 江西卫视, URL: http://hwottcdn.ln.chinamobile.com/PLTV/11/224/3221227475/index.m3u8, From: subscribe, IPv_Type: ipv6, Location: 中国, ISP: 中国移动, Date: None, Delay: -1 ms, Speed: 0.00 M/s, Resolution: None
Name: 江西卫视, URL: http://hwltc.tv.cdn.zj.chinamobile.com/PLTV/88888888/224/3221236212/index.m3u8, From: subscribe, IPv_Type: ipv6, Location: 中国, ISP: 中国移动, Date: None, Delay: -1 ms, Speed: 0.00 M/s, Resolution: None
Name: 江西卫视, URL: http://rrs01.hw.gmcc.net:8088/PLTV/81/224/3221226726/1.m3u8, From: subscribe, IPv_Type: ipv6, Location: 中国, ISP: 中国移动, Date: None, Delay: -1 ms, Speed: 0.00 M/s, Resolution: None
Name: 江西卫视, URL: http://tvgslb.hn.chinamobile.com:8089/180000001002/00000001000000000064000000308822/main.m3u8?stbid=, From: subscribe, IPv_Type: ipv6, Location: 中国, ISP: 中国移动, Date: None, Delay: -1 ms, Speed: 0.00 M/s, Resolution: None
Name: 江西卫视, URL: http://hwottcdn.ln.chinamobile.com/PLTV/11/224/3221226788/index.m3u8, From: subscribe, IPv_Type: ipv6, Location: 中国, ISP: 中国移动, Date: None, Delay: -1 ms, Speed: 0.00 M/s, Resolution: None
Name: 江西卫视, URL: http://ott.mobaibox.com/PLTV/3/224/3221228109/index.m3u8, From: subscribe, IPv_Type: ipv6, Location: 中国, ISP: 中国移动, Date: None, Delay: -1 ms, Speed: 0.00 M/s, Resolution: None
Name: 江西卫视, URL: http://hwottcdn.ln.chinamobile.com/PLTV/11/224/3221226142/index.m3u8, From: subscribe, IPv_Type: ipv6, Location: 中国, ISP: 中国移动, Date: None, Delay: -1 ms, Speed: 0.00 M/s, Resolution: None
Name: 江西卫视, URL: http://k.061899.xyz/k.php?id=jxws, From: subscribe, IPv_Type: ipv6, Location: 新加坡, ISP: Aceville Pte.Ltd., Date: None, Delay: -1 ms, Speed: 0.00 M/s, Resolution: None
Name: 江西卫视, URL: http://rrs01.hw.gmcc.net:8088/PLTV/81/224/3221226682/1.m3u8, From: subscribe, IPv_Type: ipv6, Location: 中国, ISP: 中国移动, Date: None, Delay: -1 ms, Speed: 0.00 M/s, Resolution: None
Name: 江西卫视, URL: https://migu.188766.xyz/?migutoken=0e5b31fc301517f1aad3f40a3cabc820&id=%E6%B1%9F%E8%A5%BF%E5%8D%AB%E8%A7%86&type=yy, From: subscribe, IPv_Type: ipv6, Location: 美国, ISP: CloudFlare Inc., Date: None, Delay: -1 ms, Speed: 0.00 M/s, Resolution: None
Name: 江西卫视, URL: https://migu.188766.xyz/?migutoken=93c2aad7a82944caad09426576f55a6a&id=%E6%B1%9F%E8%A5%BF%E5%8D%AB%E8%A7%86&type=yy, From: subscribe, IPv_Type: ipv6, Location: 美国, ISP: CloudFlare Inc., Date: None, Delay: -1 ms, Speed: 0.00 M/s, Resolution: None
Name: 江西卫视, URL: https://migu.188766.xyz/?migutoken=c99f2815833fdbc7131209f1f0fd8181&id=%E6%B1%9F%E8%A5%BF%E5%8D%AB%E8%A7%86&type=yy, From: subscribe, IPv_Type: ipv6, Location: 美国, ISP: CloudFlare Inc., Date: None, Delay: -1 ms, Speed: 0.00 M/s, Resolution: None
Name: 江西卫视, URL: https://migu.188766.xyz/?migutoken=c7d7dbb7be0250f803222673afc5c110&id=%E6%B1%9F%E8%A5%BF%E5%8D%AB%E8%A7%86&type=yy, From: subscribe, IPv_Type: ipv6, Location: 美国, ISP: CloudFlare Inc., Date: None, Delay: -1 ms, Speed: 0.00 M/s, Resolution: None
Name: 江西卫视, URL: https://migu.188766.xyz/?migutoken=a161bee9c6f32be7bd22bdf697d7e6a6&id=%E6%B1%9F%E8%A5%BF%E5%8D%AB%E8%A7%86&type=yy, From: subscribe, IPv_Type: ipv6, Location: 美国, ISP: CloudFlare Inc., Date: None, Delay: -1 ms, Speed: 0.00 M/s, Resolution: None
Name: 江西卫视, URL: https://migu.188766.xyz/?migutoken=f45c4555dcedb772397b8bd053869ce4&id=%E6%B1%9F%E8%A5%BF%E5%8D%AB%E8%A7%86&type=yy, From: subscribe, IPv_Type: ipv6, Location: 美国, ISP: CloudFlare Inc., Date: None, Delay: -1 ms, Speed: 0.00 M/s, Resolution: None
Name: 江西卫视, URL: https://migu.188766.xyz/?migutoken=4d71c8bb7ff0c4ff06eac7fda6e7924e&id=%E6%B1%9F%E8%A5%BF%E5%8D%AB%E8%A7%86&type=yy, From: subscribe, IPv_Type: ipv6, Location: 美国, ISP: CloudFlare Inc., Date: None, Delay: -1 ms, Speed: 0.00 M/s, Resolution: None
Name: 江西卫视, URL: https://migu.188766.xyz/?migutoken=80fd770920459a474a970d3e03dcd28b&id=%E6%B1%9F%E8%A5%BF%E5%8D%AB%E8%A7%86&type=yy, From: subscribe, IPv_Type: ipv6, Location: 美国, ISP: CloudFlare Inc., Date: None, Delay: -1 ms, Speed: 0.00 M/s, Resolution: None
Name: 江西卫视, URL: https://migu.188766.xyz/?migutoken=abbbc7b2c05b7986ddc35e6835c4e83c&id=%E6%B1%9F%E8%A5%BF%E5%8D%AB%E8%A7%86&type=yy, From: subscribe, IPv_Type: ipv6, Location: 美国, ISP: CloudFlare Inc., Date: None, Delay: -1 ms, Speed: 0.00 M/s, Resolution: None
Name: 江西卫视, URL: https://migu.188766.xyz/?migutoken=58d8956dec93f17311ddc92d654b373f&id=%E6%B1%9F%E8%A5%BF%E5%8D%AB%E8%A7%86&type=yy, From: subscribe, IPv_Type: ipv6, Location: 美国, ISP: CloudFlare Inc., Date: None, Delay: -1 ms, Speed: 0.00 M/s, Resolution: None
Name: 江西卫视, URL: https://migu.188766.xyz/?migutoken=8b69820c57b04ba9ecb1d4d89f391e1b&id=%E6%B1%9F%E8%A5%BF%E5%8D%AB%E8%A7%86&type=yy, From: subscribe, IPv_Type: ipv6, Location: 美国, ISP: CloudFlare Inc., Date: None, Delay: -1 ms, Speed: 0.00 M/s, Resolution: None
Name: 江西卫视, URL: https://migu.188766.xyz/?migutoken=00d8065ba3d3439c8739e71b98b31a1f&id=%E6%B1%9F%E8%A5%BF%E5%8D%AB%E8%A7%86&type=yy, From: subscribe, IPv_Type: ipv6, Location: 美国, ISP: CloudFlare Inc., Date: None, Delay: -1 ms, Speed: 0.00 M/s, Resolution: None
Name: 江西卫视, URL: https://migu.188766.xyz/?migutoken=bb3e3136db50563ed8d94fa5208556be&id=%E6%B1%9F%E8%A5%BF%E5%8D%AB%E8%A7%86&type=yy, From: subscribe, IPv_Type: ipv6, Location: 美国, ISP: CloudFlare Inc., Date: None, Delay: -1 ms, Speed: 0.00 M/s, Resolution: None
Name: 江西卫视, URL: https://migu.188766.xyz/?migutoken=6344eab687504f68bebbfaf37adec16e&id=%E6%B1%9F%E8%A5%BF%E5%8D%AB%E8%A7%86&type=yy, From: subscribe, IPv_Type: ipv6, Location: 美国, ISP: CloudFlare Inc., Date: None, Delay: -1 ms, Speed: 0.00 M/s, Resolution: None
Name: 江西卫视, URL: https://migu.188766.xyz/?migutoken=f694149286863b19476a5f79955bb53a&id=%E6%B1%9F%E8%A5%BF%E5%8D%AB%E8%A7%86&type=yy, From: subscribe, IPv_Type: ipv6, Location: 美国, ISP: CloudFlare Inc., Date: None, Delay: -1 ms, Speed: 0.00 M/s, Resolution: None
Name: 江西卫视, URL: https://migu.188766.xyz/?migutoken=a062efc801fd603691a79e476da4f269&id=%E6%B1%9F%E8%A5%BF%E5%8D%AB%E8%A7%86&type=yy, From: subscribe, IPv_Type: ipv6, Location: 美国, ISP: CloudFlare Inc., Date: None, Delay: -1 ms, Speed: 0.00 M/s, Resolution: None
Name: 江西卫视, URL: https://migu.188766.xyz/?migutoken=b0869448f0bc70a51f9c9f02130dd24b&id=%E6%B1%9F%E8%A5%BF%E5%8D%AB%E8%A7%86&type=yy, From: subscribe, IPv_Type: ipv6, Location: 美国, ISP: CloudFlare Inc., Date: None, Delay: -1 ms, Speed: 0.00 M/s, Resolution: None
Name: 江西卫视, URL: http://satellitepull.cnr.cn/live/wx32jiangxws/playlist.m3u8, From: subscribe, IPv_Type: ipv4, Location: 美国-新泽西州-摩里斯, ISP: Linode, Date: None, Delay: 18 ms, Speed: 5.43 M/s, Resolution: None
Name: 江西卫视, URL: http://23.237.228.134/live8/jiangxi.m3u8, From: subscribe, IPv_Type: ipv4, Location: 北美地区, ISP: , Date: None, Delay: 596 ms, Speed: 4.36 M/s, Resolution: 1920x1080
Name: 辽宁卫视, URL: http://php.jdshipin.com/TVOD/hljyd.php?id=3221226546, From: subscribe, IPv_Type: ipv6, Location: 美国, ISP: CloudFlare Inc., Date: None, Delay: -1 ms, Speed: 0.00 M/s, Resolution: None
Name: 辽宁卫视, URL: http://z.b.bkpcp.top/m.php?id=lnws, From: subscribe, IPv_Type: ipv6, Location: 美国, ISP: CloudFlare Inc., Date: None, Delay: -1 ms, Speed: 0.00 M/s, Resolution: None
Name: 辽宁卫视, URL: http://j.x.bkpcp.top/jx/LIAONHD, From: subscribe, IPv_Type: ipv6, Location: 美国, ISP: CloudFlare Inc., Date: None, Delay: -1 ms, Speed: 0.00 M/s, Resolution: None
Name: 辽宁卫视, URL: http://3501776.xyz:35455/itv/1000000005000265022.m3u8?cdn=ystenlive, From: subscribe, IPv_Type: ipv6, Location: 美国, ISP: CloudFlare Inc., Date: None, Delay: -1 ms, Speed: 0.00 M/s, Resolution: None
Name: 辽宁卫视, URL: http://iptv.huuc.edu.cn/hls/lnhd.m3u8, From: subscribe, IPv_Type: ipv6, Location: 中国, ISP: 教育网, Date: None, Delay: -1 ms, Speed: 0.00 M/s, Resolution: None
Name: 辽宁卫视, URL: https://zby.130519.xyz/PLTV/11/224/3221225747/index.m3u8, From: subscribe, IPv_Type: ipv6, Location: 美国, ISP: CloudFlare Inc., Date: None, Delay: -1 ms, Speed: 0.00 M/s, Resolution: None
Name: 辽宁卫视, URL: https://migu.188766.xyz/?migutoken=59dda4fb6566fc5bd1dea943350ddfcb&id=%E8%BE%BD%E5%AE%81%E5%8D%AB%E8%A7%86&type=yy, From: subscribe, IPv_Type: ipv6, Location: 美国, ISP: CloudFlare Inc., Date: None, Delay: -1 ms, Speed: 0.00 M/s, Resolution: None
Name: 辽宁卫视, URL: http://[2409:8087:8:21::18]:6610/otttv.bj.chinamobile.com/PLTV/88888888/224/3221226966/1.m3u8?GuardEncType=2&accountinfo=%7E%7EV2.0%7E6qJH8Fd-zgCGx3P-Ce86cA%7EtP4-l0lmSfjwLWEfK_el1vH_mv-s1zo4AQJwdedaVwG9xkuFTDg8J26cwOrNJzn20BErrHdLhuZ9EzLUCD3PMW-OMx4MGteHV2vLeW6BqoY%2CEND, From: subscribe, IPv_Type: ipv6, Location: 中国, ISP: 中国移动, Date: None, Delay: -1 ms, Speed: 0.00 M/s, Resolution: None
Name: 辽宁卫视, URL: http://[2409:8087:1a01:df::4077]/ottrrs.hl.chinamobile.com/PLTV/88888888/8/3221226254/index.m3u8, From: subscribe, IPv_Type: ipv6, Location: 中国, ISP: 中国移动, Date: None, Delay: -1 ms, Speed: 0.00 M/s, Resolution: None
Name: 辽宁卫视, URL: https://migu.188766.xyz/?migutoken=c69943faaec775f6fd8fe1dc1c6fbd17&id=%E8%BE%BD%E5%AE%81%E5%8D%AB%E8%A7%86&type=yy, From: subscribe, IPv_Type: ipv6, Location: 美国, ISP: CloudFlare Inc., Date: None, Delay: -1 ms, Speed: 0.00 M/s, Resolution: None
Name: 辽宁卫视, URL: https://migu.188766.xyz/?migutoken=fc984dd3210af4b67d426d0b263794ec&id=%E8%BE%BD%E5%AE%81%E5%8D%AB%E8%A7%86&type=yy, From: subscribe, IPv_Type: ipv6, Location: 美国, ISP: CloudFlare Inc., Date: None, Delay: -1 ms, Speed: 0.00 M/s, Resolution: None
Name: 辽宁卫视, URL: https://migu.188766.xyz/?migutoken=01b58142989fa72f265dad29d1fe3960&id=%E8%BE%BD%E5%AE%81%E5%8D%AB%E8%A7%86&type=yy, From: subscribe, IPv_Type: ipv6, Location: 美国, ISP: CloudFlare Inc., Date: None, Delay: -1 ms, Speed: 0.00 M/s, Resolution: None
Name: 辽宁卫视, URL: https://migu.188766.xyz/?migutoken=a62eb3376d7c614fee676e8da9b6a4ce&id=%E8%BE%BD%E5%AE%81%E5%8D%AB%E8%A7%86&type=yy, From: subscribe, IPv_Type: ipv6, Location: 美国, ISP: CloudFlare Inc., Date: None, Delay: -1 ms, Speed: 0.00 M/s, Resolution: None
Name: 辽宁卫视, URL: https://migu.188766.xyz/?migutoken=9a297a3d132ec5ce9ce5db70289c9996&id=%E8%BE%BD%E5%AE%81%E5%8D%AB%E8%A7%86&type=yy, From: subscribe, IPv_Type: ipv6, Location: 美国, ISP: CloudFlare Inc., Date: None, Delay: -1 ms, Speed: 0.00 M/s, Resolution: None
Name: 辽宁卫视, URL: https://migu.188766.xyz/?migutoken=3c56089526858bdadecf8f272b29a6ce&id=%E8%BE%BD%E5%AE%81%E5%8D%AB%E8%A7%86&type=yy, From: subscribe, IPv_Type: ipv6, Location: 美国, ISP: CloudFlare Inc., Date: None, Delay: -1 ms, Speed: 0.00 M/s, Resolution: None
Name: 辽宁卫视, URL: https://migu.188766.xyz/?migutoken=4400a6ec6aa739ef940ebed79bee554c&id=%E8%BE%BD%E5%AE%81%E5%8D%AB%E8%A7%86&type=yy, From: subscribe, IPv_Type: ipv6, Location: 美国, ISP: CloudFlare Inc., Date: None, Delay: -1 ms, Speed: 0.00 M/s, Resolution: None
Name: 辽宁卫视, URL: https://migu.188766.xyz/?migutoken=e92fd46a4cfb6540e1ee4edbd012e22e&id=%E8%BE%BD%E5%AE%81%E5%8D%AB%E8%A7%86&type=yy, From: subscribe, IPv_Type: ipv6, Location: 美国, ISP: CloudFlare Inc., Date: None, Delay: -1 ms, Speed: 0.00 M/s, Resolution: None
Name: 辽宁卫视, URL: https://migu.188766.xyz/?migutoken=cb348614b011c1b5ce94404f560a84f7&id=%E8%BE%BD%E5%AE%81%E5%8D%AB%E8%A7%86&type=yy, From: subscribe, IPv_Type: ipv6, Location: 美国, ISP: CloudFlare Inc., Date: None, Delay: -1 ms, Speed: 0.00 M/s, Resolution: None
Name: 辽宁卫视, URL: https://migu.188766.xyz/?migutoken=15e782182447aca383980029273f43eb&id=%E8%BE%BD%E5%AE%81%E5%8D%AB%E8%A7%86&type=yy, From: subscribe, IPv_Type: ipv6, Location: 美国, ISP: CloudFlare Inc., Date: None, Delay: -1 ms, Speed: 0.00 M/s, Resolution: None
Name: 辽宁卫视, URL: http://rrs01.hw.gmcc.net:8088/PLTV/81/224/3221226689/1.m3u8, From: subscribe, IPv_Type: ipv6, Location: 中国, ISP: 中国移动, Date: None, Delay: -1 ms, Speed: 0.00 M/s, Resolution: None
Name: 辽宁卫视, URL: http://iptvrr.sh.chinamobile.com:6060/cms001/ch00000090990000001035/index.m3u8, From: subscribe, IPv_Type: ipv6, Location: 中国, ISP: 中国移动, Date: None, Delay: -1 ms, Speed: 0.00 M/s, Resolution: None
Name: 辽宁卫视, URL: http://tvgslb.hn.chinamobile.com:8089/180000001002/00000001000000000016000000007225/main.m3u8?stbid=, From: subscribe, IPv_Type: ipv6, Location: 中国, ISP: 中国移动, Date: None, Delay: -1 ms, Speed: 0.00 M/s, Resolution: None
Name: 辽宁卫视, URL: http://hwottcdn.ln.chinamobile.com/PLTV/11/224/3221226767/index.m3u8, From: subscribe, IPv_Type: ipv6, Location: 中国, ISP: 中国移动, Date: None, Delay: -1 ms, Speed: 0.00 M/s, Resolution: None
Name: 辽宁卫视, URL: http://hwottcdn.ln.chinamobile.com/PLTV/11/224/3221226141/index.m3u8, From: subscribe, IPv_Type: ipv6, Location: 中国, ISP: 中国移动, Date: None, Delay: -1 ms, Speed: 0.00 M/s, Resolution: None
Name: 辽宁卫视, URL: http://tvgslb.hn.chinamobile.com:8089/180000001002/00000000000000020000000000176343/main.m3u8?stbid=, From: subscribe, IPv_Type: ipv6, Location: 中国, ISP: 中国移动, Date: None, Delay: -1 ms, Speed: 0.00 M/s, Resolution: None
Name: 辽宁卫视, URL: http://hwltc.tv.cdn.zj.chinamobile.com/PLTV/88888888/224/3221236161/index.m3u8, From: subscribe, IPv_Type: ipv6, Location: 中国, ISP: 中国移动, Date: None, Delay: -1 ms, Speed: 0.00 M/s, Resolution: None
Name: 辽宁卫视, URL: http://k.061899.xyz/k.php?id=lnws, From: subscribe, IPv_Type: ipv6, Location: 新加坡, ISP: Aceville Pte.Ltd., Date: None, Delay: -1 ms, Speed: 0.00 M/s, Resolution: None
Name: 辽宁卫视, URL: http://ott.mobaibox.com/PLTV/3/224/3221227485/index.m3u8, From: subscribe, IPv_Type: ipv6, Location: 中国, ISP: 中国移动, Date: None, Delay: -1 ms, Speed: 0.00 M/s, Resolution: None
Name: 辽宁卫视, URL: http://hwottcdn.ln.chinamobile.com/PLTV/11/224/3221226156/index.m3u8, From: subscribe, IPv_Type: ipv6, Location: 中国, ISP: 中国移动, Date: None, Delay: -1 ms, Speed: 0.00 M/s, Resolution: None
Name: 辽宁卫视, URL: http://hwottcdn.ln.chinamobile.com/PLTV/11/224/3221226689/index.m3u8, From: subscribe, IPv_Type: ipv6, Location: 中国, ISP: 中国移动, Date: None, Delay: -1 ms, Speed: 0.00 M/s, Resolution: None
Name: 辽宁卫视, URL: http://hwottcdn.ln.chinamobile.com/PLTV/11/224/3221226731/index.m3u8, From: subscribe, IPv_Type: ipv6, Location: 中国, ISP: 中国移动, Date: None, Delay: -1 ms, Speed: 0.00 M/s, Resolution: None
Name: 辽宁卫视, URL: http://hwottcdn.ln.chinamobile.com/PLTV/11/224/3221227242/index.m3u8, From: subscribe, IPv_Type: ipv6, Location: 中国, ISP: 中国移动, Date: None, Delay: -1 ms, Speed: 0.00 M/s, Resolution: None
Name: 辽宁卫视, URL: https://migu.188766.xyz/?migutoken=38bf2b7fdce86f979a45f20820e3f87d&id=%E8%BE%BD%E5%AE%81%E5%8D%AB%E8%A7%86&type=yy, From: subscribe, IPv_Type: ipv6, Location: 美国, ISP: CloudFlare Inc., Date: None, Delay: -1 ms, Speed: 0.00 M/s, Resolution: None
Name: 辽宁卫视, URL: https://migu.188766.xyz/?migutoken=4d2b1bebb31580efa304f7afb8f23da8&id=%E8%BE%BD%E5%AE%81%E5%8D%AB%E8%A7%86&type=yy, From: subscribe, IPv_Type: ipv6, Location: 美国, ISP: CloudFlare Inc., Date: None, Delay: -1 ms, Speed: 0.00 M/s, Resolution: None
Name: 辽宁卫视, URL: https://migu.188766.xyz/?migutoken=3778caed5368b7d9ab6ce2b096606f5a&id=%E8%BE%BD%E5%AE%81%E5%8D%AB%E8%A7%86&type=yy, From: subscribe, IPv_Type: ipv6, Location: 美国, ISP: CloudFlare Inc., Date: None, Delay: -1 ms, Speed: 0.00 M/s, Resolution: None
Name: 辽宁卫视, URL: https://migu.188766.xyz/?migutoken=b02645ae4d944ff93861655c35b9bf0e&id=%E8%BE%BD%E5%AE%81%E5%8D%AB%E8%A7%86&type=yy, From: subscribe, IPv_Type: ipv6, Location: 美国, ISP: CloudFlare Inc., Date: None, Delay: -1 ms, Speed: 0.00 M/s, Resolution: None
Name: 辽宁卫视, URL: https://migu.188766.xyz/?migutoken=8678735b69cb2943fba864732b31af2d&id=%E8%BE%BD%E5%AE%81%E5%8D%AB%E8%A7%86&type=yy, From: subscribe, IPv_Type: ipv6, Location: 美国, ISP: CloudFlare Inc., Date: None, Delay: -1 ms, Speed: 0.00 M/s, Resolution: None
Name: 辽宁卫视, URL: https://migu.188766.xyz/?migutoken=ef2f73363482bbffc93c1b693944303d&id=%E8%BE%BD%E5%AE%81%E5%8D%AB%E8%A7%86&type=yy, From: subscribe, IPv_Type: ipv6, Location: 美国, ISP: CloudFlare Inc., Date: None, Delay: -1 ms, Speed: 0.00 M/s, Resolution: None
Name: 辽宁卫视, URL: https://migu.188766.xyz/?migutoken=36c4d1144ed98abb5b14c2210cb24362&id=%E8%BE%BD%E5%AE%81%E5%8D%AB%E8%A7%86&type=yy, From: subscribe, IPv_Type: ipv6, Location: 美国, ISP: CloudFlare Inc., Date: None, Delay: -1 ms, Speed: 0.00 M/s, Resolution: None
Name: 辽宁卫视, URL: https://migu.188766.xyz/?migutoken=6fc432ffcb0aa2222121648e1b44f03a&id=%E8%BE%BD%E5%AE%81%E5%8D%AB%E8%A7%86&type=yy, From: subscribe, IPv_Type: ipv6, Location: 美国, ISP: CloudFlare Inc., Date: None, Delay: -1 ms, Speed: 0.00 M/s, Resolution: None
Name: 辽宁卫视, URL: https://hlsbkmgsplive.miguvideo.com/migu/kailu/lnwshd265/54/20200407/01.m3u8?&HlsSubType=&encrypt=, From: subscribe, IPv_Type: ipv6, Location: 中国, ISP: 中国移动, Date: None, Delay: -1 ms, Speed: 0.00 M/s, Resolution: None
Name: 辽宁卫视, URL: https://migu.188766.xyz/?migutoken=a83d4d5b49a2424f6675e9bfaabe5cc0&id=%E8%BE%BD%E5%AE%81%E5%8D%AB%E8%A7%86&type=yy, From: subscribe, IPv_Type: ipv6, Location: 美国, ISP: CloudFlare Inc., Date: None, Delay: -1 ms, Speed: 0.00 M/s, Resolution: None
Name: 辽宁卫视, URL: https://migu.188766.xyz/?migutoken=135bbab94fc314e082568724a564940a&id=%E8%BE%BD%E5%AE%81%E5%8D%AB%E8%A7%86&type=yy, From: subscribe, IPv_Type: ipv6, Location: 美国, ISP: CloudFlare Inc., Date: None, Delay: -1 ms, Speed: 0.00 M/s, Resolution: None
Name: 辽宁卫视, URL: https://migu.188766.xyz/?migutoken=ae3b55c5cb12d99746b2c1394c04592e&id=%E8%BE%BD%E5%AE%81%E5%8D%AB%E8%A7%86&type=yy, From: subscribe, IPv_Type: ipv6, Location: 美国, ISP: CloudFlare Inc., Date: None, Delay: -1 ms, Speed: 0.00 M/s, Resolution: None
Name: 辽宁卫视, URL: https://migu.188766.xyz/?migutoken=79c2a151e4283773afa55f4079873177&id=%E8%BE%BD%E5%AE%81%E5%8D%AB%E8%A7%86&type=yy, From: subscribe, IPv_Type: ipv6, Location: 美国, ISP: CloudFlare Inc., Date: None, Delay: -1 ms, Speed: 0.00 M/s, Resolution: None
Name: 辽宁卫视, URL: https://migu.188766.xyz/?migutoken=9a89f1dcaac937dda9bf227003e04c71&id=%E8%BE%BD%E5%AE%81%E5%8D%AB%E8%A7%86&type=yy, From: subscribe, IPv_Type: ipv6, Location: 美国, ISP: CloudFlare Inc., Date: None, Delay: -1 ms, Speed: 0.00 M/s, Resolution: None
Name: 辽宁卫视, URL: https://migu.188766.xyz/?migutoken=7649ab4d9684453bef192201033791e3&id=%E8%BE%BD%E5%AE%81%E5%8D%AB%E8%A7%86&type=yy, From: subscribe, IPv_Type: ipv6, Location: 美国, ISP: CloudFlare Inc., Date: None, Delay: -1 ms, Speed: 0.00 M/s, Resolution: None
Name: 辽宁卫视, URL: https://migu.188766.xyz/?migutoken=5e38b9ef0aa695dee84283a7c5a398b6&id=%E8%BE%BD%E5%AE%81%E5%8D%AB%E8%A7%86&type=yy, From: subscribe, IPv_Type: ipv6, Location: 美国, ISP: CloudFlare Inc., Date: None, Delay: -1 ms, Speed: 0.00 M/s, Resolution: None
Name: 辽宁卫视, URL: https://migu.188766.xyz/?migutoken=7dcaff163490a15e1d64e9785a7f4924&id=%E8%BE%BD%E5%AE%81%E5%8D%AB%E8%A7%86&type=yy, From: subscribe, IPv_Type: ipv6, Location: 美国, ISP: CloudFlare Inc., Date: None, Delay: -1 ms, Speed: 0.00 M/s, Resolution: None
Name: 辽宁卫视, URL: https://migu.188766.xyz/?migutoken=4fd79c67cf3f24e4dade94e96e2ed44f&id=%E8%BE%BD%E5%AE%81%E5%8D%AB%E8%A7%86&type=yy, From: subscribe, IPv_Type: ipv6, Location: 美国, ISP: CloudFlare Inc., Date: None, Delay: -1 ms, Speed: 0.00 M/s, Resolution: None
Name: 辽宁卫视, URL: http://38.75.136.137:98/gslb/dsdqpub/lnwshd.m3u8?auth=testpub, From: subscribe, IPv_Type: ipv4, Location: 美国-伊利诺伊州-库克, ISP: Cogent, Date: None, Delay: 342 ms, Speed: 6.60 M/s, Resolution: 1920x1080
Name: 辽宁卫视, URL: http://23.237.228.134/live8/liaoning.m3u8, From: subscribe, IPv_Type: ipv4, Location: 北美地区, ISP: , Date: None, Delay: 990 ms, Speed: 2.83 M/s, Resolution: 1920x1080
Name: 内蒙古卫视, URL: http://php.jdshipin.com/TVOD/hljyd.php?id=3221225634, From: subscribe, IPv_Type: ipv6, Location: 美国, ISP: CloudFlare Inc., Date: None, Delay: -1 ms, Speed: 0.00 M/s, Resolution: None
Name: 内蒙古卫视, URL: http://z.b.bkpcp.top/m.php?id=nmws, From: subscribe, IPv_Type: ipv6, Location: 美国, ISP: CloudFlare Inc., Date: None, Delay: -1 ms, Speed: 0.00 M/s, Resolution: None
Name: 内蒙古卫视, URL: http://j.x.bkpcp.top/jx/NMGWS, From: subscribe, IPv_Type: ipv6, Location: 美国, ISP: CloudFlare Inc., Date: None, Delay: -1 ms, Speed: 0.00 M/s, Resolution: None
Name: 内蒙古卫视, URL: http://goo.bkpcp.top/mg/nmws, From: subscribe, IPv_Type: ipv6, Location: 美国, ISP: CloudFlare Inc., Date: None, Delay: -1 ms, Speed: 0.00 M/s, Resolution: None
Name: 内蒙古卫视, URL: https://migu.188766.xyz/?migutoken=d94a0825a6f6ba9a456c3530f33c30be&id=%E5%86%85%E8%92%99%E5%8F%A4%E5%8D%AB%E8%A7%86&pp=1, From: subscribe, IPv_Type: ipv6, Location: 美国, ISP: CloudFlare Inc., Date: None, Delay: -1 ms, Speed: 0.00 M/s, Resolution: None
Name: 内蒙古卫视, URL: https://iptv.catvod.com/live.php?id=%E5%86%85%E8%92%99%E5%8F%A4%E5%8D%AB%E8%A7%86%E5%8F%B0, From: subscribe, IPv_Type: ipv6, Location: 美国, ISP: CloudFlare Inc., Date: None, Delay: -1 ms, Speed: 0.00 M/s, Resolution: None
Name: 内蒙古卫视, URL: https://iptv.catvod.com/live.php?id=%E5%86%85%E8%92%99%E5%8F%A4%E5%8D%AB%E8%A7%86, From: subscribe, IPv_Type: ipv6, Location: 美国, ISP: CloudFlare Inc., Date: None, Delay: -1 ms, Speed: 0.00 M/s, Resolution: None
Name: 内蒙古卫视, URL: http://ottrrs.hl.chinamobile.com/PLTV/88888888/224/3221225634/index.m3u8, From: subscribe, IPv_Type: ipv6, Location: 中国, ISP: 中国移动, Date: None, Delay: -1 ms, Speed: 0.00 M/s, Resolution: None
Name: 内蒙古卫视, URL: http://[2409:8087:8:21::18]:6610/otttv.bj.chinamobile.com/PLTV/88888888/224/3221227018/1.m3u8?GuardEncType=2&accountinfo=%7E%7EV2.0%7ErN_hoRDwApMKnJqiNHvn9w%7EtP4-l0lmSfjwLWEfK_el1vH_mv-s1zo4AQJwdedaVwG9xkuFTDg8J26cwOrNJzn20BErrHdLhuZ9EzLUCD3PMW-OMx4MGteHV2vLeW6BqoY%2CEND, From: subscribe, IPv_Type: ipv6, Location: 中国, ISP: 中国移动, Date: None, Delay: -1 ms, Speed: 0.00 M/s, Resolution: None
Name: 内蒙古卫视, URL: http://[2409:8087:1a01:df::401a]:80/wh7f454c46tw3029083262_-802204014/ottrrs.hl.chinamobile.com/PLTV/88888888/224/3221225634/index.m3u8?icpid=88888888&RTS=1713969858&from=4&hms_devid=128&prioritypopid=4&online=1713969858&vqe=3, From: subscribe, IPv_Type: ipv6, Location: 中国, ISP: 中国移动, Date: None, Delay: -1 ms, Speed: 0.00 M/s, Resolution: None
Name: 内蒙古卫视, URL: http://[2409:8087:1a01:df::4077]/ottrrs.hl.chinamobile.com/PLTV/88888888/8/3221226389/index.m3u8, From: subscribe, IPv_Type: ipv6, Location: 中国, ISP: 中国移动, Date: None, Delay: -1 ms, Speed: 0.00 M/s, Resolution: None
Name: 内蒙古卫视, URL: https://migu.188766.xyz/?migutoken=ae288d6f0c85bdfa291384dcc26fa06a&id=%E5%86%85%E8%92%99%E5%8F%A4%E5%8D%AB%E8%A7%86&pp=1, From: subscribe, IPv_Type: ipv6, Location: 美国, ISP: CloudFlare Inc., Date: None, Delay: -1 ms, Speed: 0.00 M/s, Resolution: None
Name: 内蒙古卫视, URL: https://migu.188766.xyz/?migutoken=2c980d829ba5c504db89602dffb34d09&id=%E5%86%85%E8%92%99%E5%8F%A4%E5%8D%AB%E8%A7%86&pp=1, From: subscribe, IPv_Type: ipv6, Location: 美国, ISP: CloudFlare Inc., Date: None, Delay: -1 ms, Speed: 0.00 M/s, Resolution: None
Name: 内蒙古卫视, URL: https://migu.188766.xyz/?migutoken=6c57a377754b4e1cb6f2b5a6fe392591&id=%E5%86%85%E8%92%99%E5%8F%A4%E5%8D%AB%E8%A7%86&pp=1, From: subscribe, IPv_Type: ipv6, Location: 美国, ISP: CloudFlare Inc., Date: None, Delay: -1 ms, Speed: 0.00 M/s, Resolution: None
Name: 内蒙古卫视, URL: https://migu.188766.xyz/?migutoken=bc9bdf4a0303bb8e4d134f775eef1226&id=%E5%86%85%E8%92%99%E5%8F%A4%E5%8D%AB%E8%A7%86&pp=1, From: subscribe, IPv_Type: ipv6, Location: 美国, ISP: CloudFlare Inc., Date: None, Delay: -1 ms, Speed: 0.00 M/s, Resolution: None
Name: 内蒙古卫视, URL: https://migu.188766.xyz/?migutoken=91343a920ee4b1bd23ab5f14f0e2ddd2&id=%E5%86%85%E8%92%99%E5%8F%A4%E5%8D%AB%E8%A7%86&pp=1, From: subscribe, IPv_Type: ipv6, Location: 美国, ISP: CloudFlare Inc., Date: None, Delay: -1 ms, Speed: 0.00 M/s, Resolution: None
Name: 内蒙古卫视, URL: https://migu.188766.xyz/?migutoken=f88c371ae6544d12ba4109a35dcf7bac&id=%E5%86%85%E8%92%99%E5%8F%A4%E5%8D%AB%E8%A7%86&pp=1, From: subscribe, IPv_Type: ipv6, Location: 美国, ISP: CloudFlare Inc., Date: None, Delay: -1 ms, Speed: 0.00 M/s, Resolution: None
Name: 内蒙古卫视, URL: https://migu.188766.xyz/?migutoken=1e53f8795a55cf6f20e03bca4ebb56f7&id=%E5%86%85%E8%92%99%E5%8F%A4%E5%8D%AB%E8%A7%86&pp=1, From: subscribe, IPv_Type: ipv6, Location: 美国, ISP: CloudFlare Inc., Date: None, Delay: -1 ms, Speed: 0.00 M/s, Resolution: None
Name: 内蒙古卫视, URL: https://migu.188766.xyz/?migutoken=129ddc9bf29e5602395048edda07e7cc&id=%E5%86%85%E8%92%99%E5%8F%A4%E5%8D%AB%E8%A7%86&pp=1, From: subscribe, IPv_Type: ipv6, Location: 美国, ISP: CloudFlare Inc., Date: None, Delay: -1 ms, Speed: 0.00 M/s, Resolution: None
Name: 内蒙古卫视, URL: https://migu.188766.xyz/?migutoken=8d26df904568d730e30c5ab3b773d4b0&id=%E5%86%85%E8%92%99%E5%8F%A4%E5%8D%AB%E8%A7%86&pp=1, From: subscribe, IPv_Type: ipv6, Location: 美国, ISP: CloudFlare Inc., Date: None, Delay: -1 ms, Speed: 0.00 M/s, Resolution: None
Name: 内蒙古卫视, URL: https://migu.188766.xyz/?migutoken=9b8bf23a6b0305f1f601cef0d8f9a3a1&id=%E5%86%85%E8%92%99%E5%8F%A4%E5%8D%AB%E8%A7%86&pp=1, From: subscribe, IPv_Type: ipv6, Location: 美国, ISP: CloudFlare Inc., Date: None, Delay: -1 ms, Speed: 0.00 M/s, Resolution: None
Name: 内蒙古卫视, URL: http://rrs01.hw.gmcc.net:8088/PLTV/81/224/3221226685/1.m3u8, From: subscribe, IPv_Type: ipv6, Location: 中国, ISP: 中国移动, Date: None, Delay: -1 ms, Speed: 0.00 M/s, Resolution: None
Name: 内蒙古卫视, URL: http://ott.mobaibox.com/PLTV/3/224/3221227557/index.m3u8, From: subscribe, IPv_Type: ipv6, Location: 中国, ISP: 中国移动, Date: None, Delay: -1 ms, Speed: 0.00 M/s, Resolution: None
Name: 内蒙古卫视, URL: http://hwltc.tv.cdn.zj.chinamobile.com/PLTV/88888888/224/3221236270/index.m3u8, From: subscribe, IPv_Type: ipv6, Location: 中国, ISP: 中国移动, Date: None, Delay: -1 ms, Speed: 0.00 M/s, Resolution: None
Name: 内蒙古卫视, URL: http://tvgslb.hn.chinamobile.com:8089/180000001002/00000000000000020000000000182272/main.m3u8?stbid=, From: subscribe, IPv_Type: ipv6, Location: 中国, ISP: 中国移动, Date: None, Delay: -1 ms, Speed: 0.00 M/s, Resolution: None
Name: 内蒙古卫视, URL: http://k.061899.xyz/k.php?id=nmgws, From: subscribe, IPv_Type: ipv6, Location: 新加坡, ISP: Aceville Pte.Ltd., Date: None, Delay: -1 ms, Speed: 0.00 M/s, Resolution: None
Name: 内蒙古卫视, URL: http://hwottcdn.ln.chinamobile.com/PLTV/11/224/3221226886/index.m3u8, From: subscribe, IPv_Type: ipv6, Location: 中国, ISP: 中国移动, Date: None, Delay: -1 ms, Speed: 0.00 M/s, Resolution: None
Name: 内蒙古卫视, URL: http://hwottcdn.ln.chinamobile.com/PLTV/11/224/3221226155/index.m3u8, From: subscribe, IPv_Type: ipv6, Location: 中国, ISP: 中国移动, Date: None, Delay: -1 ms, Speed: 0.00 M/s, Resolution: None
Name: 内蒙古卫视, URL: http://iptvrr.sh.chinamobile.com:6060/cms001/ch00000090990000001068/index.m3u8, From: subscribe, IPv_Type: ipv6, Location: 中国, ISP: 中国移动, Date: None, Delay: -1 ms, Speed: 0.00 M/s, Resolution: None
Name: 内蒙古卫视, URL: https://migu.188766.xyz/?migutoken=744d8cf3678c3ae4bfd36e6b9c40f815&id=%E5%86%85%E8%92%99%E5%8F%A4%E5%8D%AB%E8%A7%86&pp=1, From: subscribe, IPv_Type: ipv6, Location: 美国, ISP: CloudFlare Inc., Date: None, Delay: -1 ms, Speed: 0.00 M/s, Resolution: None
Name: 内蒙古卫视, URL: https://migu.188766.xyz/?migutoken=72a983275cbee3aa6d0001c2ab4847d3&id=%E5%86%85%E8%92%99%E5%8F%A4%E5%8D%AB%E8%A7%86&pp=1, From: subscribe, IPv_Type: ipv6, Location: 美国, ISP: CloudFlare Inc., Date: None, Delay: -1 ms, Speed: 0.00 M/s, Resolution: None
Name: 内蒙古卫视, URL: https://migu.188766.xyz/?migutoken=b75150eb78cdba03602634aff08ef62c&id=%E5%86%85%E8%92%99%E5%8F%A4%E5%8D%AB%E8%A7%86&pp=1, From: subscribe, IPv_Type: ipv6, Location: 美国, ISP: CloudFlare Inc., Date: None, Delay: -1 ms, Speed: 0.00 M/s, Resolution: None
Name: 内蒙古卫视, URL: https://migu.188766.xyz/?migutoken=470dd96256d4e3ee080b06263ac2c4bf&id=%E5%86%85%E8%92%99%E5%8F%A4%E5%8D%AB%E8%A7%86&pp=1, From: subscribe, IPv_Type: ipv6, Location: 美国, ISP: CloudFlare Inc., Date: None, Delay: -1 ms, Speed: 0.00 M/s, Resolution: None
Name: 内蒙古卫视, URL: https://migu.188766.xyz/?migutoken=d9cbc0a0b983f5660517bbb7c3a76642&id=%E5%86%85%E8%92%99%E5%8F%A4%E5%8D%AB%E8%A7%86&pp=1, From: subscribe, IPv_Type: ipv6, Location: 美国, ISP: CloudFlare Inc., Date: None, Delay: -1 ms, Speed: 0.00 M/s, Resolution: None
Name: 内蒙古卫视, URL: https://migu.188766.xyz/?migutoken=9b2b2ea7b65eb1fb01d9e2e487ed454f&id=%E5%86%85%E8%92%99%E5%8F%A4%E5%8D%AB%E8%A7%86&pp=1, From: subscribe, IPv_Type: ipv6, Location: 美国, ISP: CloudFlare Inc., Date: None, Delay: -1 ms, Speed: 0.00 M/s, Resolution: None
Name: 内蒙古卫视, URL: https://migu.188766.xyz/?migutoken=517fc2ced2c87ff5d24c4ef5ea37453c&id=%E5%86%85%E8%92%99%E5%8F%A4%E5%8D%AB%E8%A7%86&pp=1, From: subscribe, IPv_Type: ipv6, Location: 美国, ISP: CloudFlare Inc., Date: None, Delay: -1 ms, Speed: 0.00 M/s, Resolution: None
Name: 内蒙古卫视, URL: https://migu.188766.xyz/?migutoken=be0177d26cbcf0bd0c3be0d02e8badba&id=%E5%86%85%E8%92%99%E5%8F%A4%E5%8D%AB%E8%A7%86&pp=1, From: subscribe, IPv_Type: ipv6, Location: 美国, ISP: CloudFlare Inc., Date: None, Delay: -1 ms, Speed: 0.00 M/s, Resolution: None
Name: 内蒙古卫视, URL: https://migu.188766.xyz/?migutoken=82f3f0f13f1026ad895a6fa815b75d76&id=%E5%86%85%E8%92%99%E5%8F%A4%E5%8D%AB%E8%A7%86&pp=1, From: subscribe, IPv_Type: ipv6, Location: 美国, ISP: CloudFlare Inc., Date: None, Delay: -1 ms, Speed: 0.00 M/s, Resolution: None
Name: 内蒙古卫视, URL: https://migu.188766.xyz/?migutoken=3a41b1405f4f27a89cf047f22334d131&id=%E5%86%85%E8%92%99%E5%8F%A4%E5%8D%AB%E8%A7%86&pp=1, From: subscribe, IPv_Type: ipv6, Location: 美国, ISP: CloudFlare Inc., Date: None, Delay: -1 ms, Speed: 0.00 M/s, Resolution: None
Name: 内蒙古卫视, URL: https://migu.188766.xyz/?migutoken=3668909561932d81acbb6cb341234796&id=%E5%86%85%E8%92%99%E5%8F%A4%E5%8D%AB%E8%A7%86&pp=1, From: subscribe, IPv_Type: ipv6, Location: 美国, ISP: CloudFlare Inc., Date: None, Delay: -1 ms, Speed: 0.00 M/s, Resolution: None
Name: 内蒙古卫视, URL: https://migu.188766.xyz/?migutoken=60a9b82242d62d2946743dc198b28021&id=%E5%86%85%E8%92%99%E5%8F%A4%E5%8D%AB%E8%A7%86&pp=1, From: subscribe, IPv_Type: ipv6, Location: 美国, ISP: CloudFlare Inc., Date: None, Delay: -1 ms, Speed: 0.00 M/s, Resolution: None
Name: 内蒙古卫视, URL: https://migu.188766.xyz/?migutoken=668d0763fe83c0412da09c07266aa498&id=%E5%86%85%E8%92%99%E5%8F%A4%E5%8D%AB%E8%A7%86&pp=1, From: subscribe, IPv_Type: ipv6, Location: 美国, ISP: CloudFlare Inc., Date: None, Delay: -1 ms, Speed: 0.00 M/s, Resolution: None
Name: 内蒙古卫视, URL: https://migu.188766.xyz/?migutoken=466b49ae9d601bf53695f6790ab4644a&id=%E5%86%85%E8%92%99%E5%8F%A4%E5%8D%AB%E8%A7%86&pp=1, From: subscribe, IPv_Type: ipv6, Location: 美国, ISP: CloudFlare Inc., Date: None, Delay: -1 ms, Speed: 0.00 M/s, Resolution: None
Name: 内蒙古卫视, URL: https://migu.188766.xyz/?migutoken=59d623ce2812ca5c98a55a2051689916&id=%E5%86%85%E8%92%99%E5%8F%A4%E5%8D%AB%E8%A7%86&pp=1, From: subscribe, IPv_Type: ipv6, Location: 美国, ISP: CloudFlare Inc., Date: None, Delay: -1 ms, Speed: 0.00 M/s, Resolution: None
Name: 内蒙古卫视, URL: https://migu.188766.xyz/?migutoken=69dee5997d24647a92c53460f276e18a&id=%E5%86%85%E8%92%99%E5%8F%A4%E5%8D%AB%E8%A7%86&pp=1, From: subscribe, IPv_Type: ipv6, Location: 美国, ISP: CloudFlare Inc., Date: None, Delay: -1 ms, Speed: 0.00 M/s, Resolution: None
Name: 内蒙古卫视, URL: https://migu.188766.xyz/?migutoken=3c1c32013554943e72bc5007d91977cb&id=%E5%86%85%E8%92%99%E5%8F%A4%E5%8D%AB%E8%A7%86&pp=1, From: subscribe, IPv_Type: ipv6, Location: 美国, ISP: CloudFlare Inc., Date: None, Delay: -1 ms, Speed: 0.00 M/s, Resolution: None
Name: 内蒙古卫视, URL: http://satellitepull.cnr.cn/live/wx32nmgws/playlist.m3u8, From: subscribe, IPv_Type: ipv4, Location: 美国-新泽西州-摩里斯, ISP: Linode, Date: None, Delay: 18 ms, Speed: 5.31 M/s, Resolution: None
Name: 内蒙古卫视, URL: http://23.237.228.134/live8/neimenggu.m3u8, From: subscribe, IPv_Type: ipv4, Location: 北美地区, ISP: , Date: None, Delay: 561 ms, Speed: 3.36 M/s, Resolution: 1920x1080
Name: 内蒙古卫视, URL: http://218.17.33.178:53290/tsfile/live/0109_1.m3u8?key=txiptv, From: subscribe, IPv_Type: ipv4, Location: 中国-广东-深圳, ISP: 电信, Date: None, Delay: 10349 ms, Speed: 0.14 M/s, Resolution: 720x576
Name: 宁夏卫视, URL: http://php.jdshipin.com/TVOD/hnyd.php?id=200000001898/460000089800010110, From: subscribe, IPv_Type: ipv6, Location: 美国, ISP: CloudFlare Inc., Date: None, Delay: -1 ms, Speed: 0.00 M/s, Resolution: None
Name: 宁夏卫视, URL: http://z.b.bkpcp.top/m.php?id=nxws, From: subscribe, IPv_Type: ipv6, Location: 美国, ISP: CloudFlare Inc., Date: None, Delay: -1 ms, Speed: 0.00 M/s, Resolution: None
Name: 宁夏卫视, URL: http://j.x.bkpcp.top/jx/NXWS, From: subscribe, IPv_Type: ipv6, Location: 美国, ISP: CloudFlare Inc., Date: None, Delay: -1 ms, Speed: 0.00 M/s, Resolution: None
Name: 宁夏卫视, URL: http://3501776.xyz:35455/itv/1000000002000031451.m3u8?cdn=ystenlive, From: subscribe, IPv_Type: ipv6, Location: 美国, ISP: CloudFlare Inc., Date: None, Delay: -1 ms, Speed: 0.00 M/s, Resolution: None
Name: 宁夏卫视, URL: http://goo.bkpcp.top/mg/nxws, From: subscribe, IPv_Type: ipv6, Location: 美国, ISP: CloudFlare Inc., Date: None, Delay: -1 ms, Speed: 0.00 M/s, Resolution: None
Name: 宁夏卫视, URL: http://[2409:8087:1a01:df::4077]:80/ottrrs.hl.chinamobile.com/TVOD/88888888/8/3221226454/index.m3u8, From: subscribe, IPv_Type: ipv6, Location: 中国, ISP: 中国移动, Date: None, Delay: -1 ms, Speed: 0.00 M/s, Resolution: None
Name: 宁夏卫视, URL: http://[2409:8087:8:21::18]:6610/otttv.bj.chinamobile.com/PLTV/88888888/224/3221227003/1.m3u8?GuardEncType=2&accountinfo=%7E%7EV2.0%7ESco1zinvdUYzleEkXYhIvA%7EtP4-l0lmSfjwLWEfK_el1vH_mv-s1zo4AQJwdedaVwG9xkuFTDg8J26cwOrNJzn20BErrHdLhuZ9EzLUCD3PMW-OMx4MGteHV2vLeW6BqoY%2CEND, From: subscribe, IPv_Type: ipv6, Location: 中国, ISP: 中国移动, Date: None, Delay: -1 ms, Speed: 0.00 M/s, Resolution: None
Name: 宁夏卫视, URL: http://[2409:8087:1a01:df::4077]:80/ottrrs.hl.chinamobile.com/PLTV/88888888/8/3221226454/index.m3u8, From: subscribe, IPv_Type: ipv6, Location: 中国, ISP: 中国移动, Date: None, Delay: -1 ms, Speed: 0.00 M/s, Resolution: None
Name: 宁夏卫视, URL: http://hwottcdn.ln.chinamobile.com/PLTV/11/224/3221226154/index.m3u8, From: subscribe, IPv_Type: ipv6, Location: 中国, ISP: 中国移动, Date: None, Delay: -1 ms, Speed: 0.00 M/s, Resolution: None
Name: 宁夏卫视, URL: http://rrs01.hw.gmcc.net:8088/PLTV/81/224/3221226691/1.m3u8, From: subscribe, IPv_Type: ipv6, Location: 中国, ISP: 中国移动, Date: None, Delay: -1 ms, Speed: 0.00 M/s, Resolution: None
Name: 宁夏卫视, URL: http://tvgslb.hn.chinamobile.com:8089/180000001002/00000000000000020000000000182273/main.m3u8?stbid=, From: subscribe, IPv_Type: ipv6, Location: 中国, ISP: 中国移动, Date: None, Delay: -1 ms, Speed: 0.00 M/s, Resolution: None
Name: 宁夏卫视, URL: http://hwottcdn.ln.chinamobile.com/PLTV/11/224/3221226804/index.m3u8, From: subscribe, IPv_Type: ipv6, Location: 中国, ISP: 中国移动, Date: None, Delay: -1 ms, Speed: 0.00 M/s, Resolution: None
Name: 宁夏卫视, URL: http://iptvrr.sh.chinamobile.com:6060/cms001/ch00000090990000001074/index.m3u8, From: subscribe, IPv_Type: ipv6, Location: 中国, ISP: 中国移动, Date: None, Delay: -1 ms, Speed: 0.00 M/s, Resolution: None
Name: 宁夏卫视, URL: http://k.061899.xyz/k.php?id=nxws, From: subscribe, IPv_Type: ipv6, Location: 新加坡, ISP: Aceville Pte.Ltd., Date: None, Delay: -1 ms, Speed: 0.00 M/s, Resolution: None
Name: 宁夏卫视, URL: http://hwltc.tv.cdn.zj.chinamobile.com/PLTV/88888888/224/3221236209/index.m3u8, From: subscribe, IPv_Type: ipv6, Location: 中国, ISP: 中国移动, Date: None, Delay: -1 ms, Speed: 0.00 M/s, Resolution: None
Name: 宁夏卫视, URL: https://migu.188766.xyz/?migutoken=598ea98c0f669f11cb4eed5930046a37&id=%E5%AE%81%E5%A4%8F%E5%8D%AB%E8%A7%86&type=yy, From: subscribe, IPv_Type: ipv6, Location: 美国, ISP: CloudFlare Inc., Date: None, Delay: -1 ms, Speed: 0.00 M/s, Resolution: None
Name: 宁夏卫视, URL: https://migu.188766.xyz/?migutoken=74e30cc91cbca6abcf33d5e71e6927e8&id=%E5%AE%81%E5%A4%8F%E5%8D%AB%E8%A7%86&type=yy, From: subscribe, IPv_Type: ipv6, Location: 美国, ISP: CloudFlare Inc., Date: None, Delay: -1 ms, Speed: 0.00 M/s, Resolution: None
Name: 宁夏卫视, URL: https://migu.188766.xyz/?migutoken=b2723a47e509a077eccbb7c71da6f6da&id=%E5%AE%81%E5%A4%8F%E5%8D%AB%E8%A7%86&type=yy, From: subscribe, IPv_Type: ipv6, Location: 美国, ISP: CloudFlare Inc., Date: None, Delay: -1 ms, Speed: 0.00 M/s, Resolution: None
Name: 宁夏卫视, URL: https://migu.188766.xyz/?migutoken=93fdacddab63ddae4f4d33c37e2ebc6b&id=%E5%AE%81%E5%A4%8F%E5%8D%AB%E8%A7%86&type=yy, From: subscribe, IPv_Type: ipv6, Location: 美国, ISP: CloudFlare Inc., Date: None, Delay: -1 ms, Speed: 0.00 M/s, Resolution: None
Name: 宁夏卫视, URL: https://migu.188766.xyz/?migutoken=e5ebdb498beb06d150da05595a961cbb&id=%E5%AE%81%E5%A4%8F%E5%8D%AB%E8%A7%86&type=yy, From: subscribe, IPv_Type: ipv6, Location: 美国, ISP: CloudFlare Inc., Date: None, Delay: -1 ms, Speed: 0.00 M/s, Resolution: None
Name: 宁夏卫视, URL: https://migu.188766.xyz/?migutoken=012de0a3bdb81063b705ce8a52c13ecd&id=%E5%AE%81%E5%A4%8F%E5%8D%AB%E8%A7%86&type=yy, From: subscribe, IPv_Type: ipv6, Location: 美国, ISP: CloudFlare Inc., Date: None, Delay: -1 ms, Speed: 0.00 M/s, Resolution: None
Name: 宁夏卫视, URL: https://migu.188766.xyz/?migutoken=ddf4f69d1adc1992f507b09123bf713a&id=%E5%AE%81%E5%A4%8F%E5%8D%AB%E8%A7%86&type=yy, From: subscribe, IPv_Type: ipv6, Location: 美国, ISP: CloudFlare Inc., Date: None, Delay: -1 ms, Speed: 0.00 M/s, Resolution: None
Name: 宁夏卫视, URL: https://migu.188766.xyz/?migutoken=1d9569f0a599002aefe10992c97b086a&id=%E5%AE%81%E5%A4%8F%E5%8D%AB%E8%A7%86&type=yy, From: subscribe, IPv_Type: ipv6, Location: 美国, ISP: CloudFlare Inc., Date: None, Delay: -1 ms, Speed: 0.00 M/s, Resolution: None
Name: 宁夏卫视, URL: https://migu.188766.xyz/?migutoken=5826a39230af6d15838be437fdcb48e2&id=%E5%AE%81%E5%A4%8F%E5%8D%AB%E8%A7%86&type=yy, From: subscribe, IPv_Type: ipv6, Location: 美国, ISP: CloudFlare Inc., Date: None, Delay: -1 ms, Speed: 0.00 M/s, Resolution: None
Name: 宁夏卫视, URL: https://migu.188766.xyz/?migutoken=858676426e1f55d3eac804344d130063&id=%E5%AE%81%E5%A4%8F%E5%8D%AB%E8%A7%86&type=yy, From: subscribe, IPv_Type: ipv6, Location: 美国, ISP: CloudFlare Inc., Date: None, Delay: -1 ms, Speed: 0.00 M/s, Resolution: None
Name: 宁夏卫视, URL: https://migu.188766.xyz/?migutoken=dbc147f144beceeccb990b467e93e8e8&id=%E5%AE%81%E5%A4%8F%E5%8D%AB%E8%A7%86&type=yy, From: subscribe, IPv_Type: ipv6, Location: 美国, ISP: CloudFlare Inc., Date: None, Delay: -1 ms, Speed: 0.00 M/s, Resolution: None
Name: 宁夏卫视, URL: https://migu.188766.xyz/?migutoken=1730267e266bc42a0c6246c86bbb0afa&id=%E5%AE%81%E5%A4%8F%E5%8D%AB%E8%A7%86&type=yy, From: subscribe, IPv_Type: ipv6, Location: 美国, ISP: CloudFlare Inc., Date: None, Delay: -1 ms, Speed: 0.00 M/s, Resolution: None
Name: 宁夏卫视, URL: https://migu.188766.xyz/?migutoken=32575a7a456636743f6fa6cc854a89ed&id=%E5%AE%81%E5%A4%8F%E5%8D%AB%E8%A7%86&type=yy, From: subscribe, IPv_Type: ipv6, Location: 美国, ISP: CloudFlare Inc., Date: None, Delay: -1 ms, Speed: 0.00 M/s, Resolution: None
Name: 宁夏卫视, URL: https://migu.188766.xyz/?migutoken=137f4e78cacb5ef502bea988b196c263&id=%E5%AE%81%E5%A4%8F%E5%8D%AB%E8%A7%86&type=yy, From: subscribe, IPv_Type: ipv6, Location: 美国, ISP: CloudFlare Inc., Date: None, Delay: -1 ms, Speed: 0.00 M/s, Resolution: None
Name: 宁夏卫视, URL: https://migu.188766.xyz/?migutoken=c1b525765766bf91497425194401f880&id=%E5%AE%81%E5%A4%8F%E5%8D%AB%E8%A7%86&type=yy, From: subscribe, IPv_Type: ipv6, Location: 美国, ISP: CloudFlare Inc., Date: None, Delay: -1 ms, Speed: 0.00 M/s, Resolution: None
Name: 宁夏卫视, URL: https://migu.188766.xyz/?migutoken=4f39a86719e2a9835f5e2a837070fea0&id=%E5%AE%81%E5%A4%8F%E5%8D%AB%E8%A7%86&type=yy, From: subscribe, IPv_Type: ipv6, Location: 美国, ISP: CloudFlare Inc., Date: None, Delay: -1 ms, Speed: 0.00 M/s, Resolution: None
Name: 宁夏卫视, URL: http://38.75.136.137:98/gslb/dsdqpub/nxws.m3u8?auth=testpub, From: subscribe, IPv_Type: ipv4, Location: 美国-伊利诺伊州-库克, ISP: Cogent, Date: None, Delay: 375 ms, Speed: 6.91 M/s, Resolution: 1920x1080
Name: 宁夏卫视, URL: http://satellitepull.cnr.cn/live/wxnxws/playlist.m3u8, From: subscribe, IPv_Type: ipv4, Location: 美国-新泽西州-摩里斯, ISP: Linode, Date: None, Delay: 18 ms, Speed: 5.08 M/s, Resolution: None
Name: 青海卫视, URL: http://php.jdshipin.com/TVOD/hnyd.php?id=200000001898/460000089800010111, From: subscribe, IPv_Type: ipv6, Location: 美国, ISP: CloudFlare Inc., Date: None, Delay: -1 ms, Speed: 0.00 M/s, Resolution: None
Name: 青海卫视, URL: http://z.b.bkpcp.top/m.php?id=qhws, From: subscribe, IPv_Type: ipv6, Location: 美国, ISP: CloudFlare Inc., Date: None, Delay: -1 ms, Speed: 0.00 M/s, Resolution: None
Name: 青海卫视, URL: http://j.x.bkpcp.top/jx/QHWS, From: subscribe, IPv_Type: ipv6, Location: 美国, ISP: CloudFlare Inc., Date: None, Delay: -1 ms, Speed: 0.00 M/s, Resolution: None
Name: 青海卫视, URL: http://3501776.xyz:35455/itv/1000000002000013359.m3u8?cdn=ystenlive, From: subscribe, IPv_Type: ipv6, Location: 美国, ISP: CloudFlare Inc., Date: None, Delay: -1 ms, Speed: 0.00 M/s, Resolution: None
Name: 青海卫视, URL: http://goo.bkpcp.top/mg/qhws, From: subscribe, IPv_Type: ipv6, Location: 美国, ISP: CloudFlare Inc., Date: None, Delay: -1 ms, Speed: 0.00 M/s, Resolution: None
Name: 青海卫视, URL: https://zby.130519.xyz/PLTV/11/224/3221226105/index.m3u8, From: subscribe, IPv_Type: ipv6, Location: 美国, ISP: CloudFlare Inc., Date: None, Delay: -1 ms, Speed: 0.00 M/s, Resolution: None
Name: 青海卫视, URL: https://migu.188766.xyz/?migutoken=71e326454033b7b10901502322c2dd0e&id=%E9%9D%92%E6%B5%B7%E5%8D%AB%E8%A7%86&type=yy, From: subscribe, IPv_Type: ipv6, Location: 美国, ISP: CloudFlare Inc., Date: None, Delay: -1 ms, Speed: 0.00 M/s, Resolution: None
Name: 青海卫视, URL: http://lu.wqwqwq.sbs/itv/1000000002000013359.m3u8?cdn=ystenlive, From: subscribe, IPv_Type: ipv6, Location: 美国, ISP: CloudFlare Inc., Date: None, Delay: -1 ms, Speed: 0.00 M/s, Resolution: None
Name: 青海卫视, URL: http://[2409:8087:8:21::18]:6610/otttv.bj.chinamobile.com/PLTV/88888888/224/3221227017/1.m3u8?GuardEncType=2&accountinfo=%7E%7EV2.0%7EacviHy_ucMT27Ymf2iLtZA%7EtP4-l0lmSfjwLWEfK_el1vH_mv-s1zo4AQJwdedaVwG9xkuFTDg8J26cwOrNJzn20BErrHdLhuZ9EzLUCD3PMW-OMx4MGteHV2vLeW6BqoY%2CEND, From: subscribe, IPv_Type: ipv6, Location: 中国, ISP: 中国移动, Date: None, Delay: -1 ms, Speed: 0.00 M/s, Resolution: None
Name: 青海卫视, URL: https://migu.188766.xyz/?migutoken=24519fb14140d1724c63cb86bf5a6ff6&id=%E9%9D%92%E6%B5%B7%E5%8D%AB%E8%A7%86&type=yy, From: subscribe, IPv_Type: ipv6, Location: 美国, ISP: CloudFlare Inc., Date: None, Delay: -1 ms, Speed: 0.00 M/s, Resolution: None
Name: 青海卫视, URL: https://iptv.catvod.com/live.php?id=%E9%9D%92%E6%B5%B7%E5%8D%AB%E8%A7%86%E5%8F%B0, From: subscribe, IPv_Type: ipv6, Location: 美国, ISP: CloudFlare Inc., Date: None, Delay: -1 ms, Speed: 0.00 M/s, Resolution: None
Name: 青海卫视, URL: https://iptv.catvod.com/live.php?id=%E9%9D%92%E6%B5%B7%E5%8D%AB%E8%A7%86, From: subscribe, IPv_Type: ipv6, Location: 美国, ISP: CloudFlare Inc., Date: None, Delay: -1 ms, Speed: 0.00 M/s, Resolution: None
Name: 青海卫视, URL: https://migu.188766.xyz/?migutoken=8a4dacc7cee589b5b11f2fd6eb9663d8&id=%E9%9D%92%E6%B5%B7%E5%8D%AB%E8%A7%86&type=yy, From: subscribe, IPv_Type: ipv6, Location: 美国, ISP: CloudFlare Inc., Date: None, Delay: -1 ms, Speed: 0.00 M/s, Resolution: None
Name: 青海卫视, URL: https://migu.188766.xyz/?migutoken=c2fd26d0b08c505949bc76f9bde77085&id=%E9%9D%92%E6%B5%B7%E5%8D%AB%E8%A7%86&type=yy, From: subscribe, IPv_Type: ipv6, Location: 美国, ISP: CloudFlare Inc., Date: None, Delay: -1 ms, Speed: 0.00 M/s, Resolution: None
Name: 青海卫视, URL: https://migu.188766.xyz/?migutoken=0fe9ace4b1ba6667763003c859dee9e1&id=%E9%9D%92%E6%B5%B7%E5%8D%AB%E8%A7%86&type=yy, From: subscribe, IPv_Type: ipv6, Location: 美国, ISP: CloudFlare Inc., Date: None, Delay: -1 ms, Speed: 0.00 M/s, Resolution: None
Name: 青海卫视, URL: https://migu.188766.xyz/?migutoken=809f19a9b78419e65c4f0e2f5849161b&id=%E9%9D%92%E6%B5%B7%E5%8D%AB%E8%A7%86&type=yy, From: subscribe, IPv_Type: ipv6, Location: 美国, ISP: CloudFlare Inc., Date: None, Delay: -1 ms, Speed: 0.00 M/s, Resolution: None
Name: 青海卫视, URL: https://migu.188766.xyz/?migutoken=dc2af497e779e552e80c2f4bf85b04e8&id=%E9%9D%92%E6%B5%B7%E5%8D%AB%E8%A7%86&type=yy, From: subscribe, IPv_Type: ipv6, Location: 美国, ISP: CloudFlare Inc., Date: None, Delay: -1 ms, Speed: 0.00 M/s, Resolution: None
Name: 青海卫视, URL: https://migu.188766.xyz/?migutoken=804b38e21034c66fe432e6ba55370a2b&id=%E9%9D%92%E6%B5%B7%E5%8D%AB%E8%A7%86&type=yy, From: subscribe, IPv_Type: ipv6, Location: 美国, ISP: CloudFlare Inc., Date: None, Delay: -1 ms, Speed: 0.00 M/s, Resolution: None
Name: 青海卫视, URL: https://migu.188766.xyz/?migutoken=6598ca591b15e6546e92ef40b19d85e0&id=%E9%9D%92%E6%B5%B7%E5%8D%AB%E8%A7%86&type=yy, From: subscribe, IPv_Type: ipv6, Location: 美国, ISP: CloudFlare Inc., Date: None, Delay: -1 ms, Speed: 0.00 M/s, Resolution: None
Name: 青海卫视, URL: https://migu.188766.xyz/?migutoken=5731039daf1ee84a49878f52a45c0535&id=%E9%9D%92%E6%B5%B7%E5%8D%AB%E8%A7%86&type=yy, From: subscribe, IPv_Type: ipv6, Location: 美国, ISP: CloudFlare Inc., Date: None, Delay: -1 ms, Speed: 0.00 M/s, Resolution: None
Name: 青海卫视, URL: https://migu.188766.xyz/?migutoken=9c6a6699b0aa367136a4590215ecb632&id=%E9%9D%92%E6%B5%B7%E5%8D%AB%E8%A7%86&type=yy, From: subscribe, IPv_Type: ipv6, Location: 美国, ISP: CloudFlare Inc., Date: None, Delay: -1 ms, Speed: 0.00 M/s, Resolution: None
Name: 青海卫视, URL: http://hwottcdn.ln.chinamobile.com/PLTV/11/224/3221226889/index.m3u8, From: subscribe, IPv_Type: ipv6, Location: 中国, ISP: 中国移动, Date: None, Delay: -1 ms, Speed: 0.00 M/s, Resolution: None
Name: 青海卫视, URL: http://hwottcdn.ln.chinamobile.com/PLTV/11/224/3221226153/index.m3u8, From: subscribe, IPv_Type: ipv6, Location: 中国, ISP: 中国移动, Date: None, Delay: -1 ms, Speed: 0.00 M/s, Resolution: None
Name: 青海卫视, URL: http://tvgslb.hn.chinamobile.com:8089/180000001001/00000001000000000090000000215609/main.m3u8?stbid=, From: subscribe, IPv_Type: ipv6, Location: 中国, ISP: 中国移动, Date: None, Delay: -1 ms, Speed: 0.00 M/s, Resolution: None
Name: 青海卫视, URL: http://tvgslb.hn.chinamobile.com:8089/180000001002/00000000000000020000000000182317/main.m3u8?stbid=, From: subscribe, IPv_Type: ipv6, Location: 中国, ISP: 中国移动, Date: None, Delay: -1 ms, Speed: 0.00 M/s, Resolution: None
Name: 青海卫视, URL: http://iptvrr.sh.chinamobile.com:6060/cms001/ch00000090990000001450/index.m3u8, From: subscribe, IPv_Type: ipv6, Location: 中国, ISP: 中国移动, Date: None, Delay: -1 ms, Speed: 0.00 M/s, Resolution: None
Name: 青海卫视, URL: http://k.061899.xyz/k.php?id=qhws, From: subscribe, IPv_Type: ipv6, Location: 新加坡, ISP: Aceville Pte.Ltd., Date: None, Delay: -1 ms, Speed: 0.00 M/s, Resolution: None
Name: 青海卫视, URL: http://ott.mobaibox.com/PLTV/3/224/3221227554/index.m3u8, From: subscribe, IPv_Type: ipv6, Location: 中国, ISP: 中国移动, Date: None, Delay: -1 ms, Speed: 0.00 M/s, Resolution: None
Name: 青海卫视, URL: http://hwltc.tv.cdn.zj.chinamobile.com/PLTV/88888888/224/3221236252/index.m3u8, From: subscribe, IPv_Type: ipv6, Location: 中国, ISP: 中国移动, Date: None, Delay: -1 ms, Speed: 0.00 M/s, Resolution: None
Name: 青海卫视, URL: http://rrs01.hw.gmcc.net:8088/PLTV/81/224/3221226696/1.m3u8, From: subscribe, IPv_Type: ipv6, Location: 中国, ISP: 中国移动, Date: None, Delay: -1 ms, Speed: 0.00 M/s, Resolution: None
Name: 青海卫视, URL: https://migu.188766.xyz/?migutoken=ad7c8b34e0a8e9ede407e988ef8fccf2&id=%E9%9D%92%E6%B5%B7%E5%8D%AB%E8%A7%86&type=yy, From: subscribe, IPv_Type: ipv6, Location: 美国, ISP: CloudFlare Inc., Date: None, Delay: -1 ms, Speed: 0.00 M/s, Resolution: None
Name: 青海卫视, URL: https://migu.188766.xyz/?migutoken=d5ea640da252ee269b70c83537daee6c&id=%E9%9D%92%E6%B5%B7%E5%8D%AB%E8%A7%86&type=yy, From: subscribe, IPv_Type: ipv6, Location: 美国, ISP: CloudFlare Inc., Date: None, Delay: -1 ms, Speed: 0.00 M/s, Resolution: None
Name: 青海卫视, URL: https://migu.188766.xyz/?migutoken=beaef1d74dceceae1de64d11fafbc46c&id=%E9%9D%92%E6%B5%B7%E5%8D%AB%E8%A7%86&type=yy, From: subscribe, IPv_Type: ipv6, Location: 美国, ISP: CloudFlare Inc., Date: None, Delay: -1 ms, Speed: 0.00 M/s, Resolution: None
Name: 青海卫视, URL: https://migu.188766.xyz/?migutoken=6178c3833d0eaec9e1530502788142e4&id=%E9%9D%92%E6%B5%B7%E5%8D%AB%E8%A7%86&type=yy, From: subscribe, IPv_Type: ipv6, Location: 美国, ISP: CloudFlare Inc., Date: None, Delay: -1 ms, Speed: 0.00 M/s, Resolution: None
Name: 青海卫视, URL: https://migu.188766.xyz/?migutoken=194dccad5bf7043536b3025263a2ebe1&id=%E9%9D%92%E6%B5%B7%E5%8D%AB%E8%A7%86&type=yy, From: subscribe, IPv_Type: ipv6, Location: 美国, ISP: CloudFlare Inc., Date: None, Delay: -1 ms, Speed: 0.00 M/s, Resolution: None
Name: 青海卫视, URL: https://migu.188766.xyz/?migutoken=498034b126f19c3de50143c43d9fd29c&id=%E9%9D%92%E6%B5%B7%E5%8D%AB%E8%A7%86&type=yy, From: subscribe, IPv_Type: ipv6, Location: 美国, ISP: CloudFlare Inc., Date: None, Delay: -1 ms, Speed: 0.00 M/s, Resolution: None
Name: 青海卫视, URL: https://migu.188766.xyz/?migutoken=c5373f2858cf8f1da8e45323762a6705&id=%E9%9D%92%E6%B5%B7%E5%8D%AB%E8%A7%86&type=yy, From: subscribe, IPv_Type: ipv6, Location: 美国, ISP: CloudFlare Inc., Date: None, Delay: -1 ms, Speed: 0.00 M/s, Resolution: None
Name: 青海卫视, URL: https://migu.188766.xyz/?migutoken=400df9320243284bd89a2d4d5411a897&id=%E9%9D%92%E6%B5%B7%E5%8D%AB%E8%A7%86&type=yy, From: subscribe, IPv_Type: ipv6, Location: 美国, ISP: CloudFlare Inc., Date: None, Delay: -1 ms, Speed: 0.00 M/s, Resolution: None
Name: 青海卫视, URL: https://migu.188766.xyz/?migutoken=2a99e08c6f9d7c71d0f44bc80c7db170&id=%E9%9D%92%E6%B5%B7%E5%8D%AB%E8%A7%86&type=yy, From: subscribe, IPv_Type: ipv6, Location: 美国, ISP: CloudFlare Inc., Date: None, Delay: -1 ms, Speed: 0.00 M/s, Resolution: None
Name: 青海卫视, URL: https://migu.188766.xyz/?migutoken=3f20379829f1e1fad50873a632595e84&id=%E9%9D%92%E6%B5%B7%E5%8D%AB%E8%A7%86&type=yy, From: subscribe, IPv_Type: ipv6, Location: 美国, ISP: CloudFlare Inc., Date: None, Delay: -1 ms, Speed: 0.00 M/s, Resolution: None
Name: 青海卫视, URL: https://migu.188766.xyz/?migutoken=c18ea41b280bbdf6cb1d21886eb44167&id=%E9%9D%92%E6%B5%B7%E5%8D%AB%E8%A7%86&type=yy, From: subscribe, IPv_Type: ipv6, Location: 美国, ISP: CloudFlare Inc., Date: None, Delay: -1 ms, Speed: 0.00 M/s, Resolution: None
Name: 青海卫视, URL: https://migu.188766.xyz/?migutoken=279a4696563105e34996df50e260f281&id=%E9%9D%92%E6%B5%B7%E5%8D%AB%E8%A7%86&type=yy, From: subscribe, IPv_Type: ipv6, Location: 美国, ISP: CloudFlare Inc., Date: None, Delay: -1 ms, Speed: 0.00 M/s, Resolution: None
Name: 青海卫视, URL: https://migu.188766.xyz/?migutoken=40393f5f973a380bacf6f48846cd98a4&id=%E9%9D%92%E6%B5%B7%E5%8D%AB%E8%A7%86&type=yy, From: subscribe, IPv_Type: ipv6, Location: 美国, ISP: CloudFlare Inc., Date: None, Delay: -1 ms, Speed: 0.00 M/s, Resolution: None
Name: 青海卫视, URL: https://migu.188766.xyz/?migutoken=f562bfdeda4ddad85e1d9652f321bb4d&id=%E9%9D%92%E6%B5%B7%E5%8D%AB%E8%A7%86&type=yy, From: subscribe, IPv_Type: ipv6, Location: 美国, ISP: CloudFlare Inc., Date: None, Delay: -1 ms, Speed: 0.00 M/s, Resolution: None
Name: 青海卫视, URL: https://migu.188766.xyz/?migutoken=c1ad7569ec4417ba280f6f06092b08eb&id=%E9%9D%92%E6%B5%B7%E5%8D%AB%E8%A7%86&type=yy, From: subscribe, IPv_Type: ipv6, Location: 美国, ISP: CloudFlare Inc., Date: None, Delay: -1 ms, Speed: 0.00 M/s, Resolution: None
Name: 青海卫视, URL: https://migu.188766.xyz/?migutoken=069f3fc2afd1cf179b8a8f4b4fe6fa42&id=%E9%9D%92%E6%B5%B7%E5%8D%AB%E8%A7%86&type=yy, From: subscribe, IPv_Type: ipv6, Location: 美国, ISP: CloudFlare Inc., Date: None, Delay: -1 ms, Speed: 0.00 M/s, Resolution: None
Name: 青海卫视, URL: https://migu.188766.xyz/?migutoken=2e7db217fb561cc5ed325560d10395a5&id=%E9%9D%92%E6%B5%B7%E5%8D%AB%E8%A7%86&type=yy, From: subscribe, IPv_Type: ipv6, Location: 美国, ISP: CloudFlare Inc., Date: None, Delay: -1 ms, Speed: 0.00 M/s, Resolution: None
Name: 青海卫视, URL: http://38.75.136.137:98/gslb/dsdqpub/qhws.m3u8?auth=testpub, From: subscribe, IPv_Type: ipv4, Location: 美国-伊利诺伊州-库克, ISP: Cogent, Date: None, Delay: 424 ms, Speed: 6.39 M/s, Resolution: 1920x1080
Name: 青海卫视, URL: http://satellitepull.cnr.cn/live/wx32qhws/playlist.m3u8, From: subscribe, IPv_Type: ipv4, Location: 美国-新泽西州-摩里斯, ISP: Linode, Date: None, Delay: 17 ms, Speed: 5.10 M/s, Resolution: None
Name: 青海卫视, URL: http://23.237.228.134/live8/qinghai.m3u8, From: subscribe, IPv_Type: ipv4, Location: 北美地区, ISP: , Date: None, Delay: 1096 ms, Speed: 2.86 M/s, Resolution: 1920x1080
Name: 山东卫视, URL: http://php.jdshipin.com/TVOD/hnyd.php?id=200000001898/460000089800010066, From: subscribe, IPv_Type: ipv6, Location: 美国, ISP: CloudFlare Inc., Date: None, Delay: -1 ms, Speed: 0.00 M/s, Resolution: None
Name: 山东卫视, URL: http://z.b.bkpcp.top/m.php?id=sdws, From: subscribe, IPv_Type: ipv6, Location: 美国, ISP: CloudFlare Inc., Date: None, Delay: -1 ms, Speed: 0.00 M/s, Resolution: None
Name: 山东卫视, URL: http://j.x.bkpcp.top/jx/SHANDHD, From: subscribe, IPv_Type: ipv6, Location: 美国, ISP: CloudFlare Inc., Date: None, Delay: -1 ms, Speed: 0.00 M/s, Resolution: None
Name: 山东卫视, URL: http://3501776.xyz:35455/itv/1000000005000265019.m3u8?cdn=ystenlive, From: subscribe, IPv_Type: ipv6, Location: 美国, ISP: CloudFlare Inc., Date: None, Delay: -1 ms, Speed: 0.00 M/s, Resolution: None
Name: 山东卫视, URL: http://iptv.huuc.edu.cn/hls/sdhd.m3u8, From: subscribe, IPv_Type: ipv6, Location: 中国, ISP: 教育网, Date: None, Delay: -1 ms, Speed: 0.00 M/s, Resolution: None
Name: 山东卫视, URL: https://zby.130519.xyz/PLTV/11/224/3221225733/index.m3u8, From: subscribe, IPv_Type: ipv6, Location: 美国, ISP: CloudFlare Inc., Date: None, Delay: -1 ms, Speed: 0.00 M/s, Resolution: None
Name: 山东卫视, URL: https://iptv.catvod.com/live.php?id=%E5%B1%B1%E4%B8%9C%E5%8D%AB%E8%A7%86%E5%8F%B0, From: subscribe, IPv_Type: ipv6, Location: 美国, ISP: CloudFlare Inc., Date: None, Delay: -1 ms, Speed: 0.00 M/s, Resolution: None
Name: 山东卫视, URL: http://[2409:8087:8:21::18]:6610/otttv.bj.chinamobile.com/PLTV/88888888/224/3221226957/1.m3u8?GuardEncType=2&accountinfo=%7E%7EV2.0%7EjW26v5VaHGy1jQuIA-4EbA%7EtP4-l0lmSfjwLWEfK_el1vH_mv-s1zo4AQJwdedaVwG9xkuFTDg8J26cwOrNJzn20BErrHdLhuZ9EzLUCD3PMW-OMx4MGteHV2vLeW6BqoY%2CEND, From: subscribe, IPv_Type: ipv6, Location: 中国, ISP: 中国移动, Date: None, Delay: -1 ms, Speed: 0.00 M/s, Resolution: None
Name: 山东卫视, URL: http://[2409:8087:1a01:df::4077]/ottrrs.hl.chinamobile.com/PLTV/88888888/8/3221226456/index.m3u8, From: subscribe, IPv_Type: ipv6, Location: 中国, ISP: 中国移动, Date: None, Delay: -1 ms, Speed: 0.00 M/s, Resolution: None
Name: 山东卫视, URL: https://iptv.catvod.com/live.php?id=%E5%B1%B1%E4%B8%9C%E5%8D%AB%E8%A7%86, From: subscribe, IPv_Type: ipv6, Location: 美国, ISP: CloudFlare Inc., Date: None, Delay: -1 ms, Speed: 0.00 M/s, Resolution: None
Name: 山东卫视, URL: http://hwottcdn.ln.chinamobile.com/PLTV/11/224/3221226739/index.m3u8, From: subscribe, IPv_Type: ipv6, Location: 中国, ISP: 中国移动, Date: None, Delay: -1 ms, Speed: 0.00 M/s, Resolution: None
Name: 山东卫视, URL: http://hwottcdn.ln.chinamobile.com/PLTV/11/224/3221227312/index.m3u8, From: subscribe, IPv_Type: ipv6, Location: 中国, ISP: 中国移动, Date: None, Delay: -1 ms, Speed: 0.00 M/s, Resolution: None
Name: 山东卫视, URL: http://tvgslb.hn.chinamobile.com:8089/180000001002/00000000000000020000000000182570/main.m3u8?stbid=, From: subscribe, IPv_Type: ipv6, Location: 中国, ISP: 中国移动, Date: None, Delay: -1 ms, Speed: 0.00 M/s, Resolution: None
Name: 山东卫视, URL: http://hwltc.tv.cdn.zj.chinamobile.com/PLTV/88888888/224/3221236159/index.m3u8, From: subscribe, IPv_Type: ipv6, Location: 中国, ISP: 中国移动, Date: None, Delay: -1 ms, Speed: 0.00 M/s, Resolution: None
Name: 山东卫视, URL: http://iptvrr.sh.chinamobile.com:6060/cms001/ch00000090990000001028/index.m3u8, From: subscribe, IPv_Type: ipv6, Location: 中国, ISP: 中国移动, Date: None, Delay: -1 ms, Speed: 0.00 M/s, Resolution: None
Name: 山东卫视, URL: http://rrs01.hw.gmcc.net:8088/PLTV/81/224/3221226693/1.m3u8, From: subscribe, IPv_Type: ipv6, Location: 中国, ISP: 中国移动, Date: None, Delay: -1 ms, Speed: 0.00 M/s, Resolution: None
Name: 山东卫视, URL: http://ott.mobaibox.com/PLTV/3/224/3221227517/index.m3u8, From: subscribe, IPv_Type: ipv6, Location: 中国, ISP: 中国移动, Date: None, Delay: -1 ms, Speed: 0.00 M/s, Resolution: None
Name: 山东卫视, URL: http://hwottcdn.ln.chinamobile.com/PLTV/11/224/3221226138/index.m3u8, From: subscribe, IPv_Type: ipv6, Location: 中国, ISP: 中国移动, Date: None, Delay: -1 ms, Speed: 0.00 M/s, Resolution: None
Name: 山东卫视, URL: http://tvgslb.hn.chinamobile.com:8089/180000001002/00000001000000000008000000047448/main.m3u8?stbid=, From: subscribe, IPv_Type: ipv6, Location: 中国, ISP: 中国移动, Date: None, Delay: -1 ms, Speed: 0.00 M/s, Resolution: None
Name: 山东卫视, URL: http://k.061899.xyz/k.php?id=sdws, From: subscribe, IPv_Type: ipv6, Location: 新加坡, ISP: Aceville Pte.Ltd., Date: None, Delay: -1 ms, Speed: 0.00 M/s, Resolution: None
Name: 山东卫视, URL: http://hwottcdn.ln.chinamobile.com/PLTV/11/224/3221226887/index.m3u8, From: subscribe, IPv_Type: ipv6, Location: 中国, ISP: 中国移动, Date: None, Delay: -1 ms, Speed: 0.00 M/s, Resolution: None
Name: 山东卫视, URL: https://hlsbkmgsplive.miguvideo.com/wd_r4/yg/shandongwshd/3000/01.m3u8?&HlsSubType=&encrypt=, From: subscribe, IPv_Type: ipv6, Location: 中国, ISP: 中国移动, Date: None, Delay: -1 ms, Speed: 0.00 M/s, Resolution: None
Name: 山东卫视, URL: http://38.75.136.137:98/gslb/dsdqpub/sdwshd.m3u8?auth=testpub, From: subscribe, IPv_Type: ipv4, Location: 美国-伊利诺伊州-库克, ISP: Cogent, Date: None, Delay: 364 ms, Speed: 8.84 M/s, Resolution: 1920x1080
Name: 山东卫视, URL: http://satellitepull.cnr.cn/live/wxsdws/playlist.m3u8, From: subscribe, IPv_Type: ipv4, Location: 美国-新泽西州-摩里斯, ISP: Linode, Date: None, Delay: 19 ms, Speed: 5.27 M/s, Resolution: None
Name: 山西卫视, URL: http://php.jdshipin.com/TVOD/hnyd.php?id=200000001898/460000089800010114, From: subscribe, IPv_Type: ipv6, Location: 美国, ISP: CloudFlare Inc., Date: None, Delay: -1 ms, Speed: 0.00 M/s, Resolution: None
Name: 山西卫视, URL: http://j.x.bkpcp.top/jx/SXWS, From: subscribe, IPv_Type: ipv6, Location: 美国, ISP: CloudFlare Inc., Date: None, Delay: -1 ms, Speed: 0.00 M/s, Resolution: None
Name: 山西卫视, URL: http://3501776.xyz:35455/itv/1000000002000021220.m3u8?cdn=ystenlive, From: subscribe, IPv_Type: ipv6, Location: 美国, ISP: CloudFlare Inc., Date: None, Delay: -1 ms, Speed: 0.00 M/s, Resolution: None
Name: 山西卫视, URL: https://zby.130519.xyz/PLTV/11/224/3221226113/index.m3u8, From: subscribe, IPv_Type: ipv6, Location: 美国, ISP: CloudFlare Inc., Date: None, Delay: -1 ms, Speed: 0.00 M/s, Resolution: None
Name: 山西卫视, URL: https://iptv.catvod.com/live.php?id=%E5%B1%B1%E8%A5%BF%E5%8D%AB%E8%A7%86, From: subscribe, IPv_Type: ipv6, Location: 美国, ISP: CloudFlare Inc., Date: None, Delay: -1 ms, Speed: 0.00 M/s, Resolution: None
Name: 山西卫视, URL: http://m3u8.channel.wsrtv.com.cn/cms/videos/nmip-media/channellive/channel7/playlist.m3u8, From: subscribe, IPv_Type: ipv6, Location: 中国, ISP: 中国电信, Date: None, Delay: -1 ms, Speed: 0.00 M/s, Resolution: None
Name: 山西卫视, URL: http://[2409:8087:8:21::18]:6610/otttv.bj.chinamobile.com/PLTV/88888888/224/3221227016/1.m3u8?GuardEncType=2&accountinfo=%7E%7EV2.0%7ESb5Qr3NTpE2ZugIroKoyTw%7EtP4-l0lmSfjwLWEfK_el1vH_mv-s1zo4AQJwdedaVwG9xkuFTDg8J26cwOrNJzn20BErrHdLhuZ9EzLUCD3PMW-OMx4MGteHV2vLeW6BqoY%2CEND, From: subscribe, IPv_Type: ipv6, Location: 中国, ISP: 中国移动, Date: None, Delay: -1 ms, Speed: 0.00 M/s, Resolution: None
Name: 山西卫视, URL: http://[2409:8087:1a01:df::4077]/ottrrs.hl.chinamobile.com/PLTV/88888888/8/3221226392/index.m3u8, From: subscribe, IPv_Type: ipv6, Location: 中国, ISP: 中国移动, Date: None, Delay: -1 ms, Speed: 0.00 M/s, Resolution: None
Name: 山西卫视, URL: https://stream1.freetv.fun/shan-xi-wei-shi-25.m3u8, From: subscribe, IPv_Type: ipv6, Location: 美国, ISP: CloudFlare Inc., Date: None, Delay: -1 ms, Speed: 0.00 M/s, Resolution: None
Name: 山西卫视, URL: https://iptv.catvod.com/live.php?id=%E5%B1%B1%E8%A5%BF%E5%8D%AB%E8%A7%86%E5%8F%B0, From: subscribe, IPv_Type: ipv6, Location: 美国, ISP: CloudFlare Inc., Date: None, Delay: -1 ms, Speed: 0.00 M/s, Resolution: None
Name: 山西卫视, URL: http://hwltc.tv.cdn.zj.chinamobile.com/PLTV/88888888/224/3221236264/index.m3u8, From: subscribe, IPv_Type: ipv6, Location: 中国, ISP: 中国移动, Date: None, Delay: -1 ms, Speed: 0.00 M/s, Resolution: None
Name: 山西卫视, URL: http://k.061899.xyz/k.php?id=sxiws, From: subscribe, IPv_Type: ipv6, Location: 新加坡, ISP: Aceville Pte.Ltd., Date: None, Delay: -1 ms, Speed: 0.00 M/s, Resolution: None
Name: 山西卫视, URL: http://tvgslb.hn.chinamobile.com:8089/180000001002/00000000000000020000000000182271/main.m3u8?stbid=, From: subscribe, IPv_Type: ipv6, Location: 中国, ISP: 中国移动, Date: None, Delay: -1 ms, Speed: 0.00 M/s, Resolution: None
Name: 山西卫视, URL: http://rrs01.hw.gmcc.net:8088/PLTV/81/224/3221226704/1.m3u8, From: subscribe, IPv_Type: ipv6, Location: 中国, ISP: 中国移动, Date: None, Delay: -1 ms, Speed: 0.00 M/s, Resolution: None
Name: 山西卫视, URL: http://hwottcdn.ln.chinamobile.com/PLTV/11/224/3221226778/index.m3u8, From: subscribe, IPv_Type: ipv6, Location: 中国, ISP: 中国移动, Date: None, Delay: -1 ms, Speed: 0.00 M/s, Resolution: None
Name: 山西卫视, URL: http://hwottcdn.ln.chinamobile.com/PLTV/11/224/3221226137/index.m3u8, From: subscribe, IPv_Type: ipv6, Location: 中国, ISP: 中国移动, Date: None, Delay: -1 ms, Speed: 0.00 M/s, Resolution: None
Name: 山西卫视, URL: http://iptvrr.sh.chinamobile.com:6060/cms001/ch00000090990000001070/index.m3u8, From: subscribe, IPv_Type: ipv6, Location: 中国, ISP: 中国移动, Date: None, Delay: -1 ms, Speed: 0.00 M/s, Resolution: None
Name: 山西卫视, URL: http://38.75.136.137:98/gslb/dsdqpub/sxwshd.m3u8?auth=testpub, From: subscribe, IPv_Type: ipv4, Location: 美国-伊利诺伊州-库克, ISP: Cogent, Date: None, Delay: 327 ms, Speed: 6.21 M/s, Resolution: 1920x1080
Name: 山西卫视, URL: http://satellitepull.cnr.cn/live/wxssxws/playlist.m3u8, From: subscribe, IPv_Type: ipv4, Location: 美国-新泽西州-摩里斯, ISP: Linode, Date: None, Delay: 18 ms, Speed: 5.35 M/s, Resolution: None
Name: 山西卫视, URL: http://23.237.228.134/live8/shanxi.m3u8, From: subscribe, IPv_Type: ipv4, Location: 北美地区, ISP: , Date: None, Delay: 630 ms, Speed: 4.54 M/s, Resolution: 1920x1080
Name: 陕西卫视, URL: http://php.jdshipin.com/TVOD/hnyd.php?id=200000001898/460000089800010113, From: subscribe, IPv_Type: ipv6, Location: 美国, ISP: CloudFlare Inc., Date: None, Delay: -1 ms, Speed: 0.00 M/s, Resolution: None
Name: 陕西卫视, URL: http://z.b.bkpcp.top/m.php?id=sxws, From: subscribe, IPv_Type: ipv6, Location: 美国, ISP: CloudFlare Inc., Date: None, Delay: -1 ms, Speed: 0.00 M/s, Resolution: None
Name: 陕西卫视, URL: http://gat.bkpcp.top/ymg.php?id=sxws, From: subscribe, IPv_Type: ipv6, Location: 美国, ISP: CloudFlare Inc., Date: None, Delay: -1 ms, Speed: 0.00 M/s, Resolution: None
Name: 陕西卫视, URL: http://3501776.xyz:35455/itv/1000000002000007495.m3u8?cdn=ystenlive, From: subscribe, IPv_Type: ipv6, Location: 美国, ISP: CloudFlare Inc., Date: None, Delay: -1 ms, Speed: 0.00 M/s, Resolution: None
Name: 陕西卫视, URL: http://goo.bkpcp.top/mg/sxws, From: subscribe, IPv_Type: ipv6, Location: 美国, ISP: CloudFlare Inc., Date: None, Delay: -1 ms, Speed: 0.00 M/s, Resolution: None
Name: 陕西卫视, URL: https://migu.188766.xyz/?migutoken=73c5b0d0464f711b295fa448b9464e94&id=%E9%99%95%E8%A5%BF%E5%8D%AB%E8%A7%86&type=yy, From: subscribe, IPv_Type: ipv6, Location: 美国, ISP: CloudFlare Inc., Date: None, Delay: -1 ms, Speed: 0.00 M/s, Resolution: None
Name: 陕西卫视, URL: http://[2409:8087:8:21::18]:6610/otttv.bj.chinamobile.com/PLTV/88888888/224/3221226999/1.m3u8?GuardEncType=2&accountinfo=%7E%7EV2.0%7EsGLKaSqf0wDZMbAjeQtfyw%7EtP4-l0lmSfjwLWEfK_el1vH_mv-s1zo4AQJwdedaVwG9xkuFTDg8J26cwOrNJzn20BErrHdLhuZ9EzLUCD3PMW-OMx4MGteHV2vLeW6BqoY%2CEND, From: subscribe, IPv_Type: ipv6, Location: 中国, ISP: 中国移动, Date: None, Delay: -1 ms, Speed: 0.00 M/s, Resolution: None
Name: 陕西卫视, URL: https://www.freetv.top/migu/738910838.m3u8?migutoken=3899cd1daaa04f812c6d4b13126e3c00ad177635abc5559f1b596e814ff8eb3d745e7bd40b881206a2852a5ed041ca424112cf1d9b385c72ea9de42c8d86f45227af0f51a8b4f4c18a038a8e6d, From: subscribe, IPv_Type: ipv6, Location: 美国-加利福尼亚州-圣克拉拉, ISP: DigitalOcean, Date: None, Delay: -1 ms, Speed: 0.00 M/s, Resolution: None
Name: 陕西卫视, URL: https://www.freetv.top/migu/738910838.m3u8?migutoken=35df06ac83a8fe0b0d98f96b8dbf5821d2a57fbd279c10148f5eb543353c48d828c15e639a63919e023774c69fac3a6f5a2bbfd1ee773d77c0dc154b9acd0c77e84c99627dd15f852e56ab3281, From: subscribe, IPv_Type: ipv6, Location: 美国-加利福尼亚州-圣克拉拉, ISP: DigitalOcean, Date: None, Delay: -1 ms, Speed: 0.00 M/s, Resolution: None
Name: 陕西卫视, URL: https://migu.188766.xyz/?migutoken=077e60fb413a237de8391b33347d052c&id=%E9%99%95%E8%A5%BF%E5%8D%AB%E8%A7%86&type=yy, From: subscribe, IPv_Type: ipv6, Location: 美国, ISP: CloudFlare Inc., Date: None, Delay: -1 ms, Speed: 0.00 M/s, Resolution: None
Name: 陕西卫视, URL: https://migu.188766.xyz/?migutoken=741295f6092615c237738035a96b3ad6&id=%E9%99%95%E8%A5%BF%E5%8D%AB%E8%A7%86&type=yy, From: subscribe, IPv_Type: ipv6, Location: 美国, ISP: CloudFlare Inc., Date: None, Delay: -1 ms, Speed: 0.00 M/s, Resolution: None
Name: 陕西卫视, URL: https://migu.188766.xyz/?migutoken=d2db024b27b1d0a3c583e0cc76572d6c&id=%E9%99%95%E8%A5%BF%E5%8D%AB%E8%A7%86&type=yy, From: subscribe, IPv_Type: ipv6, Location: 美国, ISP: CloudFlare Inc., Date: None, Delay: -1 ms, Speed: 0.00 M/s, Resolution: None
Name: 陕西卫视, URL: https://migu.188766.xyz/?migutoken=9a6adb92a78e175fb440209572164653&id=%E9%99%95%E8%A5%BF%E5%8D%AB%E8%A7%86&type=yy, From: subscribe, IPv_Type: ipv6, Location: 美国, ISP: CloudFlare Inc., Date: None, Delay: -1 ms, Speed: 0.00 M/s, Resolution: None
Name: 陕西卫视, URL: https://migu.188766.xyz/?migutoken=c547f0e5aa3c2381c046138159cd0cda&id=%E9%99%95%E8%A5%BF%E5%8D%AB%E8%A7%86&type=yy, From: subscribe, IPv_Type: ipv6, Location: 美国, ISP: CloudFlare Inc., Date: None, Delay: -1 ms, Speed: 0.00 M/s, Resolution: None
Name: 陕西卫视, URL: https://iptv.catvod.com/live.php?id=%E9%99%95%E8%A5%BF%E5%8D%AB%E8%A7%86, From: subscribe, IPv_Type: ipv6, Location: 美国, ISP: CloudFlare Inc., Date: None, Delay: -1 ms, Speed: 0.00 M/s, Resolution: None
Name: 陕西卫视, URL: https://migu.188766.xyz/?migutoken=b07edbe8e8d0bec7bf1cfecafc51248c&id=%E9%99%95%E8%A5%BF%E5%8D%AB%E8%A7%86&type=yy, From: subscribe, IPv_Type: ipv6, Location: 美国, ISP: CloudFlare Inc., Date: None, Delay: -1 ms, Speed: 0.00 M/s, Resolution: None
Name: 陕西卫视, URL: https://migu.188766.xyz/?migutoken=4602cf38c29715928eda942608940577&id=%E9%99%95%E8%A5%BF%E5%8D%AB%E8%A7%86&type=yy, From: subscribe, IPv_Type: ipv6, Location: 美国, ISP: CloudFlare Inc., Date: None, Delay: -1 ms, Speed: 0.00 M/s, Resolution: None
Name: 陕西卫视, URL: https://migu.188766.xyz/?migutoken=b2078d3f05e0227abd17abdc72dc2b63&id=%E9%99%95%E8%A5%BF%E5%8D%AB%E8%A7%86&type=yy, From: subscribe, IPv_Type: ipv6, Location: 美国, ISP: CloudFlare Inc., Date: None, Delay: -1 ms, Speed: 0.00 M/s, Resolution: None
Name: 陕西卫视, URL: https://migu.188766.xyz/?migutoken=40fe5f570a52a8db86883518a8065757&id=%E9%99%95%E8%A5%BF%E5%8D%AB%E8%A7%86&type=yy, From: subscribe, IPv_Type: ipv6, Location: 美国, ISP: CloudFlare Inc., Date: None, Delay: -1 ms, Speed: 0.00 M/s, Resolution: None
Name: 陕西卫视, URL: https://migu.188766.xyz/?migutoken=6c112a9edf2046d945b4a88a75b5fcd7&id=%E9%99%95%E8%A5%BF%E5%8D%AB%E8%A7%86&type=yy, From: subscribe, IPv_Type: ipv6, Location: 美国, ISP: CloudFlare Inc., Date: None, Delay: -1 ms, Speed: 0.00 M/s, Resolution: None
Name: 陕西卫视, URL: http://hwottcdn.ln.chinamobile.com/PLTV/11/224/3221226892/index.m3u8, From: subscribe, IPv_Type: ipv6, Location: 中国, ISP: 中国移动, Date: None, Delay: -1 ms, Speed: 0.00 M/s, Resolution: None
Name: 陕西卫视, URL: http://hwltc.tv.cdn.zj.chinamobile.com/PLTV/88888888/224/3221236370/index.m3u8, From: subscribe, IPv_Type: ipv6, Location: 中国, ISP: 中国移动, Date: None, Delay: -1 ms, Speed: 0.00 M/s, Resolution: None
Name: 陕西卫视, URL: http://tvgslb.hn.chinamobile.com:8089/180000001002/00000000000000020000000000182270/main.m3u8?stbid=, From: subscribe, IPv_Type: ipv6, Location: 中国, ISP: 中国移动, Date: None, Delay: -1 ms, Speed: 0.00 M/s, Resolution: None
Name: 陕西卫视, URL: http://rrs01.hw.gmcc.net:8088/PLTV/81/224/3221226707/1.m3u8, From: subscribe, IPv_Type: ipv6, Location: 中国, ISP: 中国移动, Date: None, Delay: -1 ms, Speed: 0.00 M/s, Resolution: None
Name: 陕西卫视, URL: http://tvgslb.hn.chinamobile.com:8089/180000001002/00000001000000000090000000215607/main.m3u8?stbid=, From: subscribe, IPv_Type: ipv6, Location: 中国, ISP: 中国移动, Date: None, Delay: -1 ms, Speed: 0.00 M/s, Resolution: None
Name: 陕西卫视, URL: http://k.061899.xyz/k.php?id=sxws, From: subscribe, IPv_Type: ipv6, Location: 新加坡, ISP: Aceville Pte.Ltd., Date: None, Delay: -1 ms, Speed: 0.00 M/s, Resolution: None
Name: 陕西卫视, URL: http://iptvrr.sh.chinamobile.com:6060/cms001/ch00000090990000001067/index.m3u8, From: subscribe, IPv_Type: ipv6, Location: 中国, ISP: 中国移动, Date: None, Delay: -1 ms, Speed: 0.00 M/s, Resolution: None
Name: 陕西卫视, URL: http://ott.mobaibox.com/PLTV/3/224/3221227583/index.m3u8, From: subscribe, IPv_Type: ipv6, Location: 中国, ISP: 中国移动, Date: None, Delay: -1 ms, Speed: 0.00 M/s, Resolution: None
Name: 陕西卫视, URL: https://migu.188766.xyz/?migutoken=e4d9c7e0bee6c13ead948142f9f0ae78&id=%E9%99%95%E8%A5%BF%E5%8D%AB%E8%A7%86&type=yy, From: subscribe, IPv_Type: ipv6, Location: 美国, ISP: CloudFlare Inc., Date: None, Delay: -1 ms, Speed: 0.00 M/s, Resolution: None
Name: 陕西卫视, URL: https://migu.188766.xyz/?migutoken=1054957990e91afa6b62082daf9dcd6b&id=%E9%99%95%E8%A5%BF%E5%8D%AB%E8%A7%86&type=yy, From: subscribe, IPv_Type: ipv6, Location: 美国, ISP: CloudFlare Inc., Date: None, Delay: -1 ms, Speed: 0.00 M/s, Resolution: None
Name: 陕西卫视, URL: https://migu.188766.xyz/?migutoken=e8321300dcadac6f1cc1d6da1bf3d1d7&id=%E9%99%95%E8%A5%BF%E5%8D%AB%E8%A7%86&type=yy, From: subscribe, IPv_Type: ipv6, Location: 美国, ISP: CloudFlare Inc., Date: None, Delay: -1 ms, Speed: 0.00 M/s, Resolution: None
Name: 陕西卫视, URL: https://migu.188766.xyz/?migutoken=50a9ab480b9bda17a8304da13841eaa8&id=%E9%99%95%E8%A5%BF%E5%8D%AB%E8%A7%86&type=yy, From: subscribe, IPv_Type: ipv6, Location: 美国, ISP: CloudFlare Inc., Date: None, Delay: -1 ms, Speed: 0.00 M/s, Resolution: None
Name: 陕西卫视, URL: https://migu.188766.xyz/?migutoken=e60bca6d6eeea4f78e7bef399eff2088&id=%E9%99%95%E8%A5%BF%E5%8D%AB%E8%A7%86&type=yy, From: subscribe, IPv_Type: ipv6, Location: 美国, ISP: CloudFlare Inc., Date: None, Delay: -1 ms, Speed: 0.00 M/s, Resolution: None
Name: 陕西卫视, URL: https://migu.188766.xyz/?migutoken=abe927594e5dc297c576d1bdb418237d&id=%E9%99%95%E8%A5%BF%E5%8D%AB%E8%A7%86&type=yy, From: subscribe, IPv_Type: ipv6, Location: 美国, ISP: CloudFlare Inc., Date: None, Delay: -1 ms, Speed: 0.00 M/s, Resolution: None
Name: 陕西卫视, URL: https://migu.188766.xyz/?migutoken=c46d49279b74b54cd756dc1f7ee94d39&id=%E9%99%95%E8%A5%BF%E5%8D%AB%E8%A7%86&type=yy, From: subscribe, IPv_Type: ipv6, Location: 美国, ISP: CloudFlare Inc., Date: None, Delay: -1 ms, Speed: 0.00 M/s, Resolution: None
Name: 陕西卫视, URL: https://migu.188766.xyz/?migutoken=e574660a9a85fd77ae197b6b4dfffcef&id=%E9%99%95%E8%A5%BF%E5%8D%AB%E8%A7%86&type=yy, From: subscribe, IPv_Type: ipv6, Location: 美国, ISP: CloudFlare Inc., Date: None, Delay: -1 ms, Speed: 0.00 M/s, Resolution: None
Name: 陕西卫视, URL: https://migu.188766.xyz/?migutoken=535753902d86a35d2b7435d408da79f5&id=%E9%99%95%E8%A5%BF%E5%8D%AB%E8%A7%86&type=yy, From: subscribe, IPv_Type: ipv6, Location: 美国, ISP: CloudFlare Inc., Date: None, Delay: -1 ms, Speed: 0.00 M/s, Resolution: None
Name: 陕西卫视, URL: https://migu.188766.xyz/?migutoken=80536eb12a5ffef3fa57cf398d7a6a41&id=%E9%99%95%E8%A5%BF%E5%8D%AB%E8%A7%86&type=yy, From: subscribe, IPv_Type: ipv6, Location: 美国, ISP: CloudFlare Inc., Date: None, Delay: -1 ms, Speed: 0.00 M/s, Resolution: None
Name: 陕西卫视, URL: https://migu.188766.xyz/?migutoken=824bff24430298039bd03cfdf3b36aeb&id=%E9%99%95%E8%A5%BF%E5%8D%AB%E8%A7%86&type=yy, From: subscribe, IPv_Type: ipv6, Location: 美国, ISP: CloudFlare Inc., Date: None, Delay: -1 ms, Speed: 0.00 M/s, Resolution: None
Name: 陕西卫视, URL: https://migu.188766.xyz/?migutoken=bf2c22a5c396dc3abb0b98ae01fa9537&id=%E9%99%95%E8%A5%BF%E5%8D%AB%E8%A7%86&type=yy, From: subscribe, IPv_Type: ipv6, Location: 美国, ISP: CloudFlare Inc., Date: None, Delay: -1 ms, Speed: 0.00 M/s, Resolution: None
Name: 陕西卫视, URL: https://migu.188766.xyz/?migutoken=ff132a3e3711f6a5e66e171e69a6fa00&id=%E9%99%95%E8%A5%BF%E5%8D%AB%E8%A7%86&type=yy, From: subscribe, IPv_Type: ipv6, Location: 美国, ISP: CloudFlare Inc., Date: None, Delay: -1 ms, Speed: 0.00 M/s, Resolution: None
Name: 陕西卫视, URL: http://hlsbkmgsplive.miguvideo.com/migu/kailu/shan3xiws/57/20220809/index.m3u8?msisdn=&mtv_session=&HlsSubType=1&HlsProfileId=1&nphaid=0&encrypt=, From: subscribe, IPv_Type: ipv6, Location: 中国, ISP: 中国移动, Date: None, Delay: -1 ms, Speed: 0.00 M/s, Resolution: None
Name: 陕西卫视, URL: https://migu.188766.xyz/?migutoken=8ee3aea078dcaa29d998fa90f972dd21&id=%E9%99%95%E8%A5%BF%E5%8D%AB%E8%A7%86&type=yy, From: subscribe, IPv_Type: ipv6, Location: 美国, ISP: CloudFlare Inc., Date: None, Delay: -1 ms, Speed: 0.00 M/s, Resolution: None
Name: 陕西卫视, URL: https://migu.188766.xyz/?migutoken=98546fc5626caa1293849859dda0c37e&id=%E9%99%95%E8%A5%BF%E5%8D%AB%E8%A7%86&type=yy, From: subscribe, IPv_Type: ipv6, Location: 美国, ISP: CloudFlare Inc., Date: None, Delay: -1 ms, Speed: 0.00 M/s, Resolution: None
Name: 陕西卫视, URL: https://migu.188766.xyz/?migutoken=b38e4bc71141e97aaf75db608e065418&id=%E9%99%95%E8%A5%BF%E5%8D%AB%E8%A7%86&type=yy, From: subscribe, IPv_Type: ipv6, Location: 美国, ISP: CloudFlare Inc., Date: None, Delay: -1 ms, Speed: 0.00 M/s, Resolution: None
Name: 陕西卫视, URL: https://migu.188766.xyz/?migutoken=ab71b12cf81a6b29e9db87930541b2de&id=%E9%99%95%E8%A5%BF%E5%8D%AB%E8%A7%86&type=yy, From: subscribe, IPv_Type: ipv6, Location: 美国, ISP: CloudFlare Inc., Date: None, Delay: -1 ms, Speed: 0.00 M/s, Resolution: None
Name: 陕西卫视, URL: http://38.75.136.137:98/gslb/dsdqpub/snwshd.m3u8?auth=testpub, From: subscribe, IPv_Type: ipv4, Location: 美国-伊利诺伊州-库克, ISP: Cogent, Date: None, Delay: 406 ms, Speed: 12.83 M/s, Resolution: 1920x1080
Name: 陕西卫视, URL: http://satellitepull.cnr.cn/live/wxsxxws/playlist.m3u8, From: subscribe, IPv_Type: ipv4, Location: 美国-新泽西州-摩里斯, ISP: Linode, Date: None, Delay: 19 ms, Speed: 4.90 M/s, Resolution: None
Name: 陕西卫视, URL: http://23.237.228.134/live6/sichuan.m3u8, From: subscribe, IPv_Type: ipv4, Location: 北美地区, ISP: , Date: None, Delay: 581 ms, Speed: 3.52 M/s, Resolution: 1920x1080
Name: 四川卫视, URL: http://php.jdshipin.com/TVOD/hljyd.php?id=3221226338, From: subscribe, IPv_Type: ipv6, Location: 美国, ISP: CloudFlare Inc., Date: None, Delay: -1 ms, Speed: 0.00 M/s, Resolution: None
Name: 四川卫视, URL: http://z.b.bkpcp.top/m.php?id=scws, From: subscribe, IPv_Type: ipv6, Location: 美国, ISP: CloudFlare Inc., Date: None, Delay: -1 ms, Speed: 0.00 M/s, Resolution: None
Name: 四川卫视, URL: http://j.x.bkpcp.top/jx/SICHD, From: subscribe, IPv_Type: ipv6, Location: 美国, ISP: CloudFlare Inc., Date: None, Delay: -1 ms, Speed: 0.00 M/s, Resolution: None
Name: 四川卫视, URL: http://3501776.xyz:35455/itv/5000000004000006119.m3u8?cdn=bestzb, From: subscribe, IPv_Type: ipv6, Location: 美国, ISP: CloudFlare Inc., Date: None, Delay: -1 ms, Speed: 0.00 M/s, Resolution: None
Name: 四川卫视, URL: http://iptv.huuc.edu.cn/hls/schd.m3u8, From: subscribe, IPv_Type: ipv6, Location: 中国, ISP: 教育网, Date: None, Delay: -1 ms, Speed: 0.00 M/s, Resolution: None
Name: 四川卫视, URL: https://zby.130519.xyz/PLTV/11/224/3221226152/index.m3u8, From: subscribe, IPv_Type: ipv6, Location: 美国, ISP: CloudFlare Inc., Date: None, Delay: -1 ms, Speed: 0.00 M/s, Resolution: None
Name: 四川卫视, URL: https://iptv.catvod.com/live.php?id=%E5%9B%9B%E5%B7%9D%E5%8D%AB%E8%A7%86%E5%8F%B0, From: subscribe, IPv_Type: ipv6, Location: 美国, ISP: CloudFlare Inc., Date: None, Delay: -1 ms, Speed: 0.00 M/s, Resolution: None
Name: 四川卫视, URL: http://[2409:8087:8:21::18]:6610/otttv.bj.chinamobile.com/PLTV/88888888/224/3221226995/1.m3u8?GuardEncType=2&accountinfo=%7E%7EV2.0%7EBQiz3wrGrpG0CUSRIJ-7Jg%7EtP4-l0lmSfjwLWEfK_el1vH_mv-s1zo4AQJwdedaVwG9xkuFTDg8J26cwOrNJzn20BErrHdLhuZ9EzLUCD3PMW-OMx4MGteHV2vLeW6BqoY%2CEND, From: subscribe, IPv_Type: ipv6, Location: 中国, ISP: 中国移动, Date: None, Delay: -1 ms, Speed: 0.00 M/s, Resolution: None
Name: 四川卫视, URL: http://[2409:8087:1a01:df::4077]/ottrrs.hl.chinamobile.com/PLTV/88888888/8/3221226338/index.m3u8, From: subscribe, IPv_Type: ipv6, Location: 中国, ISP: 中国移动, Date: None, Delay: -1 ms, Speed: 0.00 M/s, Resolution: None
Name: 四川卫视, URL: http://tvgslb.hn.chinamobile.com:8089/180000001002/00000001000000000064000000308823/main.m3u8?stbid=, From: subscribe, IPv_Type: ipv6, Location: 中国, ISP: 中国移动, Date: None, Delay: -1 ms, Speed: 0.00 M/s, Resolution: None
Name: 四川卫视, URL: http://hwottcdn.ln.chinamobile.com/PLTV/11/224/3221226139/index.m3u8, From: subscribe, IPv_Type: ipv6, Location: 中国, ISP: 中国移动, Date: None, Delay: -1 ms, Speed: 0.00 M/s, Resolution: None
Name: 四川卫视, URL: http://hwottcdn.ln.chinamobile.com/PLTV/11/224/3221227245/index.m3u8, From: subscribe, IPv_Type: ipv6, Location: 中国, ISP: 中国移动, Date: None, Delay: -1 ms, Speed: 0.00 M/s, Resolution: None
Name: 四川卫视, URL: http://hwottcdn.ln.chinamobile.com/PLTV/11/224/3221226728/index.m3u8, From: subscribe, IPv_Type: ipv6, Location: 中国, ISP: 中国移动, Date: None, Delay: -1 ms, Speed: 0.00 M/s, Resolution: None
Name: 四川卫视, URL: http://iptvrr.sh.chinamobile.com:6060/cms001/ch00000090990000001130/index.m3u8, From: subscribe, IPv_Type: ipv6, Location: 中国, ISP: 中国移动, Date: None, Delay: -1 ms, Speed: 0.00 M/s, Resolution: None
Name: 四川卫视, URL: http://hwltc.tv.cdn.zj.chinamobile.com/PLTV/88888888/224/3221236255/index.m3u8, From: subscribe, IPv_Type: ipv6, Location: 中国, ISP: 中国移动, Date: None, Delay: -1 ms, Speed: 0.00 M/s, Resolution: None
Name: 四川卫视, URL: http://ott.mobaibox.com/PLTV/3/224/3221228171/index.m3u8, From: subscribe, IPv_Type: ipv6, Location: 中国, ISP: 中国移动, Date: None, Delay: -1 ms, Speed: 0.00 M/s, Resolution: None
Name: 四川卫视, URL: http://rrs01.hw.gmcc.net:8088/PLTV/81/224/3221226659/1.m3u8, From: subscribe, IPv_Type: ipv6, Location: 中国, ISP: 中国移动, Date: None, Delay: -1 ms, Speed: 0.00 M/s, Resolution: None
Name: 四川卫视, URL: http://tvgslb.hn.chinamobile.com:8089/180000001002/00000000000000020000000000182257/main.m3u8?stbid=, From: subscribe, IPv_Type: ipv6, Location: 中国, ISP: 中国移动, Date: None, Delay: -1 ms, Speed: 0.00 M/s, Resolution: None
Name: 四川卫视, URL: http://k.061899.xyz/k.php?id=scws, From: subscribe, IPv_Type: ipv6, Location: 新加坡, ISP: Aceville Pte.Ltd., Date: None, Delay: -1 ms, Speed: 0.00 M/s, Resolution: None
Name: 四川卫视, URL: http://rrs01.hw.gmcc.net:8088/PLTV/81/224/3221226697/1.m3u8, From: subscribe, IPv_Type: ipv6, Location: 中国, ISP: 中国移动, Date: None, Delay: -1 ms, Speed: 0.00 M/s, Resolution: None
Name: 四川卫视, URL: http://hwottcdn.ln.chinamobile.com/PLTV/11/224/3221226810/index.m3u8, From: subscribe, IPv_Type: ipv6, Location: 中国, ISP: 中国移动, Date: None, Delay: -1 ms, Speed: 0.00 M/s, Resolution: None
Name: 四川卫视, URL: http://38.75.136.137:98/gslb/dsdqpub/scwshd.m3u8?auth=testpub, From: subscribe, IPv_Type: ipv4, Location: 美国-伊利诺伊州-库克, ISP: Cogent, Date: None, Delay: 481 ms, Speed: 4.98 M/s, Resolution: 1920x1080
Name: 深圳卫视, URL: http://php.jdshipin.com/TVOD/hnyd.php?id=200000001898/460000089800010068, From: subscribe, IPv_Type: ipv6, Location: 美国, ISP: CloudFlare Inc., Date: None, Delay: -1 ms, Speed: 0.00 M/s, Resolution: None
Name: 深圳卫视, URL: http://iptv.huuc.edu.cn/hls/szhd.m3u8, From: subscribe, IPv_Type: ipv6, Location: 中国, ISP: 教育网, Date: None, Delay: -1 ms, Speed: 0.00 M/s, Resolution: None
Name: 深圳卫视, URL: https://zby.130519.xyz/PLTV/11/224/3221225728/index.m3u8, From: subscribe, IPv_Type: ipv6, Location: 美国, ISP: CloudFlare Inc., Date: None, Delay: -1 ms, Speed: 0.00 M/s, Resolution: None
Name: 深圳卫视, URL: https://smart.pendy.dpdns.org/Smart.php?id=shenzhen, From: subscribe, IPv_Type: ipv6, Location: 美国, ISP: CloudFlare Inc., Date: None, Delay: -1 ms, Speed: 0.00 M/s, Resolution: None
Name: 深圳卫视, URL: http://z.b.bkpcp.top/m.php?id=szws, From: subscribe, IPv_Type: ipv6, Location: 美国, ISP: CloudFlare Inc., Date: None, Delay: -1 ms, Speed: 0.00 M/s, Resolution: None
Name: 深圳卫视, URL: http://[2409:8087:1a0a:df::404b]/ottrrs.hl.chinamobile.com/TVOD/88888888/224/3221226313/index.m3u8, From: subscribe, IPv_Type: ipv6, Location: 中国, ISP: 中国移动, Date: None, Delay: -1 ms, Speed: 0.00 M/s, Resolution: None
Name: 深圳卫视, URL: http://[2409:8087:1a01:df::4077]/ottrrs.hl.chinamobile.com/PLTV/88888888/8/3221226313/index.m3u8, From: subscribe, IPv_Type: ipv6, Location: 中国, ISP: 中国移动, Date: None, Delay: -1 ms, Speed: 0.00 M/s, Resolution: None
Name: 深圳卫视, URL: http://[2409:8087:8:21::18]:6610/otttv.bj.chinamobile.com/PLTV/88888888/224/3221226245/1.m3u8, From: subscribe, IPv_Type: ipv6, Location: 中国, ISP: 中国移动, Date: None, Delay: -1 ms, Speed: 0.00 M/s, Resolution: None
Name: 深圳卫视, URL: http://[2409:8087:8:21::18]:6610/otttv.bj.chinamobile.com/PLTV/88888888/224/3221226495/1.m3u8, From: subscribe, IPv_Type: ipv6, Location: 中国, ISP: 中国移动, Date: None, Delay: -1 ms, Speed: 0.00 M/s, Resolution: None
Name: 深圳卫视, URL: http://[2409:8087:8:21::18]:6610/otttv.bj.chinamobile.com/PLTV/88888888/224/3221226959/1.m3u8?GuardEncType=2&accountinfo=%7E%7EV2.0%7EGrVNEZREjuNVKiTJo2mtwg%7EtP4-l0lmSfjwLWEfK_el1vH_mv-s1zo4AQJwdedaVwG9xkuFTDg8J26cwOrNJzn20BErrHdLhuZ9EzLUCD3PMW-OMx4MGteHV2vLeW6BqoY%2CEND, From: subscribe, IPv_Type: ipv6, Location: 中国, ISP: 中国移动, Date: None, Delay: -1 ms, Speed: 0.00 M/s, Resolution: None
Name: 深圳卫视, URL: http://[2409:8087:8:21::18]:6610/otttv.bj.chinamobile.com/PLTV/88888888/224/3221226573/1.m3u8, From: subscribe, IPv_Type: ipv6, Location: 中国, ISP: 中国移动, Date: None, Delay: -1 ms, Speed: 0.00 M/s, Resolution: None
Name: 深圳卫视, URL: http://hwottcdn.ln.chinamobile.com/PLTV/11/224/3221227239/index.m3u8, From: subscribe, IPv_Type: ipv6, Location: 中国, ISP: 中国移动, Date: None, Delay: -1 ms, Speed: 0.00 M/s, Resolution: None
Name: 深圳卫视, URL: http://hwottcdn.ln.chinamobile.com/PLTV/11/224/3221226725/index.m3u8, From: subscribe, IPv_Type: ipv6, Location: 中国, ISP: 中国移动, Date: None, Delay: -1 ms, Speed: 0.00 M/s, Resolution: None
Name: 深圳卫视, URL: http://hwltc.tv.cdn.zj.chinamobile.com/PLTV/88888888/224/3221236251/index.m3u8, From: subscribe, IPv_Type: ipv6, Location: 中国, ISP: 中国移动, Date: None, Delay: -1 ms, Speed: 0.00 M/s, Resolution: None
Name: 深圳卫视, URL: http://k.061899.xyz/k.php?id=szws, From: subscribe, IPv_Type: ipv6, Location: 新加坡, ISP: Aceville Pte.Ltd., Date: None, Delay: -1 ms, Speed: 0.00 M/s, Resolution: None
Name: 深圳卫视, URL: http://hwottcdn.ln.chinamobile.com/PLTV/11/224/3221226807/index.m3u8, From: subscribe, IPv_Type: ipv6, Location: 中国, ISP: 中国移动, Date: None, Delay: -1 ms, Speed: 0.00 M/s, Resolution: None
Name: 深圳卫视, URL: http://hwottcdn.ln.chinamobile.com/PLTV/11/224/3221226136/index.m3u8, From: subscribe, IPv_Type: ipv6, Location: 中国, ISP: 中国移动, Date: None, Delay: -1 ms, Speed: 0.00 M/s, Resolution: None
Name: 深圳卫视, URL: http://tvgslb.hn.chinamobile.com:8089/180000001002/00000000000000020000000000182565/main.m3u8?stbid=, From: subscribe, IPv_Type: ipv6, Location: 中国, ISP: 中国移动, Date: None, Delay: -1 ms, Speed: 0.00 M/s, Resolution: None
Name: 深圳卫视, URL: http://hwottcdn.ln.chinamobile.com/PLTV/11/224/3221226152/index.m3u8, From: subscribe, IPv_Type: ipv6, Location: 中国, ISP: 中国移动, Date: None, Delay: -1 ms, Speed: 0.00 M/s, Resolution: None
Name: 深圳卫视, URL: http://iptvrr.sh.chinamobile.com:6060/cms001/ch00000090990000001030/index.m3u8, From: subscribe, IPv_Type: ipv6, Location: 中国, ISP: 中国移动, Date: None, Delay: -1 ms, Speed: 0.00 M/s, Resolution: None
Name: 深圳卫视, URL: http://ott.mobaibox.com/PLTV/3/224/3221227555/index.m3u8, From: subscribe, IPv_Type: ipv6, Location: 中国, ISP: 中国移动, Date: None, Delay: -1 ms, Speed: 0.00 M/s, Resolution: None
Name: 深圳卫视, URL: http://rrs01.hw.gmcc.net:8088/PLTV/81/224/3221226688/1.m3u8, From: subscribe, IPv_Type: ipv6, Location: 中国, ISP: 中国移动, Date: None, Delay: -1 ms, Speed: 0.00 M/s, Resolution: None
Name: 深圳卫视, URL: http://tvgslb.hn.chinamobile.com:8089/180000001002/00000001000000000008000000047446/main.m3u8?stbid=, From: subscribe, IPv_Type: ipv6, Location: 中国, ISP: 中国移动, Date: None, Delay: -1 ms, Speed: 0.00 M/s, Resolution: None
Name: 深圳卫视, URL: http://38.75.136.137:98/gslb/dsdqpub/szwshd.m3u8?auth=testpub, From: subscribe, IPv_Type: ipv4, Location: 美国-伊利诺伊州-库克, ISP: Cogent, Date: None, Delay: 384 ms, Speed: 10.26 M/s, Resolution: 1920x1080
Name: 深圳卫视, URL: http://satellitepull.cnr.cn/live/wxszws/playlist.m3u8, From: subscribe, IPv_Type: ipv4, Location: 美国-新泽西州-摩里斯, ISP: Linode, Date: None, Delay: 18 ms, Speed: 5.06 M/s, Resolution: None
Name: 深圳卫视, URL: http://23.237.228.134/live6/shenzhen.m3u8, From: subscribe, IPv_Type: ipv4, Location: 北美地区, ISP: , Date: None, Delay: 1187 ms, Speed: 2.57 M/s, Resolution: 1920x1080
Name: 深圳卫视, URL: http://yncbn.ks-cdn.gitv.tv/gitv_live/G_SHENZHEN-HQ/G_SHENZHEN-HQ.m3u8, From: subscribe, IPv_Type: ipv4, Location: 中国-广西-南宁, ISP: 电信, Date: None, Delay: 2370 ms, Speed: 1.79 M/s, Resolution: 1920x1080
Name: 三沙卫视, URL: https://migu.188766.xyz/?migutoken=edce383f00242998509e9ea332a80ee6&id=hn_ssws&type=sz, From: subscribe, IPv_Type: ipv6, Location: 美国, ISP: CloudFlare Inc., Date: None, Delay: -1 ms, Speed: 0.00 M/s, Resolution: None
Name: 三沙卫视, URL: https://stream1.freetv.fun/2476872184d56573ae915237d8e3c990ded214446351f568b57889cbf63da2e8.m3u8, From: subscribe, IPv_Type: ipv6, Location: 美国, ISP: CloudFlare Inc., Date: None, Delay: -1 ms, Speed: 0.00 M/s, Resolution: None
Name: 三沙卫视, URL: https://stream1.freetv.fun/8bd6b69c423ac31e71c2311ad33f4f291e1314c69005ffb7b3b7defc2944adb2.m3u8, From: subscribe, IPv_Type: ipv6, Location: 美国, ISP: CloudFlare Inc., Date: None, Delay: -1 ms, Speed: 0.00 M/s, Resolution: None
Name: 三沙卫视, URL: https://migu.188766.xyz/?migutoken=1d0b16aa094e4fed8a5b67ab3524d323&id=hn_ssws&type=sz, From: subscribe, IPv_Type: ipv6, Location: 美国, ISP: CloudFlare Inc., Date: None, Delay: -1 ms, Speed: 0.00 M/s, Resolution: None
Name: 三沙卫视, URL: https://migu.188766.xyz/?migutoken=e6ec8a9b2d79a2c5cefcb24ae4586b8a&id=hn_ssws&type=sz, From: subscribe, IPv_Type: ipv6, Location: 美国, ISP: CloudFlare Inc., Date: None, Delay: -1 ms, Speed: 0.00 M/s, Resolution: None
Name: 三沙卫视, URL: https://migu.188766.xyz/?migutoken=6b503bf037a95c5009875bafebed0c53&id=hn_ssws&type=sz, From: subscribe, IPv_Type: ipv6, Location: 美国, ISP: CloudFlare Inc., Date: None, Delay: -1 ms, Speed: 0.00 M/s, Resolution: None
Name: 三沙卫视, URL: https://migu.188766.xyz/?migutoken=3c1e108b02552ea0adeb3e9404c3ccbb&id=hn_ssws&type=sz, From: subscribe, IPv_Type: ipv6, Location: 美国, ISP: CloudFlare Inc., Date: None, Delay: -1 ms, Speed: 0.00 M/s, Resolution: None
Name: 三沙卫视, URL: https://migu.188766.xyz/?migutoken=6e6070c04f4aa82d3396b498aedbb607&id=hn_ssws&type=sz, From: subscribe, IPv_Type: ipv6, Location: 美国, ISP: CloudFlare Inc., Date: None, Delay: -1 ms, Speed: 0.00 M/s, Resolution: None
Name: 三沙卫视, URL: https://migu.188766.xyz/?migutoken=5fd2ada728c4b2a11dc39564c81b0e52&id=hn_ssws&type=sz, From: subscribe, IPv_Type: ipv6, Location: 美国, ISP: CloudFlare Inc., Date: None, Delay: -1 ms, Speed: 0.00 M/s, Resolution: None
Name: 三沙卫视, URL: https://migu.188766.xyz/?migutoken=66a343223ec7dd8d194a766fbf5e7bfa&id=hn_ssws&type=sz, From: subscribe, IPv_Type: ipv6, Location: 美国, ISP: CloudFlare Inc., Date: None, Delay: -1 ms, Speed: 0.00 M/s, Resolution: None
Name: 三沙卫视, URL: https://migu.188766.xyz/?migutoken=7e2e07216c7317bbe845e2574e596f5f&id=hn_ssws&type=sz, From: subscribe, IPv_Type: ipv6, Location: 美国, ISP: CloudFlare Inc., Date: None, Delay: -1 ms, Speed: 0.00 M/s, Resolution: None
Name: 三沙卫视, URL: https://migu.188766.xyz/?migutoken=b5020d9ba3207615cae8e420e84d361e&id=hn_ssws&type=sz, From: subscribe, IPv_Type: ipv6, Location: 美国, ISP: CloudFlare Inc., Date: None, Delay: -1 ms, Speed: 0.00 M/s, Resolution: None
Name: 三沙卫视, URL: https://migu.188766.xyz/?migutoken=0fca381b45dcbe231c213167a3b87d94&id=hn_ssws&type=sz, From: subscribe, IPv_Type: ipv6, Location: 美国, ISP: CloudFlare Inc., Date: None, Delay: -1 ms, Speed: 0.00 M/s, Resolution: None
Name: 三沙卫视, URL: http://tvgslb.hn.chinamobile.com:8089/180000001002/00000001000000000031000000068476/main.m3u8?stbid=, From: subscribe, IPv_Type: ipv6, Location: 中国, ISP: 中国移动, Date: None, Delay: -1 ms, Speed: 0.00 M/s, Resolution: None
Name: 三沙卫视, URL: http://iptvrr.sh.chinamobile.com:6060/cms001/ch00000090990000001185/index.m3u8, From: subscribe, IPv_Type: ipv6, Location: 中国, ISP: 中国移动, Date: None, Delay: -1 ms, Speed: 0.00 M/s, Resolution: None
Name: 三沙卫视, URL: https://stream.iptv-search.com/main.php?id=%E4%B8%89%E6%B2%99%E5%8D%AB%E8%A7%86&t=1755401429&token=7ddfc6d40f1c98da27c8b5e7c59836a3, From: subscribe, IPv_Type: ipv6, Location: 美国, ISP: CloudFlare Inc., Date: None, Delay: -1 ms, Speed: 0.00 M/s, Resolution: None
Name: 三沙卫视, URL: http://ott.mobaibox.com/PLTV/3/224/3221228626/index.m3u8, From: subscribe, IPv_Type: ipv6, Location: 中国, ISP: 中国移动, Date: None, Delay: -1 ms, Speed: 0.00 M/s, Resolution: None
Name: 三沙卫视, URL: https://migu.188766.xyz/?migutoken=585f963ecccb283f359942608a820b7e&id=hn_ssws&type=sz, From: subscribe, IPv_Type: ipv6, Location: 美国, ISP: CloudFlare Inc., Date: None, Delay: -1 ms, Speed: 0.00 M/s, Resolution: None
Name: 三沙卫视, URL: https://migu.188766.xyz/?migutoken=1d71e6ad7fdc3a80a12803a2436d2887&id=hn_ssws&type=sz, From: subscribe, IPv_Type: ipv6, Location: 美国, ISP: CloudFlare Inc., Date: None, Delay: -1 ms, Speed: 0.00 M/s, Resolution: None
Name: 三沙卫视, URL: https://migu.188766.xyz/?migutoken=bd6e0999a6e32b41f2b7d838baaaa2cf&id=hn_ssws&type=sz, From: subscribe, IPv_Type: ipv6, Location: 美国, ISP: CloudFlare Inc., Date: None, Delay: -1 ms, Speed: 0.00 M/s, Resolution: None
Name: 三沙卫视, URL: https://migu.188766.xyz/?migutoken=291ac530d0392107ece0e84247af140a&id=hn_ssws&type=sz, From: subscribe, IPv_Type: ipv6, Location: 美国, ISP: CloudFlare Inc., Date: None, Delay: -1 ms, Speed: 0.00 M/s, Resolution: None
Name: 三沙卫视, URL: https://migu.188766.xyz/?migutoken=23669a6e83ec491c21bab215f4b41c22&id=hn_ssws&type=sz, From: subscribe, IPv_Type: ipv6, Location: 美国, ISP: CloudFlare Inc., Date: None, Delay: -1 ms, Speed: 0.00 M/s, Resolution: None
Name: 三沙卫视, URL: https://migu.188766.xyz/?migutoken=9f8e7826e5291edbf8e966a59c38e010&id=hn_ssws&type=sz, From: subscribe, IPv_Type: ipv6, Location: 美国, ISP: CloudFlare Inc., Date: None, Delay: -1 ms, Speed: 0.00 M/s, Resolution: None
Name: 三沙卫视, URL: https://migu.188766.xyz/?migutoken=d8ddd0576c0bc222f8837fcea4b80769&id=hn_ssws&type=sz, From: subscribe, IPv_Type: ipv6, Location: 美国, ISP: CloudFlare Inc., Date: None, Delay: -1 ms, Speed: 0.00 M/s, Resolution: None
Name: 三沙卫视, URL: https://migu.188766.xyz/?migutoken=053b95cc9854161ab2d3ec4a19a64762&id=hn_ssws&type=sz, From: subscribe, IPv_Type: ipv6, Location: 美国, ISP: CloudFlare Inc., Date: None, Delay: -1 ms, Speed: 0.00 M/s, Resolution: None
Name: 三沙卫视, URL: https://migu.188766.xyz/?migutoken=cf6e7d6491238c29f6ea5395ef164794&id=hn_ssws&type=sz, From: subscribe, IPv_Type: ipv6, Location: 美国, ISP: CloudFlare Inc., Date: None, Delay: -1 ms, Speed: 0.00 M/s, Resolution: None
Name: 三沙卫视, URL: https://migu.188766.xyz/?migutoken=ed07b4b725d1cc9896d5c1feb2ee05b4&id=hn_ssws&type=sz, From: subscribe, IPv_Type: ipv6, Location: 美国, ISP: CloudFlare Inc., Date: None, Delay: -1 ms, Speed: 0.00 M/s, Resolution: None
Name: 三沙卫视, URL: https://migu.188766.xyz/?migutoken=7b99217ca65766ba49605ed3dd7561cb&id=hn_ssws&type=sz, From: subscribe, IPv_Type: ipv6, Location: 美国, ISP: CloudFlare Inc., Date: None, Delay: -1 ms, Speed: 0.00 M/s, Resolution: None
Name: 三沙卫视, URL: https://migu.188766.xyz/?migutoken=2959c1b8c956552068c4df809ecdd241&id=hn_ssws&type=sz, From: subscribe, IPv_Type: ipv6, Location: 美国, ISP: CloudFlare Inc., Date: None, Delay: -1 ms, Speed: 0.00 M/s, Resolution: None
Name: 三沙卫视, URL: https://migu.188766.xyz/?migutoken=83983311aaee13c2f0bf7cf73ea4680c&id=hn_ssws&type=sz, From: subscribe, IPv_Type: ipv6, Location: 美国, ISP: CloudFlare Inc., Date: None, Delay: -1 ms, Speed: 0.00 M/s, Resolution: None
Name: 三沙卫视, URL: https://migu.188766.xyz/?migutoken=a1d2ebcd5e6810f85c578c656c70bd45&id=hn_ssws&type=sz, From: subscribe, IPv_Type: ipv6, Location: 美国, ISP: CloudFlare Inc., Date: None, Delay: -1 ms, Speed: 0.00 M/s, Resolution: None
Name: 三沙卫视, URL: https://migu.188766.xyz/?migutoken=beb9aeaa31d41c3a8bff5e8f6e13a515&id=hn_ssws&type=sz, From: subscribe, IPv_Type: ipv6, Location: 美国, ISP: CloudFlare Inc., Date: None, Delay: -1 ms, Speed: 0.00 M/s, Resolution: None
Name: 三沙卫视, URL: https://migu.188766.xyz/?migutoken=f13db9067bee7786fba71efecd474d7b&id=hn_ssws&type=sz, From: subscribe, IPv_Type: ipv6, Location: 美国, ISP: CloudFlare Inc., Date: None, Delay: -1 ms, Speed: 0.00 M/s, Resolution: None
Name: 三沙卫视, URL: https://migu.188766.xyz/?migutoken=7da7a3d5636d5f36547361ac11f23321&id=hn_ssws&type=sz, From: subscribe, IPv_Type: ipv6, Location: 美国, ISP: CloudFlare Inc., Date: None, Delay: -1 ms, Speed: 0.00 M/s, Resolution: None
Name: 三沙卫视, URL: http://38.75.136.137:98/gslb/dsdqpub/ssws.m3u8?auth=testpub, From: subscribe, IPv_Type: ipv4, Location: 美国-伊利诺伊州-库克, ISP: Cogent, Date: None, Delay: 560 ms, Speed: 9.25 M/s, Resolution: 1920x1080
Name: 天津卫视, URL: http://php.jdshipin.com/TVOD/hljyd.php?id=3221226459, From: subscribe, IPv_Type: ipv6, Location: 美国, ISP: CloudFlare Inc., Date: None, Delay: -1 ms, Speed: 0.00 M/s, Resolution: None
Name: 天津卫视, URL: http://j.x.bkpcp.top/jx/TIANJHD, From: subscribe, IPv_Type: ipv6, Location: 美国, ISP: CloudFlare Inc., Date: None, Delay: -1 ms, Speed: 0.00 M/s, Resolution: None
Name: 天津卫视, URL: http://iptv.huuc.edu.cn/hls/tjhd.m3u8, From: subscribe, IPv_Type: ipv6, Location: 中国, ISP: 教育网, Date: None, Delay: -1 ms, Speed: 0.00 M/s, Resolution: None
Name: 天津卫视, URL: https://zby.130519.xyz/PLTV/11/224/3221225742/index.m3u8, From: subscribe, IPv_Type: ipv6, Location: 美国, ISP: CloudFlare Inc., Date: None, Delay: -1 ms, Speed: 0.00 M/s, Resolution: None
Name: 天津卫视, URL: http://[2409:8087:1a01:df::4030]:80/TVOD/88888888/224/3221225972/main.m3u8, From: subscribe, IPv_Type: ipv6, Location: 中国, ISP: 中国移动, Date: None, Delay: -1 ms, Speed: 0.00 M/s, Resolution: None
Name: 天津卫视, URL: http://[2409:8087:1a0a:df::404b]/ottrrs.hl.chinamobile.com/TVOD/88888888/224/3221226459/index.m3u8, From: subscribe, IPv_Type: ipv6, Location: 中国, ISP: 中国移动, Date: None, Delay: -1 ms, Speed: 0.00 M/s, Resolution: None
Name: 天津卫视, URL: http://[2409:8087:1a01:df::4077]/ottrrs.hl.chinamobile.com/PLTV/88888888/8/3221226459/index.m3u8, From: subscribe, IPv_Type: ipv6, Location: 中国, ISP: 中国移动, Date: None, Delay: -1 ms, Speed: 0.00 M/s, Resolution: None
Name: 天津卫视, URL: http://[2409:8087:8:21::18]:6610/otttv.bj.chinamobile.com/PLTV/88888888/224/3221226246/1.m3u8, From: subscribe, IPv_Type: ipv6, Location: 中国, ISP: 中国移动, Date: None, Delay: -1 ms, Speed: 0.00 M/s, Resolution: None
Name: 天津卫视, URL: http://[2409:8087:8:21::18]:6610/otttv.bj.chinamobile.com/PLTV/88888888/224/3221226489/1.m3u8, From: subscribe, IPv_Type: ipv6, Location: 中国, ISP: 中国移动, Date: None, Delay: -1 ms, Speed: 0.00 M/s, Resolution: None
Name: 天津卫视, URL: http://[2409:8087:8:21::18]:6610/otttv.bj.chinamobile.com/PLTV/88888888/224/3221226502/1.m3u8, From: subscribe, IPv_Type: ipv6, Location: 中国, ISP: 中国移动, Date: None, Delay: -1 ms, Speed: 0.00 M/s, Resolution: None
Name: 天津卫视, URL: http://[2409:8087:8:21::18]:6610/otttv.bj.chinamobile.com/PLTV/88888888/224/3221226954/1.m3u8?GuardEncType=2&accountinfo=%7E%7EV2.0%7Eaf3wyULP1h575eM_4ByMDg%7EtP4-l0lmSfjwLWEfK_el1vH_mv-s1zo4AQJwdedaVwG9xkuFTDg8J26cwOrNJzn20BErrHdLhuZ9EzLUCD3PMW-OMx4MGteHV2vLeW6BqoY%2CEND, From: subscribe, IPv_Type: ipv6, Location: 中国, ISP: 中国移动, Date: None, Delay: -1 ms, Speed: 0.00 M/s, Resolution: None
Name: 天津卫视, URL: https://iptv.catvod.com/live.php?id=%E5%A4%A9%E6%B4%A5%E5%8D%AB%E8%A7%86%E5%8F%B0, From: subscribe, IPv_Type: ipv6, Location: 美国, ISP: CloudFlare Inc., Date: None, Delay: -1 ms, Speed: 0.00 M/s, Resolution: None
Name: 天津卫视, URL: https://iptv.catvod.com/live.php?id=%E5%A4%A9%E6%B4%A5%E5%8D%AB%E8%A7%86, From: subscribe, IPv_Type: ipv6, Location: 美国, ISP: CloudFlare Inc., Date: None, Delay: -1 ms, Speed: 0.00 M/s, Resolution: None
Name: 天津卫视, URL: http://rrs01.hw.gmcc.net:8088/PLTV/81/224/3221226686/1.m3u8, From: subscribe, IPv_Type: ipv6, Location: 中国, ISP: 中国移动, Date: None, Delay: -1 ms, Speed: 0.00 M/s, Resolution: None
Name: 天津卫视, URL: http://tvgslb.hn.chinamobile.com:8089/180000001002/00000001000000000008000000047444/main.m3u8?stbid=, From: subscribe, IPv_Type: ipv6, Location: 中国, ISP: 中国移动, Date: None, Delay: -1 ms, Speed: 0.00 M/s, Resolution: None
Name: 天津卫视, URL: http://hwottcdn.ln.chinamobile.com/PLTV/11/224/3221226890/index.m3u8, From: subscribe, IPv_Type: ipv6, Location: 中国, ISP: 中国移动, Date: None, Delay: -1 ms, Speed: 0.00 M/s, Resolution: None
Name: 天津卫视, URL: http://hwottcdn.ln.chinamobile.com/PLTV/11/224/3221226135/index.m3u8, From: subscribe, IPv_Type: ipv6, Location: 中国, ISP: 中国移动, Date: None, Delay: -1 ms, Speed: 0.00 M/s, Resolution: None
Name: 天津卫视, URL: http://k.061899.xyz/k.php?id=tjws, From: subscribe, IPv_Type: ipv6, Location: 新加坡, ISP: Aceville Pte.Ltd., Date: None, Delay: -1 ms, Speed: 0.00 M/s, Resolution: None
Name: 天津卫视, URL: http://hwltc.tv.cdn.zj.chinamobile.com/PLTV/88888888/224/3221236217/index.m3u8, From: subscribe, IPv_Type: ipv6, Location: 中国, ISP: 中国移动, Date: None, Delay: -1 ms, Speed: 0.00 M/s, Resolution: None
Name: 天津卫视, URL: http://iptvrr.sh.chinamobile.com:6060/cms001/ch00000090990000001036/index.m3u8, From: subscribe, IPv_Type: ipv6, Location: 中国, ISP: 中国移动, Date: None, Delay: -1 ms, Speed: 0.00 M/s, Resolution: None
Name: 天津卫视, URL: http://ott.mobaibox.com/PLTV/3/224/3221227488/index.m3u8, From: subscribe, IPv_Type: ipv6, Location: 中国, ISP: 中国移动, Date: None, Delay: -1 ms, Speed: 0.00 M/s, Resolution: None
Name: 天津卫视, URL: http://hwottcdn.ln.chinamobile.com/PLTV/11/224/3221226742/index.m3u8, From: subscribe, IPv_Type: ipv6, Location: 中国, ISP: 中国移动, Date: None, Delay: -1 ms, Speed: 0.00 M/s, Resolution: None
Name: 天津卫视, URL: http://tvgslb.hn.chinamobile.com:8089/180000001002/00000000000000020000000000182588/main.m3u8?stbid=, From: subscribe, IPv_Type: ipv6, Location: 中国, ISP: 中国移动, Date: None, Delay: -1 ms, Speed: 0.00 M/s, Resolution: None
Name: 天津卫视, URL: http://hwottcdn.ln.chinamobile.com/PLTV/11/224/3221227306/index.m3u8, From: subscribe, IPv_Type: ipv6, Location: 中国, ISP: 中国移动, Date: None, Delay: -1 ms, Speed: 0.00 M/s, Resolution: None
Name: 天津卫视, URL: http://38.75.136.137:98/gslb/dsdqpub/tjwshd.m3u8?auth=testpub, From: subscribe, IPv_Type: ipv4, Location: 美国-伊利诺伊州-库克, ISP: Cogent, Date: None, Delay: 659 ms, Speed: 5.92 M/s, Resolution: 1920x1080
Name: 天津卫视, URL: http://23.237.228.134/live8/tianjing.m3u8, From: subscribe, IPv_Type: ipv4, Location: 北美地区, ISP: , Date: None, Delay: 622 ms, Speed: 4.24 M/s, Resolution: 1920x1080
Name: 西藏卫视, URL: http://php.jdshipin.com/TVOD/hljyd.php?id=3221225638, From: subscribe, IPv_Type: ipv6, Location: 美国, ISP: CloudFlare Inc., Date: None, Delay: -1 ms, Speed: 0.00 M/s, Resolution: None
Name: 西藏卫视, URL: http://z.b.bkpcp.top/m.php?id=xzws, From: subscribe, IPv_Type: ipv6, Location: 美国, ISP: CloudFlare Inc., Date: None, Delay: -1 ms, Speed: 0.00 M/s, Resolution: None
Name: 西藏卫视, URL: http://goo.bkpcp.top/mg/xzws, From: subscribe, IPv_Type: ipv6, Location: 美国, ISP: CloudFlare Inc., Date: None, Delay: -1 ms, Speed: 0.00 M/s, Resolution: None
Name: 西藏卫视, URL: https://iptv.catvod.com/live.php?id=%E8%A5%BF%E8%97%8F%E5%8D%AB%E8%A7%86%E5%8F%B0, From: subscribe, IPv_Type: ipv6, Location: 美国, ISP: CloudFlare Inc., Date: None, Delay: -1 ms, Speed: 0.00 M/s, Resolution: None
Name: 西藏卫视, URL: http://[2409:8087:8:21::18]:6610/otttv.bj.chinamobile.com/PLTV/88888888/224/3221227033/1.m3u8?GuardEncType=2&accountinfo=%7E%7EV2.0%7EdeTB7OZ9G_VNJk5C3t96fQ%7EtP4-l0lmSfjwLWEfK_el1vH_mv-s1zo4AQJwdedaVwG9xkuFTDg8J26cwOrNJzn20BErrHdLhuZ9EzLUCD3PMW-OMx4MGteHV2vLeW6BqoY%2CEND, From: subscribe, IPv_Type: ipv6, Location: 中国, ISP: 中国移动, Date: None, Delay: -1 ms, Speed: 0.00 M/s, Resolution: None
Name: 西藏卫视, URL: http://php.jdshipin.com:8880/xztv.php?id=ws, From: subscribe, IPv_Type: ipv6, Location: 美国, ISP: CloudFlare Inc., Date: None, Delay: -1 ms, Speed: 0.00 M/s, Resolution: None
Name: 西藏卫视, URL: http://php.jdshipin.com/xztv.php?id=ws, From: subscribe, IPv_Type: ipv6, Location: 美国, ISP: CloudFlare Inc., Date: None, Delay: -1 ms, Speed: 0.00 M/s, Resolution: None
Name: 西藏卫视, URL: https://iptv.catvod.com/live.php?id=%E8%A5%BF%E8%97%8F%E5%8D%AB%E8%A7%86, From: subscribe, IPv_Type: ipv6, Location: 美国, ISP: CloudFlare Inc., Date: None, Delay: -1 ms, Speed: 0.00 M/s, Resolution: None
Name: 西藏卫视, URL: http://satellitepull.cnr.cn/live/wxxzws/playlist.m3u8, From: subscribe, IPv_Type: ipv4, Location: 美国-新泽西州-摩里斯, ISP: Linode, Date: None, Delay: 18 ms, Speed: 5.12 M/s, Resolution: None
Name: 新疆卫视, URL: http://php.jdshipin.com/TVOD/hljyd.php?id=3221225635, From: subscribe, IPv_Type: ipv6, Location: 美国, ISP: CloudFlare Inc., Date: None, Delay: -1 ms, Speed: 0.00 M/s, Resolution: None
Name: 新疆卫视, URL: http://z.b.bkpcp.top/m.php?id=xjws, From: subscribe, IPv_Type: ipv6, Location: 美国, ISP: CloudFlare Inc., Date: None, Delay: -1 ms, Speed: 0.00 M/s, Resolution: None
Name: 新疆卫视, URL: http://j.x.bkpcp.top/jx/XJWS, From: subscribe, IPv_Type: ipv6, Location: 美国, ISP: CloudFlare Inc., Date: None, Delay: -1 ms, Speed: 0.00 M/s, Resolution: None
Name: 新疆卫视, URL: http://goo.bkpcp.top/mg/xjws, From: subscribe, IPv_Type: ipv6, Location: 美国, ISP: CloudFlare Inc., Date: None, Delay: -1 ms, Speed: 0.00 M/s, Resolution: None
Name: 新疆卫视, URL: http://[2409:8087:1a0a:df::404b]/ottrrs.hl.chinamobile.com/TVOD/88888888/224/3221225635/index.m3u8, From: subscribe, IPv_Type: ipv6, Location: 中国, ISP: 中国移动, Date: None, Delay: -1 ms, Speed: 0.00 M/s, Resolution: None
Name: 新疆卫视, URL: http://[2409:8087:2001:20:2800:0:df6e:eb0b]/wh7f454c46tw993550557_162751766/ott.mobaibox.com/PLTV/3/224/3221228290/index.m3u8?icpid=3&RTS=1668604377&from=40&popid=40&hms_devid=2038&prioritypopid=40&vqe=3, From: subscribe, IPv_Type: ipv6, Location: 中国, ISP: 中国移动, Date: None, Delay: -1 ms, Speed: 0.00 M/s, Resolution: None
Name: 新疆卫视, URL: http://[2409:8087:1a01:df::4077]/ottrrs.hl.chinamobile.com/PLTV/88888888/8/3221226460/index.m3u8, From: subscribe, IPv_Type: ipv6, Location: 中国, ISP: 中国移动, Date: None, Delay: -1 ms, Speed: 0.00 M/s, Resolution: None
Name: 新疆卫视, URL: http://[2409:8087:8:21::18]:6610/otttv.bj.chinamobile.com/PLTV/88888888/224/3221226546/1.m3u8, From: subscribe, IPv_Type: ipv6, Location: 中国, ISP: 中国移动, Date: None, Delay: -1 ms, Speed: 0.00 M/s, Resolution: None
Name: 新疆卫视, URL: http://[2409:8087:8:21::18]:6610/otttv.bj.chinamobile.com/PLTV/88888888/224/3221226923/1.m3u8, From: subscribe, IPv_Type: ipv6, Location: 中国, ISP: 中国移动, Date: None, Delay: -1 ms, Speed: 0.00 M/s, Resolution: None
Name: 新疆卫视, URL: https://iptv.catvod.com/live.php?id=%E6%96%B0%E7%96%86%E5%8D%AB%E8%A7%86%E5%8F%B0, From: subscribe, IPv_Type: ipv6, Location: 美国, ISP: CloudFlare Inc., Date: None, Delay: -1 ms, Speed: 0.00 M/s, Resolution: None
Name: 新疆卫视, URL: http://[2409:8087:8:21::18]:6610/otttv.bj.chinamobile.com/PLTV/88888888/224/3221227011/1.m3u8?GuardEncType=2&accountinfo=%7E%7EV2.0%7ExAUu61iVvo_xYbANWJhgXw%7EtP4-l0lmSfjwLWEfK_el1vH_mv-s1zo4AQJwdedaVwG9xkuFTDg8J26cwOrNJzn20BErrHdLhuZ9EzLUCD3PMW-OMx4MGteHV2vLeW6BqoY%2CEND, From: subscribe, IPv_Type: ipv6, Location: 中国, ISP: 中国移动, Date: None, Delay: -1 ms, Speed: 0.00 M/s, Resolution: None
Name: 新疆卫视, URL: https://iptv.catvod.com/live.php?id=%E6%96%B0%E7%96%86%E5%8D%AB%E8%A7%86, From: subscribe, IPv_Type: ipv6, Location: 美国, ISP: CloudFlare Inc., Date: None, Delay: -1 ms, Speed: 0.00 M/s, Resolution: None
Name: 新疆卫视, URL: http://hwltc.tv.cdn.zj.chinamobile.com/PLTV/88888888/224/3221236215/index.m3u8, From: subscribe, IPv_Type: ipv6, Location: 中国, ISP: 中国移动, Date: None, Delay: -1 ms, Speed: 0.00 M/s, Resolution: None
Name: 新疆卫视, URL: http://iptvrr.sh.chinamobile.com:6060/cms001/ch00000090990000001065/index.m3u8, From: subscribe, IPv_Type: ipv6, Location: 中国, ISP: 中国移动, Date: None, Delay: -1 ms, Speed: 0.00 M/s, Resolution: None
Name: 新疆卫视, URL: http://hwottcdn.ln.chinamobile.com/PLTV/11/224/3221226151/index.m3u8, From: subscribe, IPv_Type: ipv6, Location: 中国, ISP: 中国移动, Date: None, Delay: -1 ms, Speed: 0.00 M/s, Resolution: None
Name: 新疆卫视, URL: http://hwottcdn.ln.chinamobile.com/PLTV/11/224/3221226893/index.m3u8, From: subscribe, IPv_Type: ipv6, Location: 中国, ISP: 中国移动, Date: None, Delay: -1 ms, Speed: 0.00 M/s, Resolution: None
Name: 新疆卫视, URL: http://tvgslb.hn.chinamobile.com:8089/180000001002/00000000000000020000000000182275/main.m3u8?stbid=, From: subscribe, IPv_Type: ipv6, Location: 中国, ISP: 中国移动, Date: None, Delay: -1 ms, Speed: 0.00 M/s, Resolution: None
Name: 新疆卫视, URL: http://ott.mobaibox.com/PLTV/3/224/3221228290/index.m3u8, From: subscribe, IPv_Type: ipv6, Location: 中国, ISP: 中国移动, Date: None, Delay: -1 ms, Speed: 0.00 M/s, Resolution: None
Name: 新疆卫视, URL: http://rrs01.hw.gmcc.net:8088/PLTV/81/224/3221226700/1.m3u8, From: subscribe, IPv_Type: ipv6, Location: 中国, ISP: 中国移动, Date: None, Delay: -1 ms, Speed: 0.00 M/s, Resolution: None
Name: 新疆卫视, URL: http://k.061899.xyz/k.php?id=xjws, From: subscribe, IPv_Type: ipv6, Location: 新加坡, ISP: Aceville Pte.Ltd., Date: None, Delay: -1 ms, Speed: 0.00 M/s, Resolution: None
Name: 新疆卫视, URL: http://satellitepull.cnr.cn/live/wxxjws/playlist.m3u8, From: subscribe, IPv_Type: ipv4, Location: 美国-新泽西州-摩里斯, ISP: Linode, Date: None, Delay: 18 ms, Speed: 5.02 M/s, Resolution: None
Name: 云南卫视, URL: http://php.jdshipin.com/TVOD/hljyd.php?id=3221226444, From: subscribe, IPv_Type: ipv6, Location: 美国, ISP: CloudFlare Inc., Date: None, Delay: -1 ms, Speed: 0.00 M/s, Resolution: None
Name: 云南卫视, URL: http://z.b.bkpcp.top/m.php?id=ynws, From: subscribe, IPv_Type: ipv6, Location: 美国, ISP: CloudFlare Inc., Date: None, Delay: -1 ms, Speed: 0.00 M/s, Resolution: None
Name: 云南卫视, URL: http://3501776.xyz:35455/itv/5000000011000031120.m3u8?cdn=bestzb, From: subscribe, IPv_Type: ipv6, Location: 美国, ISP: CloudFlare Inc., Date: None, Delay: -1 ms, Speed: 0.00 M/s, Resolution: None
Name: 云南卫视, URL: http://goo.bkpcp.top/mg/ynws, From: subscribe, IPv_Type: ipv6, Location: 美国, ISP: CloudFlare Inc., Date: None, Delay: -1 ms, Speed: 0.00 M/s, Resolution: None
Name: 云南卫视, URL: https://zby.130519.xyz/PLTV/11/224/3221226109/index.m3u8, From: subscribe, IPv_Type: ipv6, Location: 美国, ISP: CloudFlare Inc., Date: None, Delay: -1 ms, Speed: 0.00 M/s, Resolution: None
Name: 云南卫视, URL: http://[2409:8087:8:21::18]:6610/otttv.bj.chinamobile.com/PLTV/88888888/224/3221227028/1.m3u8?GuardEncType=2&accountinfo=%7E%7EV2.0%7EGfQPqRNVeBjTMsZ48qu0SA%7EtP4-l0lmSfjwLWEfK_el1vH_mv-s1zo4AQJwdedaVwG9xkuFTDg8J26cwOrNJzn20BErrHdLhuZ9EzLUCD3PMW-OMx4MGteHV2vLeW6BqoY%2CEND, From: subscribe, IPv_Type: ipv6, Location: 中国, ISP: 中国移动, Date: None, Delay: -1 ms, Speed: 0.00 M/s, Resolution: None
Name: 云南卫视, URL: http://[2409:8087:1a01:df::4077]/ottrrs.hl.chinamobile.com/PLTV/88888888/8/3221226444/index.m3u8, From: subscribe, IPv_Type: ipv6, Location: 中国, ISP: 中国移动, Date: None, Delay: -1 ms, Speed: 0.00 M/s, Resolution: None
Name: 云南卫视, URL: https://iptv.catvod.com/live.php?id=%E4%BA%91%E5%8D%97%E5%8D%AB%E8%A7%86%E5%8F%B0, From: subscribe, IPv_Type: ipv6, Location: 美国, ISP: CloudFlare Inc., Date: None, Delay: -1 ms, Speed: 0.00 M/s, Resolution: None
Name: 云南卫视, URL: https://iptv.catvod.com/live.php?id=%E4%BA%91%E5%8D%97%E5%8D%AB%E8%A7%86, From: subscribe, IPv_Type: ipv6, Location: 美国, ISP: CloudFlare Inc., Date: None, Delay: -1 ms, Speed: 0.00 M/s, Resolution: None
Name: 云南卫视, URL: http://tvgslb.hn.chinamobile.com:8089/180000001002/00000001000000000090000000215606/main.m3u8?stbid=, From: subscribe, IPv_Type: ipv6, Location: 中国, ISP: 中国移动, Date: None, Delay: -1 ms, Speed: 0.00 M/s, Resolution: None
Name: 云南卫视, URL: http://ott.mobaibox.com/PLTV/3/224/3221227571/index.m3u8, From: subscribe, IPv_Type: ipv6, Location: 中国, ISP: 中国移动, Date: None, Delay: -1 ms, Speed: 0.00 M/s, Resolution: None
Name: 云南卫视, URL: http://hwottcdn.ln.chinamobile.com/PLTV/11/224/3221227356/index.m3u8, From: subscribe, IPv_Type: ipv6, Location: 中国, ISP: 中国移动, Date: None, Delay: -1 ms, Speed: 0.00 M/s, Resolution: None
Name: 云南卫视, URL: http://iptvrr.sh.chinamobile.com:6060/cms001/ch00000090990000001223/index.m3u8, From: subscribe, IPv_Type: ipv6, Location: 中国, ISP: 中国移动, Date: None, Delay: -1 ms, Speed: 0.00 M/s, Resolution: None
Name: 云南卫视, URL: http://tvgslb.hn.chinamobile.com:8089/180000001002/00000000000000020000000000182259/main.m3u8?stbid=, From: subscribe, IPv_Type: ipv6, Location: 中国, ISP: 中国移动, Date: None, Delay: -1 ms, Speed: 0.00 M/s, Resolution: None
Name: 云南卫视, URL: http://hwottcdn.ln.chinamobile.com/PLTV/11/224/3221226816/index.m3u8, From: subscribe, IPv_Type: ipv6, Location: 中国, ISP: 中国移动, Date: None, Delay: -1 ms, Speed: 0.00 M/s, Resolution: None
Name: 云南卫视, URL: http://hwottcdn.ln.chinamobile.com/PLTV/11/224/3221226148/index.m3u8, From: subscribe, IPv_Type: ipv6, Location: 中国, ISP: 中国移动, Date: None, Delay: -1 ms, Speed: 0.00 M/s, Resolution: None
Name: 云南卫视, URL: http://rrs01.hw.gmcc.net:8088/PLTV/81/224/3221226709/1.m3u8, From: subscribe, IPv_Type: ipv6, Location: 中国, ISP: 中国移动, Date: None, Delay: -1 ms, Speed: 0.00 M/s, Resolution: None
Name: 云南卫视, URL: http://hwltc.tv.cdn.zj.chinamobile.com/PLTV/88888888/224/3221236234/index.m3u8, From: subscribe, IPv_Type: ipv6, Location: 中国, ISP: 中国移动, Date: None, Delay: -1 ms, Speed: 0.00 M/s, Resolution: None
Name: 云南卫视, URL: http://k.061899.xyz/k.php?id=ynws, From: subscribe, IPv_Type: ipv6, Location: 新加坡, ISP: Aceville Pte.Ltd., Date: None, Delay: -1 ms, Speed: 0.00 M/s, Resolution: None
Name: 云南卫视, URL: http://38.75.136.137:98/gslb/dsdqpub/ynwshd.m3u8?auth=testpub, From: subscribe, IPv_Type: ipv4, Location: 美国-伊利诺伊州-库克, ISP: Cogent, Date: None, Delay: 365 ms, Speed: 9.01 M/s, Resolution: 1920x1080
Name: 云南卫视, URL: http://satellitepull.cnr.cn/live/wxynws/playlist.m3u8, From: subscribe, IPv_Type: ipv4, Location: 美国-新泽西州-摩里斯, ISP: Linode, Date: None, Delay: 19 ms, Speed: 5.25 M/s, Resolution: None
Name: 云南卫视, URL: http://23.237.228.134/live8/yunnan.m3u8, From: subscribe, IPv_Type: ipv4, Location: 北美地区, ISP: , Date: None, Delay: 582 ms, Speed: 3.82 M/s, Resolution: 1920x1080
Name: 山东少儿, URL: https://stream1.freetv.fun/shan-dong-shao-er-6.m3u8, From: subscribe, IPv_Type: ipv6, Location: 美国, ISP: CloudFlare Inc., Date: None, Delay: 0.1 ms, Speed: inf M/s, Resolution: 1920x1080
Name: 山东少儿, URL: https://stream1.freetv.fun/shan-dong-shao-er-2.m3u8, From: subscribe, IPv_Type: ipv6, Location: 美国, ISP: CloudFlare Inc., Date: None, Delay: 0.1 ms, Speed: inf M/s, Resolution: 1920x1080
Name: 山东少儿, URL: https://stream1.freetv.fun/shan-dong-shao-er-9.m3u8, From: subscribe, IPv_Type: ipv6, Location: 美国, ISP: CloudFlare Inc., Date: None, Delay: 0.1 ms, Speed: inf M/s, Resolution: 1920x1080
Name: 山东少儿, URL: http://livealone302.iqilu.com/iqilu/sepd.m3u8, From: subscribe, IPv_Type: ipv6, Location: 中国-广东-东莞, ISP: 电信, Date: None, Delay: 0.1 ms, Speed: inf M/s, Resolution: 1920x1080
Name: 山东少儿, URL: https://stream1.freetv.fun/shan-dong-shao-er-1.m3u8, From: subscribe, IPv_Type: ipv6, Location: 美国, ISP: CloudFlare Inc., Date: None, Delay: 0.1 ms, Speed: inf M/s, Resolution: 1920x1080
Name: 山东少儿, URL: https://stream1.freetv.fun/shan-dong-shao-er-4.m3u8, From: subscribe, IPv_Type: ipv6, Location: 美国, ISP: CloudFlare Inc., Date: None, Delay: 0.1 ms, Speed: inf M/s, Resolution: 1920x1080
Name: 山东少儿, URL: https://stream1.freetv.fun/shan-dong-shao-er-8.m3u8, From: subscribe, IPv_Type: ipv6, Location: 美国, ISP: CloudFlare Inc., Date: None, Delay: 0.1 ms, Speed: inf M/s, Resolution: 1920x1080
Name: 山东少儿, URL: https://stream1.freetv.fun/shan-dong-shao-er-5.m3u8, From: subscribe, IPv_Type: ipv6, Location: 美国, ISP: CloudFlare Inc., Date: None, Delay: 0.1 ms, Speed: inf M/s, Resolution: 1920x1080
Name: 山东少儿, URL: https://stream1.freetv.fun/shan-dong-shao-er-7.m3u8, From: subscribe, IPv_Type: ipv6, Location: 美国, ISP: CloudFlare Inc., Date: None, Delay: 0.1 ms, Speed: inf M/s, Resolution: 1920x1080
Name: 山东新闻, URL: https://stream1.freetv.fun/shan-dong-xin-wen-8.m3u8, From: subscribe, IPv_Type: ipv6, Location: 美国, ISP: CloudFlare Inc., Date: None, Delay: 0.1 ms, Speed: inf M/s, Resolution: 1920x1080
Name: 山东新闻, URL: https://stream1.freetv.fun/shan-dong-xin-wen-1.m3u8, From: subscribe, IPv_Type: ipv6, Location: 美国, ISP: CloudFlare Inc., Date: None, Delay: 0.1 ms, Speed: inf M/s, Resolution: 1920x1080
Name: 山东新闻, URL: https://stream1.freetv.fun/shan-dong-xin-wen-4.m3u8, From: subscribe, IPv_Type: ipv6, Location: 美国, ISP: CloudFlare Inc., Date: None, Delay: 0.1 ms, Speed: inf M/s, Resolution: 1920x1080
Name: 山东新闻, URL: https://stream1.freetv.fun/shan-dong-xin-wen-6.m3u8, From: subscribe, IPv_Type: ipv6, Location: 美国, ISP: CloudFlare Inc., Date: None, Delay: 0.1 ms, Speed: inf M/s, Resolution: 1920x1080
Name: 山东新闻, URL: https://stream1.freetv.fun/shan-dong-xin-wen-2.m3u8, From: subscribe, IPv_Type: ipv6, Location: 美国, ISP: CloudFlare Inc., Date: None, Delay: 0.1 ms, Speed: inf M/s, Resolution: 1920x1080
Name: 山东新闻, URL: http://ls.qingting.fm/live/60180.m3u8, From: subscribe, IPv_Type: ipv6, Location: 中国-广东-东莞, ISP: 电信, Date: None, Delay: 0.1 ms, Speed: inf M/s, Resolution: 1920x1080
Name: 山东新闻, URL: http://livealone302.iqilu.com/iqilu/ggpd.m3u8, From: subscribe, IPv_Type: ipv6, Location: 中国-广东-东莞, ISP: 电信, Date: None, Delay: 0.1 ms, Speed: inf M/s, Resolution: 1920x1080
Name: 山东新闻, URL: https://stream1.freetv.fun/shan-dong-xin-wen-7.m3u8, From: subscribe, IPv_Type: ipv6, Location: 美国, ISP: CloudFlare Inc., Date: None, Delay: 0.1 ms, Speed: inf M/s, Resolution: 1920x1080
Name: 山东新闻, URL: https://stream1.freetv.fun/shan-dong-xin-wen-3.m3u8, From: subscribe, IPv_Type: ipv6, Location: 美国, ISP: CloudFlare Inc., Date: None, Delay: 0.1 ms, Speed: inf M/s, Resolution: 1920x1080
Name: 山东教育, URL: http://z.b.bkpcp.top/m.php?id=sdjy, From: subscribe, IPv_Type: ipv6, Location: 美国, ISP: CloudFlare Inc., Date: None, Delay: 0.1 ms, Speed: inf M/s, Resolution: 1920x1080
Name: 山东教育, URL: http://goo.bkpcp.top/mg/sdjy, From: subscribe, IPv_Type: ipv6, Location: 美国, ISP: CloudFlare Inc., Date: None, Delay: 0.1 ms, Speed: inf M/s, Resolution: 1920x1080
Name: 山东教育, URL: http://iptv.huuc.edu.cn/hls/sdetv.m3u8, From: subscribe, IPv_Type: ipv6, Location: 中国, ISP: 教育网, Date: None, Delay: 0.1 ms, Speed: inf M/s, Resolution: 1920x1080
Name: 山东教育, URL: http://rrs01.hw.gmcc.net:8088/PLTV/81/224/3221226701/1.m3u8, From: subscribe, IPv_Type: ipv6, Location: 中国, ISP: 中国移动, Date: None, Delay: -1 ms, Speed: 0.00 M/s, Resolution: None
Name: 山东教育, URL: http://gslbmgsplive.miguvideo.com/migu/kailu/sdjyws/51/20250915/index.m3u8?msisdn=20250927080126244a72fa1b554182ae03568fff35bca7&mdspid=&spid=600697&netType=0&sid=5910022199&pid=2028597139&timestamp=20250927080126&Channel_ID=0116_2600000900-99000-201600010010027&ProgramID=609154353&ParentNodeID=-99&assertID=5910022199&client_ip=106.13.250.83&SecurityKey=20250927080126&promotionId=&mvid=2200208305&mcid=500020&playurlVersion=WX-A1-8.9.2-RELEASE&userid=&jmhm=&videocodec=h264&bean=mgspad&tid=android&conFee=0&puData=41ee1554c91427e91ee78ce8b64f7a33&ddCalcu=3431eae27e9f104565b48ce9c18472e7ee19, From: subscribe, IPv_Type: ipv6, Location: 中国, ISP: 中国移动, Date: None, Delay: -1 ms, Speed: 0.00 M/s, Resolution: None
Name: 山东教育, URL: https://migu.188766.xyz/?migutoken=367786e185fd1b56ecfef49d46568f95&id=%E5%B1%B1%E4%B8%9C%E6%95%99%E8%82%B2&type=yy, From: subscribe, IPv_Type: ipv6, Location: 美国, ISP: CloudFlare Inc., Date: None, Delay: -1 ms, Speed: 0.00 M/s, Resolution: None
Name: 山东教育, URL: http://gslbmgsplive.miguvideo.com/migu/kailu/sdjyws/51/20250915/index.m3u8?msisdn=20251023080146a623a1a467704de1bb9f78bcfbe3cb85&mdspid=&spid=600697&netType=0&sid=5910022199&pid=2028597139&timestamp=20251023080146&Channel_ID=0116_2600000900-99000-201600010010027&ProgramID=609154353&ParentNodeID=-99&assertID=5910022199&client_ip=106.13.250.83&SecurityKey=20251023080146&promotionId=&mvid=2200208305&mcid=500020&playurlVersion=WX-A1-8.9.2-RELEASE&userid=&jmhm=&videocodec=h264&bean=mgspad&tid=android&conFee=0&puData=dac6a2cd92e52b24f75ac42655739371&ddCalcu=1d7ae3c29693a0725c5d69224ec5a25b72f4, From: subscribe, IPv_Type: ipv6, Location: 中国, ISP: 中国移动, Date: None, Delay: -1 ms, Speed: 0.00 M/s, Resolution: None
Name: 山东教育, URL: http://gslbmgsplive.miguvideo.com/migu/kailu/sdjyws/51/20250915/index.m3u8?msisdn=202510240801014993ead85bb84238ba256233f39ec1fe&mdspid=&spid=600697&netType=0&sid=5910022199&pid=2028597139&timestamp=20251024080101&Channel_ID=0116_2600000900-99000-201600010010027&ProgramID=609154353&ParentNodeID=-99&assertID=5910022199&client_ip=106.13.250.88&SecurityKey=20251024080101&promotionId=&mvid=2200208305&mcid=500020&playurlVersion=WX-A1-8.9.2-RELEASE&userid=&jmhm=&videocodec=h264&bean=mgspad&tid=android&conFee=0&puData=9a9b9f0fe534bfd0201d1b9425c62be5&ddCalcu=59eaeb922b9690cf502f4e95b314db1f0d20, From: subscribe, IPv_Type: ipv6, Location: 中国, ISP: 中国移动, Date: None, Delay: -1 ms, Speed: 0.00 M/s, Resolution: None
Name: 山东教育, URL: http://gslbmgsplive.miguvideo.com/migu/kailu/sdjyws/51/20250915/index.m3u8?msisdn=202510250801048fff0e4b106b4345af1deefefd8d0de7&mdspid=&spid=600697&netType=0&sid=5910022199&pid=2028597139&timestamp=20251025080104&Channel_ID=0116_2600000900-99000-201600010010027&ProgramID=609154353&ParentNodeID=-99&assertID=5910022199&client_ip=106.13.250.90&SecurityKey=20251025080104&promotionId=&mvid=2200208305&mcid=500020&playurlVersion=WX-A1-8.9.2-RELEASE&userid=&jmhm=&videocodec=h264&bean=mgspad&tid=android&conFee=0&puData=5ed99a35aabe1c5a975b3c9f32ac70d9&ddCalcu=95dee0d2799c90aa2335fa9acb3eb15c759a, From: subscribe, IPv_Type: ipv6, Location: 中国, ISP: 中国移动, Date: None, Delay: -1 ms, Speed: 0.00 M/s, Resolution: None
Name: 山东教育, URL: http://gslbmgsplive.miguvideo.com/migu/kailu/sdjyws/51/20250915/index.m3u8?msisdn=202510260801019bd2e5ad2269402db1f8eed1067a0adc&mdspid=&spid=600697&netType=0&sid=5910022199&pid=2028597139&timestamp=20251026080101&Channel_ID=0116_2600000900-99000-201600010010027&ProgramID=609154353&ParentNodeID=-99&assertID=5910022199&client_ip=106.13.250.83&SecurityKey=20251026080101&promotionId=&mvid=2200208305&mcid=500020&playurlVersion=WX-A1-8.9.2-RELEASE&userid=&jmhm=&videocodec=h264&bean=mgspad&tid=android&conFee=0&puData=e3cb945f8f4a023db7f9184295501750&ddCalcu=0e53e7c21b909054559f284f841a90f273bd, From: subscribe, IPv_Type: ipv6, Location: 中国, ISP: 中国移动, Date: None, Delay: -1 ms, Speed: 0.00 M/s, Resolution: None
Name: 山东教育, URL: https://migu.188766.xyz/?migutoken=6f485e749ea99c6c4872918c2358db1f&id=%E5%B1%B1%E4%B8%9C%E6%95%99%E8%82%B2&type=yy, From: subscribe, IPv_Type: ipv6, Location: 美国, ISP: CloudFlare Inc., Date: None, Delay: -1 ms, Speed: 0.00 M/s, Resolution: None
Name: 山东教育, URL: https://migu.188766.xyz/?migutoken=84066d71fcc93eb3aae9ff901115a524&id=%E5%B1%B1%E4%B8%9C%E6%95%99%E8%82%B2&type=yy, From: subscribe, IPv_Type: ipv6, Location: 美国, ISP: CloudFlare Inc., Date: None, Delay: -1 ms, Speed: 0.00 M/s, Resolution: None
Name: 山东教育, URL: https://migu.188766.xyz/?migutoken=90b0320550b82b2447a7ef2f7488ebb0&id=%E5%B1%B1%E4%B8%9C%E6%95%99%E8%82%B2&type=yy, From: subscribe, IPv_Type: ipv6, Location: 美国, ISP: CloudFlare Inc., Date: None, Delay: -1 ms, Speed: 0.00 M/s, Resolution: None
Name: 山东教育, URL: https://migu.188766.xyz/?migutoken=15b54017de806dc9f1d31f74630678ea&id=%E5%B1%B1%E4%B8%9C%E6%95%99%E8%82%B2&type=yy, From: subscribe, IPv_Type: ipv6, Location: 美国, ISP: CloudFlare Inc., Date: None, Delay: -1 ms, Speed: 0.00 M/s, Resolution: None
Name: 山东教育, URL: https://migu.188766.xyz/?migutoken=4670969846e0ae87a7f0a154c1765f57&id=%E5%B1%B1%E4%B8%9C%E6%95%99%E8%82%B2&type=yy, From: subscribe, IPv_Type: ipv6, Location: 美国, ISP: CloudFlare Inc., Date: None, Delay: -1 ms, Speed: 0.00 M/s, Resolution: None
Name: 山东教育, URL: https://migu.188766.xyz/?migutoken=b953ec0a2b72f2701f3f2d28c7c2df7d&id=%E5%B1%B1%E4%B8%9C%E6%95%99%E8%82%B2&type=yy, From: subscribe, IPv_Type: ipv6, Location: 美国, ISP: CloudFlare Inc., Date: None, Delay: -1 ms, Speed: 0.00 M/s, Resolution: None
Name: 山东教育, URL: https://migu.188766.xyz/?migutoken=0311407b5faf573f3505ef3b548d33fc&id=%E5%B1%B1%E4%B8%9C%E6%95%99%E8%82%B2&type=yy, From: subscribe, IPv_Type: ipv6, Location: 美国, ISP: CloudFlare Inc., Date: None, Delay: -1 ms, Speed: 0.00 M/s, Resolution: None
Name: 山东教育, URL: https://migu.188766.xyz/?migutoken=b092613fd6459e650f68a19b1ed64306&id=%E5%B1%B1%E4%B8%9C%E6%95%99%E8%82%B2&type=yy, From: subscribe, IPv_Type: ipv6, Location: 美国, ISP: CloudFlare Inc., Date: None, Delay: -1 ms, Speed: 0.00 M/s, Resolution: None
Name: 山东教育, URL: https://migu.188766.xyz/?migutoken=074c925200dc307056f480de8632be7f&id=%E5%B1%B1%E4%B8%9C%E6%95%99%E8%82%B2&type=yy, From: subscribe, IPv_Type: ipv6, Location: 美国, ISP: CloudFlare Inc., Date: None, Delay: -1 ms, Speed: 0.00 M/s, Resolution: None
Name: 山东教育, URL: https://migu.188766.xyz/?migutoken=198d438dffc9d1d4488e7f79933e220c&id=%E5%B1%B1%E4%B8%9C%E6%95%99%E8%82%B2&type=yy, From: subscribe, IPv_Type: ipv6, Location: 美国, ISP: CloudFlare Inc., Date: None, Delay: -1 ms, Speed: 0.00 M/s, Resolution: None
Name: 山东教育, URL: https://migu.188766.xyz/?migutoken=8e8d09865a1e9abf146254fefe33f4e3&id=%E5%B1%B1%E4%B8%9C%E6%95%99%E8%82%B2&type=yy, From: subscribe, IPv_Type: ipv6, Location: 美国, ISP: CloudFlare Inc., Date: None, Delay: -1 ms, Speed: 0.00 M/s, Resolution: None
Name: 山东教育, URL: https://migu.188766.xyz/?migutoken=c2f541f0db1a375fdb090181979ad73b&id=%E5%B1%B1%E4%B8%9C%E6%95%99%E8%82%B2&type=yy, From: subscribe, IPv_Type: ipv6, Location: 美国, ISP: CloudFlare Inc., Date: None, Delay: -1 ms, Speed: 0.00 M/s, Resolution: None
Name: 山东教育, URL: https://migu.188766.xyz/?migutoken=d75e4d2f6110f617bf3a3ad13c3bb291&id=%E5%B1%B1%E4%B8%9C%E6%95%99%E8%82%B2&type=yy, From: subscribe, IPv_Type: ipv6, Location: 美国, ISP: CloudFlare Inc., Date: None, Delay: -1 ms, Speed: 0.00 M/s, Resolution: None
Name: 山东教育, URL: https://migu.188766.xyz/?migutoken=40048105285facf0dc639e94aa947364&id=%E5%B1%B1%E4%B8%9C%E6%95%99%E8%82%B2&type=yy, From: subscribe, IPv_Type: ipv6, Location: 美国, ISP: CloudFlare Inc., Date: None, Delay: -1 ms, Speed: 0.00 M/s, Resolution: None
Name: 山东教育, URL: https://migu.188766.xyz/?migutoken=a45474c2175f6f1d7eae9ffa65bfcda4&id=%E5%B1%B1%E4%B8%9C%E6%95%99%E8%82%B2&type=yy, From: subscribe, IPv_Type: ipv6, Location: 美国, ISP: CloudFlare Inc., Date: None, Delay: -1 ms, Speed: 0.00 M/s, Resolution: None
Name: 山东教育, URL: https://migu.188766.xyz/?migutoken=1134813ab83db9f651ce86515f06b7c5&id=%E5%B1%B1%E4%B8%9C%E6%95%99%E8%82%B2&type=yy, From: subscribe, IPv_Type: ipv6, Location: 美国, ISP: CloudFlare Inc., Date: None, Delay: -1 ms, Speed: 0.00 M/s, Resolution: None
Name: 山东教育, URL: https://migu.188766.xyz/?migutoken=0fa9782ae14d799d3c8c17993b02b93e&id=%E5%B1%B1%E4%B8%9C%E6%95%99%E8%82%B2&type=yy, From: subscribe, IPv_Type: ipv6, Location: 美国, ISP: CloudFlare Inc., Date: None, Delay: -1 ms, Speed: 0.00 M/s, Resolution: None
Name: 山东教育, URL: https://migu.188766.xyz/?migutoken=8966de08f0986022958d939c43791c57&id=%E5%B1%B1%E4%B8%9C%E6%95%99%E8%82%B2&type=yy, From: subscribe, IPv_Type: ipv6, Location: 美国, ISP: CloudFlare Inc., Date: None, Delay: -1 ms, Speed: 0.00 M/s, Resolution: None
Name: 山东教育, URL: https://migu.188766.xyz/?migutoken=ee46d9f18aa2732069a477d1fc110967&id=%E5%B1%B1%E4%B8%9C%E6%95%99%E8%82%B2&type=yy, From: subscribe, IPv_Type: ipv6, Location: 美国, ISP: CloudFlare Inc., Date: None, Delay: -1 ms, Speed: 0.00 M/s, Resolution: None
Name: 山东教育, URL: https://migu.188766.xyz/?migutoken=c2de1e074ef2f2f68c9040bad52ed36f&id=%E5%B1%B1%E4%B8%9C%E6%95%99%E8%82%B2&type=yy, From: subscribe, IPv_Type: ipv6, Location: 美国, ISP: CloudFlare Inc., Date: None, Delay: -1 ms, Speed: 0.00 M/s, Resolution: None
Name: 山东教育, URL: https://migu.188766.xyz/?migutoken=eff9c16ea2a7a745d3b4e2ba2af4e913&id=%E5%B1%B1%E4%B8%9C%E6%95%99%E8%82%B2&type=yy, From: subscribe, IPv_Type: ipv6, Location: 美国, ISP: CloudFlare Inc., Date: None, Delay: -1 ms, Speed: 0.00 M/s, Resolution: None
Name: 山东教育, URL: https://migu.188766.xyz/?migutoken=291b956f6726bce0c50d96810e1c0bc9&id=%E5%B1%B1%E4%B8%9C%E6%95%99%E8%82%B2&type=yy, From: subscribe, IPv_Type: ipv6, Location: 美国, ISP: CloudFlare Inc., Date: None, Delay: -1 ms, Speed: 0.00 M/s, Resolution: None
Name: 山东教育, URL: https://migu.188766.xyz/?migutoken=e903f0f51688618616986a9a053983d1&id=%E5%B1%B1%E4%B8%9C%E6%95%99%E8%82%B2&type=yy, From: subscribe, IPv_Type: ipv6, Location: 美国, ISP: CloudFlare Inc., Date: None, Delay: -1 ms, Speed: 0.00 M/s, Resolution: None
Name: 山东教育, URL: https://migu.188766.xyz/?migutoken=33e756957b0f58d9c9ac9eb00c2cd753&id=%E5%B1%B1%E4%B8%9C%E6%95%99%E8%82%B2&type=yy, From: subscribe, IPv_Type: ipv6, Location: 美国, ISP: CloudFlare Inc., Date: None, Delay: -1 ms, Speed: 0.00 M/s, Resolution: None
Name: 山东教育, URL: https://migu.188766.xyz/?migutoken=0d8f9eac006bba4a3110c99dde47c4bc&id=%E5%B1%B1%E4%B8%9C%E6%95%99%E8%82%B2&type=yy, From: subscribe, IPv_Type: ipv6, Location: 美国, ISP: CloudFlare Inc., Date: None, Delay: -1 ms, Speed: 0.00 M/s, Resolution: None
Name: 山东教育, URL: https://migu.188766.xyz/?migutoken=f4397917d59a8b16c666809f998e1498&id=%E5%B1%B1%E4%B8%9C%E6%95%99%E8%82%B2&type=yy, From: subscribe, IPv_Type: ipv6, Location: 美国, ISP: CloudFlare Inc., Date: None, Delay: -1 ms, Speed: 0.00 M/s, Resolution: None
Name: 山东教育, URL: https://migu.188766.xyz/?migutoken=98181cb3c229bc0f349f838a3cf87f65&id=%E5%B1%B1%E4%B8%9C%E6%95%99%E8%82%B2&type=yy, From: subscribe, IPv_Type: ipv6, Location: 美国, ISP: CloudFlare Inc., Date: None, Delay: -1 ms, Speed: 0.00 M/s, Resolution: None
Name: 山东居家购物, URL: http://livealone302.iqilu.com/iqilu/gwpd.m3u8, From: subscribe, IPv_Type: ipv6, Location: 中国-广东-东莞, ISP: 电信, Date: None, Delay: 0.1 ms, Speed: inf M/s, Resolution: 1920x1080
Name: 山东农科, URL: http://livealone302.iqilu.com/iqilu/nkpd.m3u8, From: subscribe, IPv_Type: ipv6, Location: 中国-广东-东莞, ISP: 电信, Date: None, Delay: 0.1 ms, Speed: inf M/s, Resolution: 1920x1080
Name: 山东齐鲁, URL: http://livealone302.iqilu.com/iqilu/qlpd.m3u8, From: subscribe, IPv_Type: ipv6, Location: 中国-广东-东莞, ISP: 电信, Date: None, Delay: 0.1 ms, Speed: inf M/s, Resolution: 1920x1080
Name: 山东生活, URL: http://ls.qingting.fm/live/60260.m3u8, From: subscribe, IPv_Type: ipv6, Location: 中国-广东-东莞, ISP: 电信, Date: None, Delay: 0.1 ms, Speed: inf M/s, Resolution: 1920x1080
Name: 山东生活, URL: http://livealone302.iqilu.com/iqilu/shpd.m3u8, From: subscribe, IPv_Type: ipv6, Location: 中国-广东-东莞, ISP: 电信, Date: None, Delay: 0.1 ms, Speed: inf M/s, Resolution: 1920x1080
Name: 山东体育, URL: https://stream1.freetv.fun/shan-dong-ti-yu-8.m3u8, From: subscribe, IPv_Type: ipv6, Location: 美国, ISP: CloudFlare Inc., Date: None, Delay: 0.1 ms, Speed: inf M/s, Resolution: 1920x1080
Name: 山东体育, URL: https://stream1.freetv.fun/shan-dong-ti-yu-19.m3u8, From: subscribe, IPv_Type: ipv6, Location: 美国, ISP: CloudFlare Inc., Date: None, Delay: -1 ms, Speed: 0.00 M/s, Resolution: None
Name: 山东体育, URL: https://stream1.freetv.fun/shan-dong-ti-yu-4.m3u8, From: subscribe, IPv_Type: ipv6, Location: 美国, ISP: CloudFlare Inc., Date: None, Delay: 0.1 ms, Speed: inf M/s, Resolution: 1920x1080
Name: 山东体育, URL: http://livealone302.iqilu.com/iqilu/typd.m3u8, From: subscribe, IPv_Type: ipv6, Location: 中国-广东-东莞, ISP: 电信, Date: None, Delay: 0.1 ms, Speed: inf M/s, Resolution: 1920x1080
Name: 山东体育, URL: https://stream1.freetv.fun/shan-dong-ti-yu-7.m3u8, From: subscribe, IPv_Type: ipv6, Location: 美国, ISP: CloudFlare Inc., Date: None, Delay: 0.1 ms, Speed: inf M/s, Resolution: 1920x1080
Name: 山东体育, URL: https://stream1.freetv.fun/shan-dong-ti-yu-6.m3u8, From: subscribe, IPv_Type: ipv6, Location: 美国, ISP: CloudFlare Inc., Date: None, Delay: 0.1 ms, Speed: inf M/s, Resolution: 1920x1080
Name: 山东体育, URL: https://stream1.freetv.fun/shan-dong-ti-yu-3.m3u8, From: subscribe, IPv_Type: ipv6, Location: 美国, ISP: CloudFlare Inc., Date: None, Delay: 0.1 ms, Speed: inf M/s, Resolution: 1920x1080
Name: 山东体育, URL: https://stream1.freetv.fun/shan-dong-ti-yu-9.m3u8, From: subscribe, IPv_Type: ipv6, Location: 美国, ISP: CloudFlare Inc., Date: None, Delay: 0.1 ms, Speed: inf M/s, Resolution: 1920x1080
Name: 山东体育, URL: https://stream1.freetv.fun/shan-dong-ti-yu-5.m3u8, From: subscribe, IPv_Type: ipv6, Location: 美国, ISP: CloudFlare Inc., Date: None, Delay: 0.1 ms, Speed: inf M/s, Resolution: 1920x1080
Name: 山东体育, URL: https://stream1.freetv.fun/shan-dong-ti-yu-2.m3u8, From: subscribe, IPv_Type: ipv6, Location: 美国, ISP: CloudFlare Inc., Date: None, Delay: 0.1 ms, Speed: inf M/s, Resolution: 1920x1080
Name: 山东体育, URL: https://stream1.freetv.fun/shan-dong-ti-yu-1.m3u8, From: subscribe, IPv_Type: ipv6, Location: 美国, ISP: CloudFlare Inc., Date: None, Delay: 0.1 ms, Speed: inf M/s, Resolution: 1920x1080
Name: 山东文旅, URL: http://221.2.148.205:8154/tsfile/live/1004_1.m3u8?key=txiptv&playlive=1&authid=0, From: subscribe, IPv_Type: ipv4, Location: 中国-山东-威海, ISP: 联通, Date: None, Delay: 10237 ms, Speed: 0.06 M/s, Resolution: 1920x1080
Name: 山东文旅, URL: http://58.57.40.22:9901/tsfile/live/1023_1.m3u8, From: subscribe, IPv_Type: ipv4, Location: 中国-山东-临沂, ISP: 电信, Date: None, Delay: 10947 ms, Speed: 0.00 M/s, Resolution: None
Name: 山东综艺, URL: http://livealone302.iqilu.com/iqilu/zypd.m3u8, From: subscribe, IPv_Type: ipv6, Location: 中国-广东-东莞, ISP: 电信, Date: None, Delay: 0.1 ms, Speed: inf M/s, Resolution: 1920x1080
Name: 潍坊新闻综合, URL: https://stream1.freetv.fun/ipv6-wei-fang-xin-wen-zong-he-2.m3u8, From: subscribe, IPv_Type: ipv6, Location: 美国, ISP: CloudFlare Inc., Date: None, Delay: 0.1 ms, Speed: inf M/s, Resolution: 1920x1080
Name: 潍坊新闻综合, URL: https://stream1.freetv.fun/ipv6-wei-fang-xin-wen-zong-he-1.m3u8, From: subscribe, IPv_Type: ipv6, Location: 美国, ISP: CloudFlare Inc., Date: None, Delay: 0.1 ms, Speed: inf M/s, Resolution: 1920x1080
Name: 济南综合, URL: https://stream1.freetv.fun/ji-nan-zong-he-2.m3u8, From: subscribe, IPv_Type: ipv6, Location: 美国, ISP: CloudFlare Inc., Date: None, Delay: 0.1 ms, Speed: inf M/s, Resolution: 1920x1080
Name: 济南综合, URL: https://stream1.freetv.fun/ji-nan-zong-he-3.m3u8, From: subscribe, IPv_Type: ipv6, Location: 美国, ISP: CloudFlare Inc., Date: None, Delay: 0.1 ms, Speed: inf M/s, Resolution: 1920x1080
Name: 济南综合, URL: https://stream1.freetv.fun/ji-nan-zong-he-1.m3u8, From: subscribe, IPv_Type: ipv6, Location: 美国, ISP: CloudFlare Inc., Date: None, Delay: 0.1 ms, Speed: inf M/s, Resolution: 1920x1080
Name: 济南新闻综合, URL: https://stream1.freetv.fun/ji-nan-xin-wen-zong-he-7.m3u8, From: subscribe, IPv_Type: ipv6, Location: 美国, ISP: CloudFlare Inc., Date: None, Delay: 0.1 ms, Speed: inf M/s, Resolution: 1920x1080
Name: 济南新闻综合, URL: https://stream1.freetv.fun/ji-nan-zong-he-2.m3u8, From: subscribe, IPv_Type: ipv6, Location: 美国, ISP: CloudFlare Inc., Date: None, Delay: -1 ms, Speed: 0.00 M/s, Resolution: None
Name: 济南新闻综合, URL: rtmp://tv.qntv.net/channellive/ch1?zguizd, From: subscribe, IPv_Type: ipv4, Location: 中国-贵州-黔南布依族苗族自治州, ISP: 联通, Date: None, Delay: -1 ms, Speed: inf M/s, Resolution: 1920x1080
Name: 济南教育, URL: https://stream1.freetv.fun/ji-nan-jiao-yu-1.m3u8, From: subscribe, IPv_Type: ipv6, Location: 美国, ISP: CloudFlare Inc., Date: None, Delay: 0.1 ms, Speed: inf M/s, Resolution: 1920x1080
Name: 青州综合, URL: rtmp://sdqz.chinashadt.com:2036/live/stream:1.stream, From: subscribe, IPv_Type: ipv4, Location: 中国-山东-潍坊, ISP: 联通, Date: None, Delay: -1 ms, Speed: inf M/s, Resolution: 720x576
Name: 东营综合, URL: rtmp://stream.hhek.cn:9936/live/xwzh_sd?shandd, From: subscribe, IPv_Type: ipv4, Location: 中国-山东-东营, ISP: 联通, Date: None, Delay: 5576 ms, Speed: 0.00 M/s, Resolution: None
Name: 日照公共, URL: http://live.rzw.com.cn/kzpd/sd/live.m3u8?shandd, From: subscribe, IPv_Type: ipv6, Location: 中国, ISP: 中国移动, Date: None, Delay: 0.1 ms, Speed: inf M/s, Resolution: 1920x1080
Name: 日照新闻综合, URL: http://live.rzw.com.cn/xwzh/sd/live.m3u8?shandd, From: subscribe, IPv_Type: ipv6, Location: 中国, ISP: 中国移动, Date: None, Delay: 0.1 ms, Speed: inf M/s, Resolution: 1920x1080
Name: 日照科教, URL: http://live.rzw.com.cn/ggpd/sd/live.m3u8?shandd, From: subscribe, IPv_Type: ipv6, Location: 中国, ISP: 中国移动, Date: None, Delay: 0.1 ms, Speed: inf M/s, Resolution: 1920x1080
Name: 翡翠台, URL: http://iptv.diyp.site/公众号【DIYP】.php?key=gat5&id=263ef8e25e9d14599c49b2169d133840, From: subscribe, IPv_Type: ipv6, Location: 美国, ISP: CloudFlare Inc., Date: None, Delay: -1 ms, Speed: 0.00 M/s, Resolution: None
Name: 翡翠台, URL: http://php.jdshipin.com:8880/TVOD/iptv.php?id=fct3&token=512df05ba47edb46400575c93e179adb7981226d414516400ed1d382cb126adc517715d4ccd3a2276bf3c7b72d52f58905225cf0b1cc461b7888443f, From: subscribe, IPv_Type: ipv6, Location: 美国, ISP: CloudFlare Inc., Date: None, Delay: -1 ms, Speed: 0.00 M/s, Resolution: None
Name: 翡翠台, URL: http://cdn9.163189.xyz/smt1.1.php?id=jade_twn, From: subscribe, IPv_Type: ipv6, Location: 美国, ISP: CloudFlare Inc., Date: None, Delay: -1 ms, Speed: 0.00 M/s, Resolution: None
Name: 翡翠台, URL: http://v2h.jdshipin.com:80/jade2/jade.stream/chunklist_w100.m3u8, From: subscribe, IPv_Type: ipv6, Location: 美国, ISP: CloudFlare Inc., Date: None, Delay: -1 ms, Speed: 0.00 M/s, Resolution: None
Name: 翡翠台, URL: http://r.jdshipin.com/qClQf, From: subscribe, IPv_Type: ipv6, Location: 美国, ISP: CloudFlare Inc., Date: None, Delay: -1 ms, Speed: 0.00 M/s, Resolution: None
Name: 翡翠台, URL: http://r.jdshipin.com/qrfbg, From: subscribe, IPv_Type: ipv6, Location: 美国, ISP: CloudFlare Inc., Date: None, Delay: -1 ms, Speed: 0.00 M/s, Resolution: None
Name: 翡翠台, URL: http://r.jdshipin.com/62WM7, From: subscribe, IPv_Type: ipv6, Location: 美国, ISP: CloudFlare Inc., Date: None, Delay: -1 ms, Speed: 0.00 M/s, Resolution: None
Name: 翡翠台, URL: http://r.jdshipin.com/n90gt, From: subscribe, IPv_Type: ipv6, Location: 美国, ISP: CloudFlare Inc., Date: None, Delay: -1 ms, Speed: 0.00 M/s, Resolution: None
Name: 翡翠台, URL: http://r.jdshipin.com/GeWKr, From: subscribe, IPv_Type: ipv6, Location: 美国, ISP: CloudFlare Inc., Date: None, Delay: -1 ms, Speed: 0.00 M/s, Resolution: None
Name: 翡翠台, URL: http://api.kkitv.itv888.vip:8080/streams/91wc8xdtj8/index.m3u8, From: subscribe, IPv_Type: ipv6, Location: 美国, ISP: CloudFlare Inc., Date: None, Delay: -1 ms, Speed: 0.00 M/s, Resolution: None
Name: 翡翠台, URL: http://cdn6.163189.xyz/163189/fct4k, From: subscribe, IPv_Type: ipv6, Location: 新加坡, ISP: Aceville Pte.Ltd., Date: None, Delay: -1 ms, Speed: 0.00 M/s, Resolution: None
Name: 翡翠台, URL: http://php.jdshipin.com:8880/TVOD/iptv.php?id=fct4, From: subscribe, IPv_Type: ipv6, Location: 美国, ISP: CloudFlare Inc., Date: None, Delay: -1 ms, Speed: 0.00 M/s, Resolution: None
Name: 翡翠台, URL: https://mgev.188766.xyz/?migutoken=c09136257cded1144eca5799ce77561f&id=hk_fct4k&type=dy, From: subscribe, IPv_Type: ipv6, Location: 美国, ISP: CloudFlare Inc., Date: None, Delay: -1 ms, Speed: 0.00 M/s, Resolution: None
Name: 翡翠台, URL: https://mgev.188766.xyz/?migutoken=0f09a04b882432b4727cf7b28e3443a2&id=hk_fct&type=dy, From: subscribe, IPv_Type: ipv6, Location: 美国, ISP: CloudFlare Inc., Date: None, Delay: -1 ms, Speed: 0.00 M/s, Resolution: None
Name: 翡翠台, URL: http://php.jdshipin.com/TVOD/iptv.php?id=fct3, From: subscribe, IPv_Type: ipv6, Location: 美国, ISP: CloudFlare Inc., Date: None, Delay: -1 ms, Speed: 0.00 M/s, Resolution: None
Name: 翡翠台, URL: http://php.jdshipin.com/TVOD/iptv.php?id=fct4, From: subscribe, IPv_Type: ipv6, Location: 美国, ISP: CloudFlare Inc., Date: None, Delay: -1 ms, Speed: 0.00 M/s, Resolution: None
Name: 翡翠台, URL: https://live.catvod.com/iptv.php?id=fct4k01, From: subscribe, IPv_Type: ipv6, Location: 美国, ISP: CloudFlare Inc., Date: None, Delay: -1 ms, Speed: 0.00 M/s, Resolution: None
Name: 翡翠台, URL: https://live.catvod.com/iptv.php?id=fctsub, From: subscribe, IPv_Type: ipv6, Location: 美国, ISP: CloudFlare Inc., Date: None, Delay: -1 ms, Speed: 0.00 M/s, Resolution: None
Name: 翡翠台, URL: http://php.jdshipin.com:8880/TVOD/iptv.php?id=fct3, From: subscribe, IPv_Type: ipv6, Location: 美国, ISP: CloudFlare Inc., Date: None, Delay: -1 ms, Speed: 0.00 M/s, Resolution: None
Name: 翡翠台, URL: http://php.jdshipin.com:8880/smt.php?id=jade_twn, From: subscribe, IPv_Type: ipv6, Location: 美国, ISP: CloudFlare Inc., Date: None, Delay: -1 ms, Speed: 0.00 M/s, Resolution: None
Name: 翡翠台, URL: http://php.jdshipin.com/TVOD/iptv.php?id=fct, From: subscribe, IPv_Type: ipv6, Location: 美国, ISP: CloudFlare Inc., Date: None, Delay: -1 ms, Speed: 0.00 M/s, Resolution: None
Name: 翡翠台, URL: https://cdn6.163189.xyz/163189/fct4k, From: subscribe, IPv_Type: ipv6, Location: 新加坡, ISP: Aceville Pte.Ltd., Date: None, Delay: -1 ms, Speed: 0.00 M/s, Resolution: None
Name: 翡翠台, URL: https://mytv.cdn.loc.cc/o12.php?id=fct, From: subscribe, IPv_Type: ipv6, Location: 美国, ISP: CloudFlare Inc., Date: None, Delay: -1 ms, Speed: 0.00 M/s, Resolution: None
Name: 翡翠台, URL: https://stream1.freetv.fun/fei-cui-1.ctv, From: subscribe, IPv_Type: ipv6, Location: 美国, ISP: CloudFlare Inc., Date: None, Delay: -1 ms, Speed: 0.00 M/s, Resolution: None
Name: 翡翠台, URL: https://stream1.freetv.fun/fei-cui-13.ctv, From: subscribe, IPv_Type: ipv6, Location: 美国, ISP: CloudFlare Inc., Date: None, Delay: -1 ms, Speed: 0.00 M/s, Resolution: None
Name: 翡翠台, URL: https://stream1.freetv.fun/fei-cui-15.ctv, From: subscribe, IPv_Type: ipv6, Location: 美国, ISP: CloudFlare Inc., Date: None, Delay: -1 ms, Speed: 0.00 M/s, Resolution: None
Name: 翡翠台, URL: https://stream1.freetv.fun/fei-cui-20.ctv, From: subscribe, IPv_Type: ipv6, Location: 美国, ISP: CloudFlare Inc., Date: None, Delay: -1 ms, Speed: 0.00 M/s, Resolution: None
Name: 翡翠台, URL: https://stream1.freetv.fun/fei-cui-4.ctv, From: subscribe, IPv_Type: ipv6, Location: 美国, ISP: CloudFlare Inc., Date: None, Delay: -1 ms, Speed: 0.00 M/s, Resolution: None
Name: 翡翠台, URL: https://stream1.freetv.fun/fei-cui-7.ctv, From: subscribe, IPv_Type: ipv6, Location: 美国, ISP: CloudFlare Inc., Date: None, Delay: -1 ms, Speed: 0.00 M/s, Resolution: None
Name: 翡翠台, URL: https://stream1.freetv.fun/fei-cui-8.ctv, From: subscribe, IPv_Type: ipv6, Location: 美国, ISP: CloudFlare Inc., Date: None, Delay: -1 ms, Speed: 0.00 M/s, Resolution: None
Name: 翡翠台, URL: http://php.jdshipin.com:8880/PLTV/iptv.php?id=fct3, From: subscribe, IPv_Type: ipv6, Location: 美国, ISP: CloudFlare Inc., Date: None, Delay: -1 ms, Speed: 0.00 M/s, Resolution: None
Name: 翡翠台, URL: http://r.jdshipin.com/GeWKr?id=fct720, From: subscribe, IPv_Type: ipv6, Location: 美国, ISP: CloudFlare Inc., Date: None, Delay: -1 ms, Speed: 0.00 M/s, Resolution: None
Name: 翡翠台, URL: http://r.jdshipin.com/GeWKr?id=fct406, From: subscribe, IPv_Type: ipv6, Location: 美国, ISP: CloudFlare Inc., Date: None, Delay: -1 ms, Speed: 0.00 M/s, Resolution: None
Name: 翡翠台, URL: https://stream1.freetv.fun/fei-cui-2.ctv, From: subscribe, IPv_Type: ipv6, Location: 美国, ISP: CloudFlare Inc., Date: None, Delay: -1 ms, Speed: 0.00 M/s, Resolution: None
Name: 翡翠台, URL: https://mgev.188766.xyz/?migutoken=22a52fcf76eecbda520ed301720ae581&id=hk_fct4k&type=dy, From: subscribe, IPv_Type: ipv6, Location: 美国, ISP: CloudFlare Inc., Date: None, Delay: -1 ms, Speed: 0.00 M/s, Resolution: None
Name: 翡翠台, URL: https://mgev.188766.xyz/?migutoken=4230836d358853efe0a31b183b1c10b0&id=hk_fct&type=dy, From: subscribe, IPv_Type: ipv6, Location: 美国, ISP: CloudFlare Inc., Date: None, Delay: -1 ms, Speed: 0.00 M/s, Resolution: None
Name: 翡翠台, URL: http://cdn6.veryfast.filegear-sg.me/live/fct4k/stream.m3u8, From: subscribe, IPv_Type: ipv6, Location: 美国, ISP: CloudFlare Inc., Date: None, Delay: -1 ms, Speed: 0.00 M/s, Resolution: None
Name: 翡翠台, URL: https://smt.1789.dpdns.org/smt3.2.1.php?id=Tvbjade, From: subscribe, IPv_Type: ipv6, Location: 美国, ISP: CloudFlare Inc., Date: None, Delay: -1 ms, Speed: 0.00 M/s, Resolution: None
Name: 翡翠台, URL: https://mgev.188766.xyz/?migutoken=ab5baf7692e92b8618c131504456c039&id=hk_fct4k&type=dy, From: subscribe, IPv_Type: ipv6, Location: 美国, ISP: CloudFlare Inc., Date: None, Delay: -1 ms, Speed: 0.00 M/s, Resolution: None
Name: 翡翠台, URL: https://mgev.188766.xyz/?migutoken=765563aadf2c9158009de08932688779&id=hk_fct&type=dy, From: subscribe, IPv_Type: ipv6, Location: 美国, ISP: CloudFlare Inc., Date: None, Delay: -1 ms, Speed: 0.00 M/s, Resolution: None
Name: 翡翠台, URL: https://mgev.188766.xyz/?migutoken=4fa89c4f83b0b68002ab1538f01ebb9e&id=hk_fct4k&type=dy, From: subscribe, IPv_Type: ipv6, Location: 美国, ISP: CloudFlare Inc., Date: None, Delay: -1 ms, Speed: 0.00 M/s, Resolution: None
Name: 翡翠台, URL: https://mgev.188766.xyz/?migutoken=1681076c3de59d09e8becea6f2a74c1e&id=hk_fct&type=dy, From: subscribe, IPv_Type: ipv6, Location: 美国, ISP: CloudFlare Inc., Date: None, Delay: -1 ms, Speed: 0.00 M/s, Resolution: None
Name: 翡翠台, URL: https://mgev.188766.xyz/?migutoken=0f1394d7fd414bbdabf7604b0808c6b9&id=hk_fct4k&type=dy, From: subscribe, IPv_Type: ipv6, Location: 美国, ISP: CloudFlare Inc., Date: None, Delay: -1 ms, Speed: 0.00 M/s, Resolution: None
Name: 翡翠台, URL: https://mgev.188766.xyz/?migutoken=21f2510e8ebef73826d98efc2e69b9d8&id=hk_fct&type=dy, From: subscribe, IPv_Type: ipv6, Location: 美国, ISP: CloudFlare Inc., Date: None, Delay: -1 ms, Speed: 0.00 M/s, Resolution: None
Name: 翡翠台, URL: https://mgev.188766.xyz/?migutoken=372fd2a4bd32da6e2f897da857f0c57e&id=hk_fct4k&type=dy, From: subscribe, IPv_Type: ipv6, Location: 美国, ISP: CloudFlare Inc., Date: None, Delay: -1 ms, Speed: 0.00 M/s, Resolution: None
Name: 翡翠台, URL: https://mgev.188766.xyz/?migutoken=26e4ac195a4e3b0a1f76212a16614959&id=hk_fct&type=dy, From: subscribe, IPv_Type: ipv6, Location: 美国, ISP: CloudFlare Inc., Date: None, Delay: -1 ms, Speed: 0.00 M/s, Resolution: None
Name: 翡翠台, URL: https://mgev.188766.xyz/?migutoken=04b18d3ebfaa725a1dda1e2b6beae6a3&id=hk_fct4k&type=dy, From: subscribe, IPv_Type: ipv6, Location: 美国, ISP: CloudFlare Inc., Date: None, Delay: -1 ms, Speed: 0.00 M/s, Resolution: None
Name: 翡翠台, URL: https://mgev.188766.xyz/?migutoken=d5022dbd413c8359d2209dde0c2ee02a&id=hk_fct&type=dy, From: subscribe, IPv_Type: ipv6, Location: 美国, ISP: CloudFlare Inc., Date: None, Delay: -1 ms, Speed: 0.00 M/s, Resolution: None
Name: 翡翠台, URL: https://t.freetv.fun/live/fei-cui-11.php, From: subscribe, IPv_Type: ipv6, Location: 美国, ISP: CloudFlare Inc., Date: None, Delay: -1 ms, Speed: 0.00 M/s, Resolution: None
Name: 翡翠台, URL: https://t.freetv.fun/live/fei-cui-12.php, From: subscribe, IPv_Type: ipv6, Location: 美国, ISP: CloudFlare Inc., Date: None, Delay: -1 ms, Speed: 0.00 M/s, Resolution: None
Name: 翡翠台, URL: https://t.freetv.fun/live/fei-cui-13.php, From: subscribe, IPv_Type: ipv6, Location: 美国, ISP: CloudFlare Inc., Date: None, Delay: -1 ms, Speed: 0.00 M/s, Resolution: None
Name: 翡翠台, URL: https://t.freetv.fun/live/fei-cui-14.php, From: subscribe, IPv_Type: ipv6, Location: 美国, ISP: CloudFlare Inc., Date: None, Delay: -1 ms, Speed: 0.00 M/s, Resolution: None
Name: 翡翠台, URL: https://t.freetv.fun/live/fei-cui-3.m3u8, From: subscribe, IPv_Type: ipv6, Location: 美国, ISP: CloudFlare Inc., Date: None, Delay: -1 ms, Speed: 0.00 M/s, Resolution: None
Name: 翡翠台, URL: https://t.freetv.fun/live/fei-cui-4.php, From: subscribe, IPv_Type: ipv6, Location: 美国, ISP: CloudFlare Inc., Date: None, Delay: -1 ms, Speed: 0.00 M/s, Resolution: None
Name: 翡翠台, URL: https://t.freetv.fun/live/fei-cui-6.m3u8, From: subscribe, IPv_Type: ipv6, Location: 美国, ISP: CloudFlare Inc., Date: None, Delay: -1 ms, Speed: 0.00 M/s, Resolution: None
Name: 翡翠台, URL: https://t.freetv.fun/live/fei-cui-7.php, From: subscribe, IPv_Type: ipv6, Location: 美国, ISP: CloudFlare Inc., Date: None, Delay: -1 ms, Speed: 0.00 M/s, Resolution: None
Name: 翡翠台, URL: https://t.freetv.fun/live/fei-cui-8.ts, From: subscribe, IPv_Type: ipv6, Location: 美国, ISP: CloudFlare Inc., Date: None, Delay: -1 ms, Speed: 0.00 M/s, Resolution: None
Name: 翡翠台, URL: https://t.freetv.fun/live/fei-cui-9.ts, From: subscribe, IPv_Type: ipv6, Location: 美国, ISP: CloudFlare Inc., Date: None, Delay: -1 ms, Speed: 0.00 M/s, Resolution: None
Name: 翡翠台, URL: https://t.freetv.fun/live/fei-cui.m3u8, From: subscribe, IPv_Type: ipv6, Location: 美国, ISP: CloudFlare Inc., Date: None, Delay: -1 ms, Speed: 0.00 M/s, Resolution: None
Name: 翡翠台, URL: https://mgev.188766.xyz/?migutoken=00842f0af8615f368be36bda8a073878&id=hk_fct4k&type=dy, From: subscribe, IPv_Type: ipv6, Location: 美国, ISP: CloudFlare Inc., Date: None, Delay: -1 ms, Speed: 0.00 M/s, Resolution: None
Name: 翡翠台, URL: https://mgev.188766.xyz/?migutoken=9a319ecf3094dccf281663d51a3bfb69&id=hk_fct&type=dy, From: subscribe, IPv_Type: ipv6, Location: 美国, ISP: CloudFlare Inc., Date: None, Delay: -1 ms, Speed: 0.00 M/s, Resolution: None
Name: 翡翠台, URL: https://mgev.188766.xyz/?migutoken=2b2f3d5ff81a58e5826d676eb113bb5a&id=hk_fct4k&type=dy, From: subscribe, IPv_Type: ipv6, Location: 美国, ISP: CloudFlare Inc., Date: None, Delay: -1 ms, Speed: 0.00 M/s, Resolution: None
Name: 翡翠台, URL: https://mgev.188766.xyz/?migutoken=509ae34f0d0fd7372ec2f941caff9607&id=hk_fct&type=dy, From: subscribe, IPv_Type: ipv6, Location: 美国, ISP: CloudFlare Inc., Date: None, Delay: -1 ms, Speed: 0.00 M/s, Resolution: None
Name: 翡翠台, URL: https://mgev.188766.xyz/?migutoken=609ca31308b7c5d97624f8df3b810a4d&id=hk_fct4k&type=dy, From: subscribe, IPv_Type: ipv6, Location: 美国, ISP: CloudFlare Inc., Date: None, Delay: -1 ms, Speed: 0.00 M/s, Resolution: None
Name: 翡翠台, URL: https://mgev.188766.xyz/?migutoken=e0af39bcc71ddb0d1d5560bdb4996148&id=hk_fct&type=dy, From: subscribe, IPv_Type: ipv6, Location: 美国, ISP: CloudFlare Inc., Date: None, Delay: -1 ms, Speed: 0.00 M/s, Resolution: None
Name: 翡翠台, URL: https://mgev.188766.xyz/?migutoken=655e970d04889307f133d486ca8aa894&id=hk_fct4k&type=dy, From: subscribe, IPv_Type: ipv6, Location: 美国, ISP: CloudFlare Inc., Date: None, Delay: -1 ms, Speed: 0.00 M/s, Resolution: None
Name: 翡翠台, URL: https://mgev.188766.xyz/?migutoken=7724189c50ac136f0230597411b1dda9&id=hk_fct&type=dy, From: subscribe, IPv_Type: ipv6, Location: 美国, ISP: CloudFlare Inc., Date: None, Delay: -1 ms, Speed: 0.00 M/s, Resolution: None
Name: 翡翠台, URL: http://php.jdshipin.com/PLTV/iptv.php?id=fct3, From: subscribe, IPv_Type: ipv6, Location: 美国, ISP: CloudFlare Inc., Date: None, Delay: -1 ms, Speed: 0.00 M/s, Resolution: None
Name: 翡翠台, URL: http://php.jdshipin.com/TVOD/iptv.php?id=fct2, From: subscribe, IPv_Type: ipv6, Location: 美国, ISP: CloudFlare Inc., Date: None, Delay: -1 ms, Speed: 0.00 M/s, Resolution: None
Name: 翡翠台, URL: http://hls.168.us.kg/u/81/master.m3u8, From: subscribe, IPv_Type: ipv6, Location: 美国, ISP: CloudFlare Inc., Date: None, Delay: -1 ms, Speed: 0.00 M/s, Resolution: None
Name: 翡翠台, URL: https://mgev.188766.xyz/?migutoken=481bfe04969052177207efb53e044e9b&id=hk_fct4k&type=dy, From: subscribe, IPv_Type: ipv6, Location: 美国, ISP: CloudFlare Inc., Date: None, Delay: -1 ms, Speed: 0.00 M/s, Resolution: None
Name: 翡翠台, URL: https://mgev.188766.xyz/?migutoken=af374015d44e984ea31d7feabb1448d5&id=hk_fct&type=dy, From: subscribe, IPv_Type: ipv6, Location: 美国, ISP: CloudFlare Inc., Date: None, Delay: -1 ms, Speed: 0.00 M/s, Resolution: None
Name: 翡翠台, URL: https://mgev.188766.xyz/?migutoken=a9624fedd6f655bb17224da6b5894ca1&id=hk_fct4k&type=dy, From: subscribe, IPv_Type: ipv6, Location: 美国, ISP: CloudFlare Inc., Date: None, Delay: -1 ms, Speed: 0.00 M/s, Resolution: None
Name: 翡翠台, URL: https://mgev.188766.xyz/?migutoken=d8f509faa98000290e42cd7a23601b97&id=hk_fct&type=dy, From: subscribe, IPv_Type: ipv6, Location: 美国, ISP: CloudFlare Inc., Date: None, Delay: -1 ms, Speed: 0.00 M/s, Resolution: None
Name: 翡翠台, URL: https://mgev.188766.xyz/?migutoken=1bc3a41c04d5daa057e8bf769ab40619&id=hk_fct4k&type=dy, From: subscribe, IPv_Type: ipv6, Location: 美国, ISP: CloudFlare Inc., Date: None, Delay: -1 ms, Speed: 0.00 M/s, Resolution: None
Name: 翡翠台, URL: https://mgev.188766.xyz/?migutoken=150ce5fc488a73fa8dc10581bbb0bf89&id=hk_fct&type=dy, From: subscribe, IPv_Type: ipv6, Location: 美国, ISP: CloudFlare Inc., Date: None, Delay: -1 ms, Speed: 0.00 M/s, Resolution: None
Name: 翡翠台, URL: https://mgev.188766.xyz/?migutoken=cd8ae79b49fe74e30d1d7bdfb5c1ba35&id=hk_fct4k&type=dy, From: subscribe, IPv_Type: ipv6, Location: 美国, ISP: CloudFlare Inc., Date: None, Delay: -1 ms, Speed: 0.00 M/s, Resolution: None
Name: 翡翠台, URL: https://mgev.188766.xyz/?migutoken=0bafd8a539543eed097c93fb21e004e6&id=hk_fct&type=dy, From: subscribe, IPv_Type: ipv6, Location: 美国, ISP: CloudFlare Inc., Date: None, Delay: -1 ms, Speed: 0.00 M/s, Resolution: None
Name: 翡翠台, URL: https://t.freetv.fun/live/fei-cui-1.php, From: subscribe, IPv_Type: ipv6, Location: 美国, ISP: CloudFlare Inc., Date: None, Delay: -1 ms, Speed: 0.00 M/s, Resolution: None
Name: 翡翠台, URL: https://t.freetv.fun/live/fei-cui-2.php, From: subscribe, IPv_Type: ipv6, Location: 美国, ISP: CloudFlare Inc., Date: None, Delay: -1 ms, Speed: 0.00 M/s, Resolution: None
Name: 翡翠台, URL: https://t.freetv.fun/live/fei-cui-7.m3u8, From: subscribe, IPv_Type: ipv6, Location: 美国, ISP: CloudFlare Inc., Date: None, Delay: -1 ms, Speed: 0.00 M/s, Resolution: None
Name: 翡翠台, URL: https://mgev.188766.xyz/?migutoken=dcd523bb02f96aea076344e08e0e343f&id=hk_fct4k&type=dy, From: subscribe, IPv_Type: ipv6, Location: 美国, ISP: CloudFlare Inc., Date: None, Delay: -1 ms, Speed: 0.00 M/s, Resolution: None
Name: 翡翠台, URL: https://mgev.188766.xyz/?migutoken=3d1372b2487486d9c4364a18fc553e4c&id=hk_fct&type=dy, From: subscribe, IPv_Type: ipv6, Location: 美国, ISP: CloudFlare Inc., Date: None, Delay: -1 ms, Speed: 0.00 M/s, Resolution: None
Name: 翡翠台, URL: https://mgev.188766.xyz/?migutoken=782aa678f953bf9ecc8e20b173bb0bb6&id=hk_fct4k&type=dy, From: subscribe, IPv_Type: ipv6, Location: 美国, ISP: CloudFlare Inc., Date: None, Delay: -1 ms, Speed: 0.00 M/s, Resolution: None
Name: 翡翠台, URL: https://mgev.188766.xyz/?migutoken=805014dbd147cc13d5c8133e20ee2c35&id=hk_fct&type=dy, From: subscribe, IPv_Type: ipv6, Location: 美国, ISP: CloudFlare Inc., Date: None, Delay: -1 ms, Speed: 0.00 M/s, Resolution: None
Name: 翡翠台, URL: https://mgev.188766.xyz/?migutoken=a0cf21b858c91366a462c277ca890b13&id=hk_fct4k&type=dy, From: subscribe, IPv_Type: ipv6, Location: 美国, ISP: CloudFlare Inc., Date: None, Delay: -1 ms, Speed: 0.00 M/s, Resolution: None
Name: 翡翠台, URL: https://mgev.188766.xyz/?migutoken=eb638b590357ab5bf0b5849fdd26f144&id=hk_fct&type=dy, From: subscribe, IPv_Type: ipv6, Location: 美国, ISP: CloudFlare Inc., Date: None, Delay: -1 ms, Speed: 0.00 M/s, Resolution: None
Name: 翡翠台, URL: https://t.freetv.fun/live/fei-cui-5.php, From: subscribe, IPv_Type: ipv6, Location: 美国, ISP: CloudFlare Inc., Date: None, Delay: -1 ms, Speed: 0.00 M/s, Resolution: None
Name: 翡翠台, URL: https://t.freetv.fun/live/fei-cui-8.php, From: subscribe, IPv_Type: ipv6, Location: 美国, ISP: CloudFlare Inc., Date: None, Delay: -1 ms, Speed: 0.00 M/s, Resolution: None
Name: 翡翠台, URL: https://mgev.188766.xyz/?migutoken=b05b64698c81d84097f41356d9518fb2&id=hk_fct4k&type=dy, From: subscribe, IPv_Type: ipv6, Location: 美国, ISP: CloudFlare Inc., Date: None, Delay: -1 ms, Speed: 0.00 M/s, Resolution: None
Name: 翡翠台, URL: https://mgev.188766.xyz/?migutoken=85e184821c6f262204c8aed85951324c&id=hk_fct&type=dy, From: subscribe, IPv_Type: ipv6, Location: 美国, ISP: CloudFlare Inc., Date: None, Delay: -1 ms, Speed: 0.00 M/s, Resolution: None
Name: 翡翠台, URL: https://mgev.188766.xyz/?migutoken=23e1334df8e99785c8c39021b96823fc&id=hk_fct4k&type=dy, From: subscribe, IPv_Type: ipv6, Location: 美国, ISP: CloudFlare Inc., Date: None, Delay: -1 ms, Speed: 0.00 M/s, Resolution: None
Name: 翡翠台, URL: https://mgev.188766.xyz/?migutoken=7d3f93813945bba638a8533a1e18bc6f&id=hk_fct&type=dy, From: subscribe, IPv_Type: ipv6, Location: 美国, ISP: CloudFlare Inc., Date: None, Delay: -1 ms, Speed: 0.00 M/s, Resolution: None
Name: 翡翠台, URL: https://t.freetv.fun/live/fei-cui-9.php, From: subscribe, IPv_Type: ipv6, Location: 美国, ISP: CloudFlare Inc., Date: None, Delay: -1 ms, Speed: 0.00 M/s, Resolution: None
Name: 翡翠台, URL: https://mgev.188766.xyz/?migutoken=04408651c8b50c20b90d007642d18994&id=hk_fct4k&type=dy, From: subscribe, IPv_Type: ipv6, Location: 美国, ISP: CloudFlare Inc., Date: None, Delay: -1 ms, Speed: 0.00 M/s, Resolution: None
Name: 翡翠台, URL: https://mgev.188766.xyz/?migutoken=d4beb6078a78786ba38602e31f1fe0e0&id=hk_fct&type=dy, From: subscribe, IPv_Type: ipv6, Location: 美国, ISP: CloudFlare Inc., Date: None, Delay: -1 ms, Speed: 0.00 M/s, Resolution: None
Name: 翡翠台, URL: https://t.freetv.fun/live/fei-cui-10.php, From: subscribe, IPv_Type: ipv6, Location: 美国, ISP: CloudFlare Inc., Date: None, Delay: -1 ms, Speed: 0.00 M/s, Resolution: None
Name: 翡翠台, URL: https://t.freetv.fun/live/fei-cui-15.php, From: subscribe, IPv_Type: ipv6, Location: 美国, ISP: CloudFlare Inc., Date: None, Delay: -1 ms, Speed: 0.00 M/s, Resolution: None
Name: 翡翠台, URL: https://t.freetv.fun/live/fei-cui-16.php, From: subscribe, IPv_Type: ipv6, Location: 美国, ISP: CloudFlare Inc., Date: None, Delay: -1 ms, Speed: 0.00 M/s, Resolution: None
Name: 翡翠台, URL: https://mgev.188766.xyz/?migutoken=328d231df54d30989bb43acc42d1b75f&id=hk_fct4k&type=dy, From: subscribe, IPv_Type: ipv6, Location: 美国, ISP: CloudFlare Inc., Date: None, Delay: -1 ms, Speed: 0.00 M/s, Resolution: None
Name: 翡翠台, URL: https://mgev.188766.xyz/?migutoken=f61fb7916baecb8e69ee2171233e4387&id=hk_fct&type=dy, From: subscribe, IPv_Type: ipv6, Location: 美国, ISP: CloudFlare Inc., Date: None, Delay: -1 ms, Speed: 0.00 M/s, Resolution: None
Name: 翡翠台, URL: https://mgev.188766.xyz/?migutoken=7d34a1615682ce3f43f3fd7c89598502&id=hk_fct4k&type=dy, From: subscribe, IPv_Type: ipv6, Location: 美国, ISP: CloudFlare Inc., Date: None, Delay: -1 ms, Speed: 0.00 M/s, Resolution: None
Name: 翡翠台, URL: https://o11.163189.xyz/stream/tvb/fct4k/, From: subscribe, IPv_Type: ipv6, Location: 美国, ISP: CloudFlare Inc., Date: None, Delay: -1 ms, Speed: 0.00 M/s, Resolution: None
Name: 翡翠台, URL: https://o11.163189.xyz/stream/tvb/fct/, From: subscribe, IPv_Type: ipv6, Location: 美国, ISP: CloudFlare Inc., Date: None, Delay: -1 ms, Speed: 0.00 M/s, Resolution: None
Name: 翡翠台, URL: https://mgev.188766.xyz/?migutoken=ac90a6b7c2dcc83dad76aa79ba844378&id=hk_fct&type=dy, From: subscribe, IPv_Type: ipv6, Location: 美国, ISP: CloudFlare Inc., Date: None, Delay: -1 ms, Speed: 0.00 M/s, Resolution: None
Name: 翡翠台, URL: http://mytv.cdn.loc.cc/o12.php?id=fct, From: subscribe, IPv_Type: ipv6, Location: 美国, ISP: CloudFlare Inc., Date: None, Delay: -1 ms, Speed: 0.00 M/s, Resolution: None
Name: 翡翠台, URL: https://t.freetv.fun/live/fei-cui-17.php, From: subscribe, IPv_Type: ipv6, Location: 美国, ISP: CloudFlare Inc., Date: None, Delay: -1 ms, Speed: 0.00 M/s, Resolution: None
Name: 翡翠台, URL: https://mgev.188766.xyz/?migutoken=3ca138d1b8edd841a4dc0e1f809c1466&id=hk_fct4k&type=dy, From: subscribe, IPv_Type: ipv6, Location: 美国, ISP: CloudFlare Inc., Date: None, Delay: -1 ms, Speed: 0.00 M/s, Resolution: None
Name: 翡翠台, URL: https://mgev.188766.xyz/?migutoken=5ded78265584ba41df6e0b065b745194&id=hk_fct&type=dy, From: subscribe, IPv_Type: ipv6, Location: 美国, ISP: CloudFlare Inc., Date: None, Delay: -1 ms, Speed: 0.00 M/s, Resolution: None
Name: 翡翠台, URL: https://mgev.188766.xyz/?migutoken=1efe09df79dc45173c4e4e6e764ba7ad&id=hk_fct4k&type=dy, From: subscribe, IPv_Type: ipv6, Location: 美国, ISP: CloudFlare Inc., Date: None, Delay: -1 ms, Speed: 0.00 M/s, Resolution: None
Name: 翡翠台, URL: https://mgev.188766.xyz/?migutoken=4913d1e8409905fe80291c9814e16b53&id=hk_fct&type=dy, From: subscribe, IPv_Type: ipv6, Location: 美国, ISP: CloudFlare Inc., Date: None, Delay: -1 ms, Speed: 0.00 M/s, Resolution: None
Name: 翡翠台, URL: https://smt.1678520.xyz/smt3.2.1.php?id=jade_twn, From: subscribe, IPv_Type: ipv6, Location: 美国, ISP: CloudFlare Inc., Date: None, Delay: -1 ms, Speed: 0.00 M/s, Resolution: None
Name: 翡翠台, URL: https://t.freetv.fun/live/fei-cui-6.php, From: subscribe, IPv_Type: ipv6, Location: 美国, ISP: CloudFlare Inc., Date: None, Delay: -1 ms, Speed: 0.00 M/s, Resolution: None
Name: 翡翠台, URL: https://mgev.188766.xyz/?migutoken=4e97c9625aa83ed490f6057c7c3344a2&id=hk_fct4k&type=dy, From: subscribe, IPv_Type: ipv6, Location: 美国, ISP: CloudFlare Inc., Date: None, Delay: -1 ms, Speed: 0.00 M/s, Resolution: None
Name: 翡翠台, URL: https://mgev.188766.xyz/?migutoken=fc3775d800706c0e7d9ae8c036a3f1df&id=hk_fct&type=dy, From: subscribe, IPv_Type: ipv6, Location: 美国, ISP: CloudFlare Inc., Date: None, Delay: -1 ms, Speed: 0.00 M/s, Resolution: None
Name: 翡翠台, URL: https://mgev.188766.xyz/?migutoken=825b5615d072f79deefec480e6e96404&id=hk_fct4k&type=dy, From: subscribe, IPv_Type: ipv6, Location: 美国, ISP: CloudFlare Inc., Date: None, Delay: -1 ms, Speed: 0.00 M/s, Resolution: None
Name: 翡翠台, URL: https://mgev.188766.xyz/?migutoken=f545443659ac58ded787c62374388550&id=hk_fct&type=dy, From: subscribe, IPv_Type: ipv6, Location: 美国, ISP: CloudFlare Inc., Date: None, Delay: -1 ms, Speed: 0.00 M/s, Resolution: None
Name: 翡翠台, URL: https://cdn.163189.xyz/live/fct4k/stream.m3u8, From: subscribe, IPv_Type: ipv6, Location: 美国, ISP: CloudFlare Inc., Date: None, Delay: -1 ms, Speed: 0.00 M/s, Resolution: None
Name: 翡翠台, URL: https://cdn3.163189.xyz/live/fct/stream.m3u8, From: subscribe, IPv_Type: ipv6, Location: 美国, ISP: CloudFlare Inc., Date: None, Delay: -1 ms, Speed: 0.00 M/s, Resolution: None
Name: 翡翠台, URL: http://cdn5.1678520.xyz/live/?id=fct, From: subscribe, IPv_Type: ipv6, Location: 美国, ISP: CloudFlare Inc., Date: None, Delay: -1 ms, Speed: 0.00 M/s, Resolution: None
Name: 翡翠台, URL: https://mgev.188766.xyz/?migutoken=7997cf5accb10ba49e6e28a17509441e&id=hk_fct4k&type=dy, From: subscribe, IPv_Type: ipv6, Location: 美国, ISP: CloudFlare Inc., Date: None, Delay: -1 ms, Speed: 0.00 M/s, Resolution: None
Name: 翡翠台, URL: https://mgev.188766.xyz/?migutoken=cbf7c5534d2cf341d8a9049b3a698c4b&id=hk_fct&type=dy, From: subscribe, IPv_Type: ipv6, Location: 美国, ISP: CloudFlare Inc., Date: None, Delay: -1 ms, Speed: 0.00 M/s, Resolution: None
Name: 翡翠台, URL: https://cdn.iptv8k.top/dl/jrys.php?id=3&time=20240926215313&ip=111.229.253.40, From: subscribe, IPv_Type: ipv4, Location: 美国, ISP: CloudFlare节点, Date: None, Delay: 26 ms, Speed: 11.90 M/s, Resolution: 1920x1080
Name: 翡翠台, URL: https://cdn.iptv8k.top/dl/jrys.php?id=3&time=20240926215313&ip=111.229.253.40『线路08』, From: subscribe, IPv_Type: ipv4, Location: 美国, ISP: CloudFlare节点, Date: None, Delay: 27 ms, Speed: 11.55 M/s, Resolution: 1920x1080
Name: 翡翠台, URL: http://74.91.26.218:82/live/jade.m3u8, From: subscribe, IPv_Type: ipv4, Location: 美国, ISP: , Date: None, Delay: 489 ms, Speed: 6.61 M/s, Resolution: 1920x1080
Name: 明珠台, URL: http://iptv.diyp.site/公众号【DIYP】.php?key=gat5&id=cadf460aacc566024c43c7c43091734c, From: subscribe, IPv_Type: ipv6, Location: 美国, ISP: CloudFlare Inc., Date: None, Delay: -1 ms, Speed: 0.00 M/s, Resolution: None
Name: 明珠台, URL: http://r.jdshipin.com/ZQ4kN, From: subscribe, IPv_Type: ipv6, Location: 美国, ISP: CloudFlare Inc., Date: None, Delay: -1 ms, Speed: 0.00 M/s, Resolution: None
Name: 明珠台, URL: http://r.jdshipin.com/jUx8K, From: subscribe, IPv_Type: ipv6, Location: 美国, ISP: CloudFlare Inc., Date: None, Delay: -1 ms, Speed: 0.00 M/s, Resolution: None
Name: 明珠台, URL: http://api.kkitv.itv888.vip:8080/streams/qi0oiujn7hh/index.m3u8, From: subscribe, IPv_Type: ipv6, Location: 美国, ISP: CloudFlare Inc., Date: None, Delay: -1 ms, Speed: 0.00 M/s, Resolution: None
Name: 明珠台, URL: http://cdn9.163189.xyz/smt1.1.php?id=pearl_twn, From: subscribe, IPv_Type: ipv6, Location: 美国, ISP: CloudFlare Inc., Date: None, Delay: -1 ms, Speed: 0.00 M/s, Resolution: None
Name: 明珠台, URL: http://php.jdshipin.com/TVOD/iptv.php?id=mzt2, From: subscribe, IPv_Type: ipv6, Location: 美国, ISP: CloudFlare Inc., Date: None, Delay: -1 ms, Speed: 0.00 M/s, Resolution: None
Name: 明珠台, URL: https://mgev.188766.xyz/?migutoken=ec012f33c27202ffc9df859397b789ac&id=hk_mzt&type=dy, From: subscribe, IPv_Type: ipv6, Location: 美国, ISP: CloudFlare Inc., Date: None, Delay: -1 ms, Speed: 0.00 M/s, Resolution: None
Name: 明珠台, URL: https://live.catvod.com/iptv.php?id=mztsub, From: subscribe, IPv_Type: ipv6, Location: 美国, ISP: CloudFlare Inc., Date: None, Delay: -1 ms, Speed: 0.00 M/s, Resolution: None
Name: 明珠台, URL: http://php.jdshipin.com/smt.php?id=pearl_twn, From: subscribe, IPv_Type: ipv6, Location: 美国, ISP: CloudFlare Inc., Date: None, Delay: -1 ms, Speed: 0.00 M/s, Resolution: None
Name: 明珠台, URL: https://stream1.freetv.fun/ming-zhu-3.ctv, From: subscribe, IPv_Type: ipv6, Location: 美国, ISP: CloudFlare Inc., Date: None, Delay: -1 ms, Speed: 0.00 M/s, Resolution: None
Name: 明珠台, URL: https://stream1.freetv.fun/ming-zhu-4.ctv, From: subscribe, IPv_Type: ipv6, Location: 美国, ISP: CloudFlare Inc., Date: None, Delay: -1 ms, Speed: 0.00 M/s, Resolution: None
Name: 明珠台, URL: https://stream1.freetv.fun/ming-zhu-7.ctv, From: subscribe, IPv_Type: ipv6, Location: 美国, ISP: CloudFlare Inc., Date: None, Delay: -1 ms, Speed: 0.00 M/s, Resolution: None
Name: 明珠台, URL: https://mgev.188766.xyz/?migutoken=c0ab66ca44c6dd49d6f8ce154d2a4350&id=hk_mzt&type=dy, From: subscribe, IPv_Type: ipv6, Location: 美国, ISP: CloudFlare Inc., Date: None, Delay: -1 ms, Speed: 0.00 M/s, Resolution: None
Name: 明珠台, URL: https://mgev.188766.xyz/?migutoken=5c54cd672b7ab12c40ca11099a5635e8&id=hk_mzt&type=dy, From: subscribe, IPv_Type: ipv6, Location: 美国, ISP: CloudFlare Inc., Date: None, Delay: -1 ms, Speed: 0.00 M/s, Resolution: None
Name: 明珠台, URL: https://stream1.freetv.fun/ming-zhu-9.m3u8, From: subscribe, IPv_Type: ipv6, Location: 美国, ISP: CloudFlare Inc., Date: None, Delay: -1 ms, Speed: 0.00 M/s, Resolution: None
Name: 明珠台, URL: https://mgev.188766.xyz/?migutoken=00d9ad7e8b9e1741818a9974c2d507a3&id=hk_mzt&type=dy, From: subscribe, IPv_Type: ipv6, Location: 美国, ISP: CloudFlare Inc., Date: None, Delay: -1 ms, Speed: 0.00 M/s, Resolution: None
Name: 明珠台, URL: https://mgev.188766.xyz/?migutoken=b88fb99daaa57b79b15f74cb5b1cba4c&id=hk_mzt&type=dy, From: subscribe, IPv_Type: ipv6, Location: 美国, ISP: CloudFlare Inc., Date: None, Delay: -1 ms, Speed: 0.00 M/s, Resolution: None
Name: 明珠台, URL: https://mgev.188766.xyz/?migutoken=61acbcd20868efed0bf14ae76f5127aa&id=hk_mzt&type=dy, From: subscribe, IPv_Type: ipv6, Location: 美国, ISP: CloudFlare Inc., Date: None, Delay: -1 ms, Speed: 0.00 M/s, Resolution: None
Name: 明珠台, URL: https://mgev.188766.xyz/?migutoken=07deb5af02e5ea50760cf710d447e237&id=hk_mzt&type=dy, From: subscribe, IPv_Type: ipv6, Location: 美国, ISP: CloudFlare Inc., Date: None, Delay: -1 ms, Speed: 0.00 M/s, Resolution: None
Name: 明珠台, URL: https://t.freetv.fun/live/ming-zhu-1.m3u8, From: subscribe, IPv_Type: ipv6, Location: 美国, ISP: CloudFlare Inc., Date: None, Delay: -1 ms, Speed: 0.00 M/s, Resolution: None
Name: 明珠台, URL: https://t.freetv.fun/live/ming-zhu-2.m3u8, From: subscribe, IPv_Type: ipv6, Location: 美国, ISP: CloudFlare Inc., Date: None, Delay: -1 ms, Speed: 0.00 M/s, Resolution: None
Name: 明珠台, URL: https://t.freetv.fun/live/ming-zhu-3.php, From: subscribe, IPv_Type: ipv6, Location: 美国, ISP: CloudFlare Inc., Date: None, Delay: -1 ms, Speed: 0.00 M/s, Resolution: None
Name: 明珠台, URL: https://t.freetv.fun/live/ming-zhu-4.m3u8, From: subscribe, IPv_Type: ipv6, Location: 美国, ISP: CloudFlare Inc., Date: None, Delay: -1 ms, Speed: 0.00 M/s, Resolution: None
Name: 明珠台, URL: https://t.freetv.fun/live/ming-zhu-8.ts, From: subscribe, IPv_Type: ipv6, Location: 美国, ISP: CloudFlare Inc., Date: None, Delay: -1 ms, Speed: 0.00 M/s, Resolution: None
Name: 明珠台, URL: https://t.freetv.fun/live/ming-zhu-9.ts, From: subscribe, IPv_Type: ipv6, Location: 美国, ISP: CloudFlare Inc., Date: None, Delay: -1 ms, Speed: 0.00 M/s, Resolution: None
Name: 明珠台, URL: https://t.freetv.fun/live/ming-zhu.php, From: subscribe, IPv_Type: ipv6, Location: 美国, ISP: CloudFlare Inc., Date: None, Delay: -1 ms, Speed: 0.00 M/s, Resolution: None
Name: 明珠台, URL: https://mgev.188766.xyz/?migutoken=26a69608bc1f04d54cdf4ada27a9f795&id=hk_mzt&type=dy, From: subscribe, IPv_Type: ipv6, Location: 美国, ISP: CloudFlare Inc., Date: None, Delay: -1 ms, Speed: 0.00 M/s, Resolution: None
Name: 明珠台, URL: https://mgev.188766.xyz/?migutoken=d1b79dfb97e8ca89ffe3c39e13584cea&id=hk_mzt&type=dy, From: subscribe, IPv_Type: ipv6, Location: 美国, ISP: CloudFlare Inc., Date: None, Delay: -1 ms, Speed: 0.00 M/s, Resolution: None
Name: 明珠台, URL: https://mgev.188766.xyz/?migutoken=e840a52aaf3dfe9fbac83f826bfce906&id=hk_mzt&type=dy, From: subscribe, IPv_Type: ipv6, Location: 美国, ISP: CloudFlare Inc., Date: None, Delay: -1 ms, Speed: 0.00 M/s, Resolution: None
Name: 明珠台, URL: https://mgev.188766.xyz/?migutoken=99e9ae852d5480cda25f26a77d16ee97&id=hk_mzt&type=dy, From: subscribe, IPv_Type: ipv6, Location: 美国, ISP: CloudFlare Inc., Date: None, Delay: -1 ms, Speed: 0.00 M/s, Resolution: None
Name: 明珠台, URL: http://php.jdshipin.com:8880/smt.php?id=pearl_twn, From: subscribe, IPv_Type: ipv6, Location: 美国, ISP: CloudFlare Inc., Date: None, Delay: -1 ms, Speed: 0.00 M/s, Resolution: None
Name: 明珠台, URL: http://php.jdshipin.com/TVOD/iptv.php?id=mzt, From: subscribe, IPv_Type: ipv6, Location: 美国, ISP: CloudFlare Inc., Date: None, Delay: -1 ms, Speed: 0.00 M/s, Resolution: None
Name: 明珠台, URL: https://mgev.188766.xyz/?migutoken=de871a406b0b78a51c0784a02ea668bb&id=hk_mzt&type=dy, From: subscribe, IPv_Type: ipv6, Location: 美国, ISP: CloudFlare Inc., Date: None, Delay: -1 ms, Speed: 0.00 M/s, Resolution: None
Name: 明珠台, URL: https://mgev.188766.xyz/?migutoken=cad5d25fa40a1805c9314fa0d85a73d1&id=hk_mzt&type=dy, From: subscribe, IPv_Type: ipv6, Location: 美国, ISP: CloudFlare Inc., Date: None, Delay: -1 ms, Speed: 0.00 M/s, Resolution: None
Name: 明珠台, URL: https://mgev.188766.xyz/?migutoken=48a67f44b642676c974ab7077d4472e5&id=hk_mzt&type=dy, From: subscribe, IPv_Type: ipv6, Location: 美国, ISP: CloudFlare Inc., Date: None, Delay: -1 ms, Speed: 0.00 M/s, Resolution: None
Name: 明珠台, URL: https://mgev.188766.xyz/?migutoken=11a31fc26485f7ccf46181c84cd451c9&id=hk_mzt&type=dy, From: subscribe, IPv_Type: ipv6, Location: 美国, ISP: CloudFlare Inc., Date: None, Delay: -1 ms, Speed: 0.00 M/s, Resolution: None
Name: 明珠台, URL: https://mgev.188766.xyz/?migutoken=9b3a43c34e48ab3f9972b64740128a5b&id=hk_mzt&type=dy, From: subscribe, IPv_Type: ipv6, Location: 美国, ISP: CloudFlare Inc., Date: None, Delay: -1 ms, Speed: 0.00 M/s, Resolution: None
Name: 明珠台, URL: https://mgev.188766.xyz/?migutoken=34bb2192b30e5559e579a82cc4051d79&id=hk_mzt&type=dy, From: subscribe, IPv_Type: ipv6, Location: 美国, ISP: CloudFlare Inc., Date: None, Delay: -1 ms, Speed: 0.00 M/s, Resolution: None
Name: 明珠台, URL: https://mgev.188766.xyz/?migutoken=aa134813480b0241f3fbc8bd320c1104&id=hk_mzt&type=dy, From: subscribe, IPv_Type: ipv6, Location: 美国, ISP: CloudFlare Inc., Date: None, Delay: -1 ms, Speed: 0.00 M/s, Resolution: None
Name: 明珠台, URL: https://t.freetv.fun/live/ming-zhu-2.php, From: subscribe, IPv_Type: ipv6, Location: 美国, ISP: CloudFlare Inc., Date: None, Delay: -1 ms, Speed: 0.00 M/s, Resolution: None
Name: 明珠台, URL: https://t.freetv.fun/live/ming-zhu-3.m3u8, From: subscribe, IPv_Type: ipv6, Location: 美国, ISP: CloudFlare Inc., Date: None, Delay: -1 ms, Speed: 0.00 M/s, Resolution: None
Name: 明珠台, URL: https://mgev.188766.xyz/?migutoken=8b4d6d591bcec7aea03296a627a4439f&id=hk_mzt&type=dy, From: subscribe, IPv_Type: ipv6, Location: 美国, ISP: CloudFlare Inc., Date: None, Delay: -1 ms, Speed: 0.00 M/s, Resolution: None
Name: 明珠台, URL: https://mytv.cdn.loc.cc/o12.php?id=mzt, From: subscribe, IPv_Type: ipv6, Location: 美国, ISP: CloudFlare Inc., Date: None, Delay: -1 ms, Speed: 0.00 M/s, Resolution: None
Name: 明珠台, URL: https://mgev.188766.xyz/?migutoken=0043716cbca7428b74ac96c9cea06bd1&id=hk_mzt&type=dy, From: subscribe, IPv_Type: ipv6, Location: 美国, ISP: CloudFlare Inc., Date: None, Delay: -1 ms, Speed: 0.00 M/s, Resolution: None
Name: 明珠台, URL: https://mgev.188766.xyz/?migutoken=1f2d32def44abb770b13e453e3963a88&id=hk_mzt&type=dy, From: subscribe, IPv_Type: ipv6, Location: 美国, ISP: CloudFlare Inc., Date: None, Delay: -1 ms, Speed: 0.00 M/s, Resolution: None
Name: 明珠台, URL: https://t.freetv.fun/live/ming-zhu-5.php, From: subscribe, IPv_Type: ipv6, Location: 美国, ISP: CloudFlare Inc., Date: None, Delay: -1 ms, Speed: 0.00 M/s, Resolution: None
Name: 明珠台, URL: https://mgev.188766.xyz/?migutoken=e045a3f452d2fe893816030a5e1bcabb&id=hk_mzt&type=dy, From: subscribe, IPv_Type: ipv6, Location: 美国, ISP: CloudFlare Inc., Date: None, Delay: -1 ms, Speed: 0.00 M/s, Resolution: None
Name: 明珠台, URL: https://o11.163189.xyz/stream/tvb/mzt/, From: subscribe, IPv_Type: ipv6, Location: 美国, ISP: CloudFlare Inc., Date: None, Delay: -1 ms, Speed: 0.00 M/s, Resolution: None
Name: 明珠台, URL: http://hls.168.us.kg/u/84/master.m3u8, From: subscribe, IPv_Type: ipv6, Location: 美国, ISP: CloudFlare Inc., Date: None, Delay: -1 ms, Speed: 0.00 M/s, Resolution: None
Name: 明珠台, URL: https://mgev.188766.xyz/?migutoken=23e616d2ccb9f8cf566f8f2567d1676a&id=hk_mzt&type=dy, From: subscribe, IPv_Type: ipv6, Location: 美国, ISP: CloudFlare Inc., Date: None, Delay: -1 ms, Speed: 0.00 M/s, Resolution: None
Name: 明珠台, URL: https://smt.1678520.xyz/smt3.2.1.php?id=pearl_twn, From: subscribe, IPv_Type: ipv6, Location: 美国, ISP: CloudFlare Inc., Date: None, Delay: -1 ms, Speed: 0.00 M/s, Resolution: None
Name: 明珠台, URL: https://t.freetv.fun/live/ming-zhu-4.php, From: subscribe, IPv_Type: ipv6, Location: 美国, ISP: CloudFlare Inc., Date: None, Delay: -1 ms, Speed: 0.00 M/s, Resolution: None
Name: 明珠台, URL: https://t.freetv.fun/live/ming-zhu-6.m3u8, From: subscribe, IPv_Type: ipv6, Location: 美国, ISP: CloudFlare Inc., Date: None, Delay: -1 ms, Speed: 0.00 M/s, Resolution: None
Name: 明珠台, URL: https://t.freetv.fun/live/ming-zhu-7.php, From: subscribe, IPv_Type: ipv6, Location: 美国, ISP: CloudFlare Inc., Date: None, Delay: -1 ms, Speed: 0.00 M/s, Resolution: None
Name: 明珠台, URL: https://mgev.188766.xyz/?migutoken=77874a124825e508168f7d0535099f4c&id=hk_mzt&type=dy, From: subscribe, IPv_Type: ipv6, Location: 美国, ISP: CloudFlare Inc., Date: None, Delay: -1 ms, Speed: 0.00 M/s, Resolution: None
Name: 明珠台, URL: https://mgev.188766.xyz/?migutoken=653f9cc9074f4eb3ebac47ac21924fcf&id=hk_mzt&type=dy, From: subscribe, IPv_Type: ipv6, Location: 美国, ISP: CloudFlare Inc., Date: None, Delay: -1 ms, Speed: 0.00 M/s, Resolution: None
Name: 明珠台, URL: https://mgev.188766.xyz/?migutoken=6b53b1c9e821462f457320ff7347483d&id=hk_mzt&type=dy, From: subscribe, IPv_Type: ipv6, Location: 美国, ISP: CloudFlare Inc., Date: None, Delay: -1 ms, Speed: 0.00 M/s, Resolution: None
Name: 明珠台, URL: https://t.freetv.fun/live/ming-zhu-6.php, From: subscribe, IPv_Type: ipv6, Location: 美国, ISP: CloudFlare Inc., Date: None, Delay: -1 ms, Speed: 0.00 M/s, Resolution: None
Name: 明珠台, URL: https://mgev.188766.xyz/?migutoken=01bf1c5652a33226de5ef81562b39939&id=hk_mzt&type=dy, From: subscribe, IPv_Type: ipv6, Location: 美国, ISP: CloudFlare Inc., Date: None, Delay: -1 ms, Speed: 0.00 M/s, Resolution: None
Name: 明珠台, URL: https://t.freetv.fun/live/ming-zhu-8.m3u8, From: subscribe, IPv_Type: ipv6, Location: 美国, ISP: CloudFlare Inc., Date: None, Delay: -1 ms, Speed: 0.00 M/s, Resolution: None
Name: 明珠台, URL: https://mgev.188766.xyz/?migutoken=a68f6d7fbbcd7285da299758a8995a8b&id=hk_mzt&type=dy, From: subscribe, IPv_Type: ipv6, Location: 美国, ISP: CloudFlare Inc., Date: None, Delay: -1 ms, Speed: 0.00 M/s, Resolution: None
Name: 凤凰中文, URL: http://iptv.diyp.site/公众号【DIYP】.php?key=gat5&id=7ab7c7d787d2a25089f090027098972a, From: subscribe, IPv_Type: ipv6, Location: 美国, ISP: CloudFlare Inc., Date: None, Delay: -1 ms, Speed: 0.00 M/s, Resolution: None
Name: 凤凰中文, URL: http://php.jdshipin.com:8880/TVOD/iptv.php?id=fhzw, From: subscribe, IPv_Type: ipv6, Location: 美国, ISP: CloudFlare Inc., Date: None, Delay: -1 ms, Speed: 0.00 M/s, Resolution: None
Name: 凤凰中文, URL: http://r.jdshipin.com/cCCzW, From: subscribe, IPv_Type: ipv6, Location: 美国, ISP: CloudFlare Inc., Date: None, Delay: -1 ms, Speed: 0.00 M/s, Resolution: None
Name: 凤凰中文, URL: http://cdn6.163189.xyz/163189/fhzw, From: subscribe, IPv_Type: ipv6, Location: 新加坡, ISP: Aceville Pte.Ltd., Date: None, Delay: -1 ms, Speed: 0.00 M/s, Resolution: None
Name: 凤凰中文, URL: https://mgev.188766.xyz/?migutoken=b4afeab843c626b8ac7e3a46e39985be&id=fhzw&pp=1, From: subscribe, IPv_Type: ipv6, Location: 美国, ISP: CloudFlare Inc., Date: None, Delay: -1 ms, Speed: 0.00 M/s, Resolution: None
Name: 凤凰中文, URL: https://mgev.188766.xyz/?migutoken=8668aeddbb3f5bef4cd279b12be09727&id=hk_fhzw&type=dy, From: subscribe, IPv_Type: ipv6, Location: 美国, ISP: CloudFlare Inc., Date: None, Delay: -1 ms, Speed: 0.00 M/s, Resolution: None
Name: 凤凰中文, URL: http://php.jdshipin.com/TVOD/iptv.php?id=fhzw, From: subscribe, IPv_Type: ipv6, Location: 美国, ISP: CloudFlare Inc., Date: None, Delay: -1 ms, Speed: 0.00 M/s, Resolution: None
Name: 凤凰中文, URL: http://php.jdshipin.com/TVOD/iptv.php?id=fhzw2, From: subscribe, IPv_Type: ipv6, Location: 美国, ISP: CloudFlare Inc., Date: None, Delay: -1 ms, Speed: 0.00 M/s, Resolution: None
Name: 凤凰中文, URL: http://api.kkitv.itv888.vip:8080/streams/vny1wblsnch/index.m3u8, From: subscribe, IPv_Type: ipv6, Location: 美国, ISP: CloudFlare Inc., Date: None, Delay: -1 ms, Speed: 0.00 M/s, Resolution: None
Name: 凤凰中文, URL: https://cdn9.163189.xyz/smt3.1.1.php?id=phoenixtv_hd, From: subscribe, IPv_Type: ipv6, Location: 美国, ISP: CloudFlare Inc., Date: None, Delay: -1 ms, Speed: 0.00 M/s, Resolution: None
Name: 凤凰中文, URL: http://php.jdshipin.com/PLTV/iptv.php?id=fhzw, From: subscribe, IPv_Type: ipv6, Location: 美国, ISP: CloudFlare Inc., Date: None, Delay: -1 ms, Speed: 0.00 M/s, Resolution: None
Name: 凤凰中文, URL: https://cdn6.101.qzz.io/163189/fhzw, From: subscribe, IPv_Type: ipv6, Location: 美国, ISP: CloudFlare Inc., Date: None, Delay: -1 ms, Speed: 0.00 M/s, Resolution: None
Name: 凤凰中文, URL: http://php.jdshipin.com:8880/smt.php?id=phoenixtv_hd, From: subscribe, IPv_Type: ipv6, Location: 美国, ISP: CloudFlare Inc., Date: None, Delay: -1 ms, Speed: 0.00 M/s, Resolution: None
Name: 凤凰中文, URL: https://smt.1678520.xyz/smt3.2.1.php?id=phoenixtv_hd, From: subscribe, IPv_Type: ipv6, Location: 美国, ISP: CloudFlare Inc., Date: None, Delay: -1 ms, Speed: 0.00 M/s, Resolution: None
Name: 凤凰中文, URL: https://stream1.freetv.fun/4e695e885cc20b20b7e3ec874fe52ed75e27443778c8ff29e498c4c9d7cec4a0.m3u8, From: subscribe, IPv_Type: ipv6, Location: 美国, ISP: CloudFlare Inc., Date: None, Delay: -1 ms, Speed: 0.00 M/s, Resolution: None
Name: 凤凰中文, URL: https://stream1.freetv.fun/2b657a181daa345025199e7d6b8de95a1a87b19abceafbd16e2499a49da33c6f.m3u8, From: subscribe, IPv_Type: ipv6, Location: 美国, ISP: CloudFlare Inc., Date: None, Delay: -1 ms, Speed: 0.00 M/s, Resolution: None
Name: 凤凰中文, URL: https://stream1.freetv.fun/feng-huang-zhong-wen-10.m3u8, From: subscribe, IPv_Type: ipv6, Location: 美国, ISP: CloudFlare Inc., Date: None, Delay: -1 ms, Speed: 0.00 M/s, Resolution: None
Name: 凤凰中文, URL: http://cdn.163189.xyz/live/fhzw/stream.m3u8, From: subscribe, IPv_Type: ipv6, Location: 美国, ISP: CloudFlare Inc., Date: None, Delay: -1 ms, Speed: 0.00 M/s, Resolution: None
Name: 凤凰中文, URL: https://stream1.freetv.fun/feng-huang-zhong-wen-15.ctv, From: subscribe, IPv_Type: ipv6, Location: 美国, ISP: CloudFlare Inc., Date: None, Delay: -1 ms, Speed: 0.00 M/s, Resolution: None
Name: 凤凰中文, URL: https://stream1.freetv.fun/feng-huang-zhong-wen-12.m3u8, From: subscribe, IPv_Type: ipv6, Location: 美国, ISP: CloudFlare Inc., Date: None, Delay: -1 ms, Speed: 0.00 M/s, Resolution: None
Name: 凤凰中文, URL: https://stream1.freetv.fun/feng-huang-zhong-wen-11.m3u8, From: subscribe, IPv_Type: ipv6, Location: 美国, ISP: CloudFlare Inc., Date: None, Delay: -1 ms, Speed: 0.00 M/s, Resolution: None
Name: 凤凰中文, URL: https://cdn.163189.xyz/live/fhzw/stream.m3u8, From: subscribe, IPv_Type: ipv6, Location: 美国, ISP: CloudFlare Inc., Date: None, Delay: -1 ms, Speed: 0.00 M/s, Resolution: None
Name: 凤凰中文, URL: https://stream1.freetv.fun/feng-huang-zhong-wen-5.ctv, From: subscribe, IPv_Type: ipv6, Location: 美国, ISP: CloudFlare Inc., Date: None, Delay: -1 ms, Speed: 0.00 M/s, Resolution: None
Name: 凤凰中文, URL: http://wouu.net:9977/rtp/239.93.0.162:2192?Cf=cfss.cc, From: subscribe, IPv_Type: ipv6, Location: 保留地址, ISP: 主机之间的链路本地地址, Date: None, Delay: -1 ms, Speed: 0.00 M/s, Resolution: None
Name: 凤凰中文, URL: https://stream1.freetv.fun/feng-huang-zhong-wen-4.m3u8, From: subscribe, IPv_Type: ipv6, Location: 美国, ISP: CloudFlare Inc., Date: None, Delay: -1 ms, Speed: 0.00 M/s, Resolution: None
Name: 凤凰中文, URL: https://stream1.freetv.fun/feng-huang-zhong-wen-12.ctv, From: subscribe, IPv_Type: ipv6, Location: 美国, ISP: CloudFlare Inc., Date: None, Delay: -1 ms, Speed: 0.00 M/s, Resolution: None
Name: 凤凰中文, URL: https://stream1.freetv.fun/feng-huang-zhong-wen-18.m3u8, From: subscribe, IPv_Type: ipv6, Location: 美国, ISP: CloudFlare Inc., Date: None, Delay: -1 ms, Speed: 0.00 M/s, Resolution: None
Name: 凤凰中文, URL: https://k44991.kylintv.tv/live/pxna_iphone.m3u8, From: subscribe, IPv_Type: ipv6, Location: 英国, ISP: , Date: None, Delay: -1 ms, Speed: 0.00 M/s, Resolution: None
Name: 凤凰中文, URL: https://mgev.188766.xyz/?migutoken=bad071b2a5fd6e32db5d8c7ba4762716&id=fhzw&pp=1, From: subscribe, IPv_Type: ipv6, Location: 美国, ISP: CloudFlare Inc., Date: None, Delay: -1 ms, Speed: 0.00 M/s, Resolution: None
Name: 凤凰中文, URL: https://mgev.188766.xyz/?migutoken=5d5ffcf4d957b9f6b8ce5ff319637a73&id=hk_fhzw&type=dy, From: subscribe, IPv_Type: ipv6, Location: 美国, ISP: CloudFlare Inc., Date: None, Delay: -1 ms, Speed: 0.00 M/s, Resolution: None
Name: 凤凰中文, URL: https://mgev.188766.xyz/?migutoken=73e231ffb7d6dab966af5072592cdfb9&id=fhzw&pp=1, From: subscribe, IPv_Type: ipv6, Location: 美国, ISP: CloudFlare Inc., Date: None, Delay: -1 ms, Speed: 0.00 M/s, Resolution: None
Name: 凤凰中文, URL: https://mgev.188766.xyz/?migutoken=30b2e32dfe0e05c253edb36d16a5a89a&id=hk_fhzw&type=dy, From: subscribe, IPv_Type: ipv6, Location: 美国, ISP: CloudFlare Inc., Date: None, Delay: -1 ms, Speed: 0.00 M/s, Resolution: None
Name: 凤凰中文, URL: https://mgev.188766.xyz/?migutoken=42633046a618a2b1133b699f11e8a7c6&id=fhzw&pp=1, From: subscribe, IPv_Type: ipv6, Location: 美国, ISP: CloudFlare Inc., Date: None, Delay: -1 ms, Speed: 0.00 M/s, Resolution: None
Name: 凤凰中文, URL: https://mgev.188766.xyz/?migutoken=54098d8470726555b391b735686709df&id=hk_fhzw&type=dy, From: subscribe, IPv_Type: ipv6, Location: 美国, ISP: CloudFlare Inc., Date: None, Delay: -1 ms, Speed: 0.00 M/s, Resolution: None
Name: 凤凰中文, URL: http://smt.veryfast.filegear-sg.me/smt3.2.1.php?id=phoenixtv_hd, From: subscribe, IPv_Type: ipv6, Location: 新加坡, ISP: Aceville Pte.Ltd., Date: None, Delay: -1 ms, Speed: 0.00 M/s, Resolution: None
Name: 凤凰中文, URL: https://mgev.188766.xyz/?migutoken=e4c7d0a63094c942a18caaa2a4cf344a&id=fhzw&pp=1, From: subscribe, IPv_Type: ipv6, Location: 美国, ISP: CloudFlare Inc., Date: None, Delay: -1 ms, Speed: 0.00 M/s, Resolution: None
Name: 凤凰中文, URL: https://mgev.188766.xyz/?migutoken=826165310855e49cbc2a4e5865891edd&id=hk_fhzw&type=dy, From: subscribe, IPv_Type: ipv6, Location: 美国, ISP: CloudFlare Inc., Date: None, Delay: -1 ms, Speed: 0.00 M/s, Resolution: None
Name: 凤凰中文, URL: https://mgev.188766.xyz/?migutoken=bd8c42afada62add75a152d045b2d7e6&id=fhzw&pp=1, From: subscribe, IPv_Type: ipv6, Location: 美国, ISP: CloudFlare Inc., Date: None, Delay: -1 ms, Speed: 0.00 M/s, Resolution: None
Name: 凤凰中文, URL: https://mgev.188766.xyz/?migutoken=347e42befbd26f105c2fe1320d6a9a21&id=hk_fhzw&type=dy, From: subscribe, IPv_Type: ipv6, Location: 美国, ISP: CloudFlare Inc., Date: None, Delay: -1 ms, Speed: 0.00 M/s, Resolution: None
Name: 凤凰中文, URL: https://mgev.188766.xyz/?migutoken=12be4b83f5fb693af3280ce9340fc853&id=fhzw&pp=1, From: subscribe, IPv_Type: ipv6, Location: 美国, ISP: CloudFlare Inc., Date: None, Delay: -1 ms, Speed: 0.00 M/s, Resolution: None
Name: 凤凰中文, URL: https://mgev.188766.xyz/?migutoken=a8593d75e0aa0dc4951e93da959bffab&id=hk_fhzw&type=dy, From: subscribe, IPv_Type: ipv6, Location: 美国, ISP: CloudFlare Inc., Date: None, Delay: -1 ms, Speed: 0.00 M/s, Resolution: None
Name: 凤凰中文, URL: https://mgev.188766.xyz/?migutoken=0451957317bed61e09b5b785e9eac1d5&id=fhzw&pp=1, From: subscribe, IPv_Type: ipv6, Location: 美国, ISP: CloudFlare Inc., Date: None, Delay: -1 ms, Speed: 0.00 M/s, Resolution: None
Name: 凤凰中文, URL: https://mgev.188766.xyz/?migutoken=0224b1dd1fdc41636947e27e5e4e9739&id=hk_fhzw&type=dy, From: subscribe, IPv_Type: ipv6, Location: 美国, ISP: CloudFlare Inc., Date: None, Delay: -1 ms, Speed: 0.00 M/s, Resolution: None
Name: 凤凰中文, URL: https://mgev.188766.xyz/?migutoken=4108e15d1e210ac6e898132fc6998b7f&id=fhzw&pp=1, From: subscribe, IPv_Type: ipv6, Location: 美国, ISP: CloudFlare Inc., Date: None, Delay: -1 ms, Speed: 0.00 M/s, Resolution: None
Name: 凤凰中文, URL: https://mgev.188766.xyz/?migutoken=f42977e1caeff80692b3ec7f9725e60e&id=hk_fhzw&type=dy, From: subscribe, IPv_Type: ipv6, Location: 美国, ISP: CloudFlare Inc., Date: None, Delay: -1 ms, Speed: 0.00 M/s, Resolution: None
Name: 凤凰中文, URL: https://mgev.188766.xyz/?migutoken=0cdd40606368f33c9c588d65872cee7a&id=fhzw&pp=1, From: subscribe, IPv_Type: ipv6, Location: 美国, ISP: CloudFlare Inc., Date: None, Delay: -1 ms, Speed: 0.00 M/s, Resolution: None
Name: 凤凰中文, URL: https://mgev.188766.xyz/?migutoken=31e78b1e690b64cd03437d6022a25072&id=hk_fhzw&type=dy, From: subscribe, IPv_Type: ipv6, Location: 美国, ISP: CloudFlare Inc., Date: None, Delay: -1 ms, Speed: 0.00 M/s, Resolution: None
Name: 凤凰中文, URL: https://mgev.188766.xyz/?migutoken=784745c248d093694be2883b4b59933f&id=fhzw&pp=1, From: subscribe, IPv_Type: ipv6, Location: 美国, ISP: CloudFlare Inc., Date: None, Delay: -1 ms, Speed: 0.00 M/s, Resolution: None
Name: 凤凰中文, URL: https://mgev.188766.xyz/?migutoken=238ce07d72ca0bd43ee80220e831b8da&id=hk_fhzw&type=dy, From: subscribe, IPv_Type: ipv6, Location: 美国, ISP: CloudFlare Inc., Date: None, Delay: -1 ms, Speed: 0.00 M/s, Resolution: None
Name: 凤凰中文, URL: http://k.061899.xyz/k.php?id=fhzw, From: subscribe, IPv_Type: ipv6, Location: 新加坡, ISP: Aceville Pte.Ltd., Date: None, Delay: -1 ms, Speed: 0.00 M/s, Resolution: None
Name: 凤凰中文, URL: https://5.edge.101.qzz.io/smt3.2.1.php?id=phoenixtv_hd, From: subscribe, IPv_Type: ipv6, Location: 新加坡, ISP: Aceville Pte.Ltd., Date: None, Delay: -1 ms, Speed: 0.00 M/s, Resolution: None
Name: 凤凰中文, URL: https://mgev.188766.xyz/?migutoken=18f2fd9289c7405c6c81962f16b977ba&id=fhzw&pp=1, From: subscribe, IPv_Type: ipv6, Location: 美国, ISP: CloudFlare Inc., Date: None, Delay: -1 ms, Speed: 0.00 M/s, Resolution: None
Name: 凤凰中文, URL: https://mgev.188766.xyz/?migutoken=4e3faf97ea143685d2560107ca82ec8b&id=hk_fhzw&type=dy, From: subscribe, IPv_Type: ipv6, Location: 美国, ISP: CloudFlare Inc., Date: None, Delay: -1 ms, Speed: 0.00 M/s, Resolution: None
Name: 凤凰中文, URL: https://mgev.188766.xyz/?migutoken=fb4ef1c568d0d431d16c8fb7aebcfeec&id=fhzw&pp=1, From: subscribe, IPv_Type: ipv6, Location: 美国, ISP: CloudFlare Inc., Date: None, Delay: -1 ms, Speed: 0.00 M/s, Resolution: None
Name: 凤凰中文, URL: https://mgev.188766.xyz/?migutoken=35920ffa885804f1cf58afd8fefd3667&id=hk_fhzw&type=dy, From: subscribe, IPv_Type: ipv6, Location: 美国, ISP: CloudFlare Inc., Date: None, Delay: -1 ms, Speed: 0.00 M/s, Resolution: None
Name: 凤凰中文, URL: https://mgev.188766.xyz/?migutoken=33d097fdc43f959564e5c6252de03dd2&id=fhzw&pp=1, From: subscribe, IPv_Type: ipv6, Location: 美国, ISP: CloudFlare Inc., Date: None, Delay: -1 ms, Speed: 0.00 M/s, Resolution: None
Name: 凤凰中文, URL: https://mgev.188766.xyz/?migutoken=888c81861e37d7040da05650635aa5bb&id=hk_fhzw&type=dy, From: subscribe, IPv_Type: ipv6, Location: 美国, ISP: CloudFlare Inc., Date: None, Delay: -1 ms, Speed: 0.00 M/s, Resolution: None
Name: 凤凰中文, URL: https://mgev.188766.xyz/?migutoken=799f99128cec2bd1c93fcf131702a59d&id=fhzw&pp=1, From: subscribe, IPv_Type: ipv6, Location: 美国, ISP: CloudFlare Inc., Date: None, Delay: -1 ms, Speed: 0.00 M/s, Resolution: None
Name: 凤凰中文, URL: https://mgev.188766.xyz/?migutoken=1c3ff40bfdf0383540e7b903c090a2f3&id=hk_fhzw&type=dy, From: subscribe, IPv_Type: ipv6, Location: 美国, ISP: CloudFlare Inc., Date: None, Delay: -1 ms, Speed: 0.00 M/s, Resolution: None
Name: 凤凰中文, URL: https://mgev.188766.xyz/?migutoken=865e3cde439262bcefed95bc465d0486&id=fhzw&pp=1, From: subscribe, IPv_Type: ipv6, Location: 美国, ISP: CloudFlare Inc., Date: None, Delay: -1 ms, Speed: 0.00 M/s, Resolution: None
Name: 凤凰中文, URL: https://mgev.188766.xyz/?migutoken=2fdf92d3bfb6700dcee63a3ba0bb80cf&id=hk_fhzw&type=dy, From: subscribe, IPv_Type: ipv6, Location: 美国, ISP: CloudFlare Inc., Date: None, Delay: -1 ms, Speed: 0.00 M/s, Resolution: None
Name: 凤凰中文, URL: https://mgev.188766.xyz/?migutoken=d2cb1d3b27ceb7f566c0b20cbf3dbca7&id=fhzw&pp=1, From: subscribe, IPv_Type: ipv6, Location: 美国, ISP: CloudFlare Inc., Date: None, Delay: -1 ms, Speed: 0.00 M/s, Resolution: None
Name: 凤凰中文, URL: https://mgev.188766.xyz/?migutoken=488cc8d5142343a18afcd003da4d11bc&id=hk_fhzw&type=dy, From: subscribe, IPv_Type: ipv6, Location: 美国, ISP: CloudFlare Inc., Date: None, Delay: -1 ms, Speed: 0.00 M/s, Resolution: None
Name: 凤凰中文, URL: https://mgev.188766.xyz/?migutoken=809e74acaf4797401fb533f4127643c0&id=fhzw&pp=1, From: subscribe, IPv_Type: ipv6, Location: 美国, ISP: CloudFlare Inc., Date: None, Delay: -1 ms, Speed: 0.00 M/s, Resolution: None
Name: 凤凰中文, URL: https://mgev.188766.xyz/?migutoken=53361b66a176e72e4bc6c19782ccc258&id=hk_fhzw&type=dy, From: subscribe, IPv_Type: ipv6, Location: 美国, ISP: CloudFlare Inc., Date: None, Delay: -1 ms, Speed: 0.00 M/s, Resolution: None
Name: 凤凰中文, URL: https://mgev.188766.xyz/?migutoken=e664beb9f9f8d6d3a487883dd66c1ddc&id=fhzw&pp=1, From: subscribe, IPv_Type: ipv6, Location: 美国, ISP: CloudFlare Inc., Date: None, Delay: -1 ms, Speed: 0.00 M/s, Resolution: None
Name: 凤凰中文, URL: https://mgev.188766.xyz/?migutoken=d1ebc7cc381d399fe9b8c6f3d4c4bf30&id=hk_fhzw&type=dy, From: subscribe, IPv_Type: ipv6, Location: 美国, ISP: CloudFlare Inc., Date: None, Delay: -1 ms, Speed: 0.00 M/s, Resolution: None
Name: 凤凰中文, URL: https://mgev.188766.xyz/?migutoken=9563c9a5656d7951ce05a39824a49e5c&id=fhzw&pp=1, From: subscribe, IPv_Type: ipv6, Location: 美国, ISP: CloudFlare Inc., Date: None, Delay: -1 ms, Speed: 0.00 M/s, Resolution: None
Name: 凤凰中文, URL: https://mgev.188766.xyz/?migutoken=692a3536ed3720d0520cfc1ec0542a71&id=hk_fhzw&type=dy, From: subscribe, IPv_Type: ipv6, Location: 美国, ISP: CloudFlare Inc., Date: None, Delay: -1 ms, Speed: 0.00 M/s, Resolution: None
Name: 凤凰中文, URL: https://mgev.188766.xyz/?migutoken=224c3251edf637830af6c16a012522df&id=fhzw&pp=1, From: subscribe, IPv_Type: ipv6, Location: 美国, ISP: CloudFlare Inc., Date: None, Delay: -1 ms, Speed: 0.00 M/s, Resolution: None
Name: 凤凰中文, URL: https://mgev.188766.xyz/?migutoken=101350486f910f2e2038994864e0e8e1&id=hk_fhzw&type=dy, From: subscribe, IPv_Type: ipv6, Location: 美国, ISP: CloudFlare Inc., Date: None, Delay: -1 ms, Speed: 0.00 M/s, Resolution: None
Name: 凤凰中文, URL: https://mgev.188766.xyz/?migutoken=d9a360a386a4861481239c5e54474f28&id=fhzw&pp=1, From: subscribe, IPv_Type: ipv6, Location: 美国, ISP: CloudFlare Inc., Date: None, Delay: -1 ms, Speed: 0.00 M/s, Resolution: None
Name: 凤凰中文, URL: https://mgev.188766.xyz/?migutoken=d253079827d184877525e0c4e1f7f7ff&id=hk_fhzw&type=dy, From: subscribe, IPv_Type: ipv6, Location: 美国, ISP: CloudFlare Inc., Date: None, Delay: -1 ms, Speed: 0.00 M/s, Resolution: None
Name: 凤凰中文, URL: https://mgev.188766.xyz/?migutoken=9977081f104c4e092c87a49f162b5d6f&id=fhzw&pp=1, From: subscribe, IPv_Type: ipv6, Location: 美国, ISP: CloudFlare Inc., Date: None, Delay: -1 ms, Speed: 0.00 M/s, Resolution: None
Name: 凤凰中文, URL: https://mgev.188766.xyz/?migutoken=9ab66bf110dd909f877531dc223981dd&id=hk_fhzw&type=dy, From: subscribe, IPv_Type: ipv6, Location: 美国, ISP: CloudFlare Inc., Date: None, Delay: -1 ms, Speed: 0.00 M/s, Resolution: None
Name: 凤凰中文, URL: https://mgev.188766.xyz/?migutoken=28303b55501d0fea992fe20edf0c9c43&id=fhzw&pp=1, From: subscribe, IPv_Type: ipv6, Location: 美国, ISP: CloudFlare Inc., Date: None, Delay: -1 ms, Speed: 0.00 M/s, Resolution: None
Name: 凤凰中文, URL: https://mgev.188766.xyz/?migutoken=57e2d248772108d2af9b0741ba3932a5&id=hk_fhzw&type=dy, From: subscribe, IPv_Type: ipv6, Location: 美国, ISP: CloudFlare Inc., Date: None, Delay: -1 ms, Speed: 0.00 M/s, Resolution: None
Name: 凤凰中文, URL: https://mgev.188766.xyz/?migutoken=d524427e75a766805e10776bc03dc538&id=fhzw&pp=1, From: subscribe, IPv_Type: ipv6, Location: 美国, ISP: CloudFlare Inc., Date: None, Delay: -1 ms, Speed: 0.00 M/s, Resolution: None
Name: 凤凰中文, URL: https://mgev.188766.xyz/?migutoken=76bf8059d012894607141c504aa532ab&id=hk_fhzw&type=dy, From: subscribe, IPv_Type: ipv6, Location: 美国, ISP: CloudFlare Inc., Date: None, Delay: -1 ms, Speed: 0.00 M/s, Resolution: None
Name: 凤凰中文, URL: https://mgev.188766.xyz/?migutoken=91df1b70e0509122cab788f5b9e873e9&id=fhzw&pp=1, From: subscribe, IPv_Type: ipv6, Location: 美国, ISP: CloudFlare Inc., Date: None, Delay: -1 ms, Speed: 0.00 M/s, Resolution: None
Name: 凤凰中文, URL: https://mgev.188766.xyz/?migutoken=6bef7fd3d8fa054a4e3388b55699df16&id=hk_fhzw&type=dy, From: subscribe, IPv_Type: ipv6, Location: 美国, ISP: CloudFlare Inc., Date: None, Delay: -1 ms, Speed: 0.00 M/s, Resolution: None
Name: 凤凰中文, URL: https://mgev.188766.xyz/?migutoken=f837bf3ca3753ad0b5f3a9f2800e851a&id=fhzw&pp=1, From: subscribe, IPv_Type: ipv6, Location: 美国, ISP: CloudFlare Inc., Date: None, Delay: -1 ms, Speed: 0.00 M/s, Resolution: None
Name: 凤凰中文, URL: https://mgev.188766.xyz/?migutoken=867d6efe4a01f5207f956eff8e3a8055&id=hk_fhzw&type=dy, From: subscribe, IPv_Type: ipv6, Location: 美国, ISP: CloudFlare Inc., Date: None, Delay: -1 ms, Speed: 0.00 M/s, Resolution: None
Name: 凤凰中文, URL: http://cdn5.1678520.xyz/live/live2.1.php?id=fhzw, From: subscribe, IPv_Type: ipv6, Location: 美国, ISP: CloudFlare Inc., Date: None, Delay: -1 ms, Speed: 0.00 M/s, Resolution: None
Name: 凤凰中文, URL: http://cdn5.1678520.xyz/live/?id=fhzw, From: subscribe, IPv_Type: ipv6, Location: 美国, ISP: CloudFlare Inc., Date: None, Delay: -1 ms, Speed: 0.00 M/s, Resolution: None
Name: 凤凰中文, URL: https://mgev.188766.xyz/?migutoken=b1d04c494f4804f95fce2b1a3d5a2de8&id=fhzw&pp=1, From: subscribe, IPv_Type: ipv6, Location: 美国, ISP: CloudFlare Inc., Date: None, Delay: -1 ms, Speed: 0.00 M/s, Resolution: None
Name: 凤凰中文, URL: https://mgev.188766.xyz/?migutoken=d9b9062522f22d91c55daae2abb5f97d&id=hk_fhzw&type=dy, From: subscribe, IPv_Type: ipv6, Location: 美国, ISP: CloudFlare Inc., Date: None, Delay: -1 ms, Speed: 0.00 M/s, Resolution: None
Name: 凤凰中文, URL: https://cdn.iptv8k.top/dl/jrys.php?id=19&time=20240926215313&ip=111.229.253.40, From: subscribe, IPv_Type: ipv4, Location: 美国, ISP: CloudFlare节点, Date: None, Delay: 27 ms, Speed: 11.34 M/s, Resolution: 1920x1080
Name: 凤凰中文, URL: http://rihou.cc:555/tv/[Pd]凤凰中文, From: subscribe, IPv_Type: ipv4, Location: 中国-福建-福州, ISP: 电信, Date: None, Delay: 10727 ms, Speed: 0.00 M/s, Resolution: None
Name: 凤凰资讯, URL: http://iptv.diyp.site/公众号【DIYP】.php?key=gat5&id=7f4703c71abe60b90887a794355363c8, From: subscribe, IPv_Type: ipv6, Location: 美国, ISP: CloudFlare Inc., Date: None, Delay: -1 ms, Speed: 0.00 M/s, Resolution: None
Name: 凤凰资讯, URL: http://php.jdshipin.com:8880/TVOD/iptv.php?id=fhzx, From: subscribe, IPv_Type: ipv6, Location: 美国, ISP: CloudFlare Inc., Date: None, Delay: -1 ms, Speed: 0.00 M/s, Resolution: None
Name: 凤凰资讯, URL: http://r.jdshipin.com/0Rp07, From: subscribe, IPv_Type: ipv6, Location: 美国, ISP: CloudFlare Inc., Date: None, Delay: -1 ms, Speed: 0.00 M/s, Resolution: None
Name: 凤凰资讯, URL: http://api.kkitv.itv888.vip:8080/streams/wzt3qbit80m/index.m3u8, From: subscribe, IPv_Type: ipv6, Location: 美国, ISP: CloudFlare Inc., Date: None, Delay: -1 ms, Speed: 0.00 M/s, Resolution: None
Name: 凤凰资讯, URL: https://mgev.188766.xyz/?migutoken=226b04ea9a8c4cd7f337114c8aefc9d2&id=fhzx&pp=1, From: subscribe, IPv_Type: ipv6, Location: 美国, ISP: CloudFlare Inc., Date: None, Delay: -1 ms, Speed: 0.00 M/s, Resolution: None
Name: 凤凰资讯, URL: https://mgev.188766.xyz/?migutoken=f99b44d97eb859cc317c0c1c05dab265&id=hk_fhzx&type=dy, From: subscribe, IPv_Type: ipv6, Location: 美国, ISP: CloudFlare Inc., Date: None, Delay: -1 ms, Speed: 0.00 M/s, Resolution: None
Name: 凤凰资讯, URL: http://php.jdshipin.com/TVOD/iptv.php?id=fhzx, From: subscribe, IPv_Type: ipv6, Location: 美国, ISP: CloudFlare Inc., Date: None, Delay: -1 ms, Speed: 0.00 M/s, Resolution: None
Name: 凤凰资讯, URL: https://smart.pendy.dpdns.org/Smart.php?id=phoenixinfo_hd, From: subscribe, IPv_Type: ipv6, Location: 美国, ISP: CloudFlare Inc., Date: None, Delay: -1 ms, Speed: 0.00 M/s, Resolution: None
Name: 凤凰资讯, URL: https://cdn9.163189.xyz/smt3.1.1.php?id=phoenixinfo_hd, From: subscribe, IPv_Type: ipv6, Location: 美国, ISP: CloudFlare Inc., Date: None, Delay: -1 ms, Speed: 0.00 M/s, Resolution: None
Name: 凤凰资讯, URL: http://php.jdshipin.com:8880/smt.php?id=phoenixinfo_hd, From: subscribe, IPv_Type: ipv6, Location: 美国, ISP: CloudFlare Inc., Date: None, Delay: -1 ms, Speed: 0.00 M/s, Resolution: None
Name: 凤凰资讯, URL: http://php.jdshipin.com/TVOD/iptv.php?id=fhzx2, From: subscribe, IPv_Type: ipv6, Location: 美国, ISP: CloudFlare Inc., Date: None, Delay: -1 ms, Speed: 0.00 M/s, Resolution: None
Name: 凤凰资讯, URL: http://php.jdshipin.com/PLTV/iptv.php?id=fhzx, From: subscribe, IPv_Type: ipv6, Location: 美国, ISP: CloudFlare Inc., Date: None, Delay: -1 ms, Speed: 0.00 M/s, Resolution: None
Name: 凤凰资讯, URL: https://cdn6.101.qzz.io/163189/fhzx, From: subscribe, IPv_Type: ipv6, Location: 美国, ISP: CloudFlare Inc., Date: None, Delay: -1 ms, Speed: 0.00 M/s, Resolution: None
Name: 凤凰资讯, URL: https://hls-gateway.vpstv.net/streams/476958.m3u8, From: subscribe, IPv_Type: ipv6, Location: 美国, ISP: CloudFlare Inc., Date: None, Delay: -1 ms, Speed: 0.00 M/s, Resolution: None
Name: 凤凰资讯, URL: https://smt.1678520.xyz/smt3.2.1.php?id=phoenixinfo_hd, From: subscribe, IPv_Type: ipv6, Location: 美国, ISP: CloudFlare Inc., Date: None, Delay: -1 ms, Speed: 0.00 M/s, Resolution: None
Name: 凤凰资讯, URL: http://cdn6.163189.xyz/163189/fhzx, From: subscribe, IPv_Type: ipv6, Location: 新加坡, ISP: Aceville Pte.Ltd., Date: None, Delay: -1 ms, Speed: 0.00 M/s, Resolution: None
Name: 凤凰资讯, URL: https://stream1.freetv.fun/a5857ad51b58a0f7a8c9cbdf291571692b0eed9f5ab2cfce97a211260533c0d8.m3u8, From: subscribe, IPv_Type: ipv6, Location: 美国, ISP: CloudFlare Inc., Date: None, Delay: -1 ms, Speed: 0.00 M/s, Resolution: None
Name: 凤凰资讯, URL: https://stream1.freetv.fun/feng-huang-zi-xun-4.m3u8, From: subscribe, IPv_Type: ipv6, Location: 美国, ISP: CloudFlare Inc., Date: None, Delay: -1 ms, Speed: 0.00 M/s, Resolution: None
Name: 凤凰资讯, URL: http://cdn3.163189.xyz/live/fhzx/stream.m3u8, From: subscribe, IPv_Type: ipv6, Location: 美国, ISP: CloudFlare Inc., Date: None, Delay: -1 ms, Speed: 0.00 M/s, Resolution: None
Name: 凤凰资讯, URL: http://cdn5.1678520.xyz:80/live/live2.1.php?id=fhzx, From: subscribe, IPv_Type: ipv6, Location: 美国, ISP: CloudFlare Inc., Date: None, Delay: -1 ms, Speed: 0.00 M/s, Resolution: None
Name: 凤凰资讯, URL: http://wouu.net:9977/rtp/239.93.0.118:2191?Cf=cfss.cc, From: subscribe, IPv_Type: ipv6, Location: 保留地址, ISP: 主机之间的链路本地地址, Date: None, Delay: -1 ms, Speed: 0.00 M/s, Resolution: None
Name: 凤凰资讯, URL: https://cdn3.163189.xyz/live/fhzx/stream.m3u8, From: subscribe, IPv_Type: ipv6, Location: 美国, ISP: CloudFlare Inc., Date: None, Delay: -1 ms, Speed: 0.00 M/s, Resolution: None
Name: 凤凰资讯, URL: https://stream1.freetv.fun/feng-huang-zi-xun-1.m3u8, From: subscribe, IPv_Type: ipv6, Location: 美国, ISP: CloudFlare Inc., Date: None, Delay: -1 ms, Speed: 0.00 M/s, Resolution: None
Name: 凤凰资讯, URL: https://stream1.freetv.fun/feng-huang-zi-xun-12.ctv, From: subscribe, IPv_Type: ipv6, Location: 美国, ISP: CloudFlare Inc., Date: None, Delay: -1 ms, Speed: 0.00 M/s, Resolution: None
Name: 凤凰资讯, URL: https://stream1.freetv.fun/feng-huang-zi-xun-2.ctv, From: subscribe, IPv_Type: ipv6, Location: 美国, ISP: CloudFlare Inc., Date: None, Delay: -1 ms, Speed: 0.00 M/s, Resolution: None
Name: 凤凰资讯, URL: https://stream1.freetv.fun/feng-huang-zi-xun-20.ctv, From: subscribe, IPv_Type: ipv6, Location: 美国, ISP: CloudFlare Inc., Date: None, Delay: -1 ms, Speed: 0.00 M/s, Resolution: None
Name: 凤凰资讯, URL: https://mgev.188766.xyz/?migutoken=f27e82b44ccf37cd05d5c919dae5b43d&id=fhzx&pp=1, From: subscribe, IPv_Type: ipv6, Location: 美国, ISP: CloudFlare Inc., Date: None, Delay: -1 ms, Speed: 0.00 M/s, Resolution: None
Name: 凤凰资讯, URL: https://mgev.188766.xyz/?migutoken=43ef3e71705b93baba57a2f5acb82195&id=hk_fhzx&type=dy, From: subscribe, IPv_Type: ipv6, Location: 美国, ISP: CloudFlare Inc., Date: None, Delay: -1 ms, Speed: 0.00 M/s, Resolution: None
Name: 凤凰资讯, URL: https://k44991.kylintv.tv/live/pxinhd_iphone.m3u8, From: subscribe, IPv_Type: ipv6, Location: 英国, ISP: , Date: None, Delay: -1 ms, Speed: 0.00 M/s, Resolution: None
Name: 凤凰资讯, URL: https://mgev.188766.xyz/?migutoken=a837d95d3662de221c5c6c222a7b5e64&id=fhzx&pp=1, From: subscribe, IPv_Type: ipv6, Location: 美国, ISP: CloudFlare Inc., Date: None, Delay: -1 ms, Speed: 0.00 M/s, Resolution: None
Name: 凤凰资讯, URL: https://mgev.188766.xyz/?migutoken=ffaeb45067950eec25a865baccbff81b&id=hk_fhzx&type=dy, From: subscribe, IPv_Type: ipv6, Location: 美国, ISP: CloudFlare Inc., Date: None, Delay: -1 ms, Speed: 0.00 M/s, Resolution: None
Name: 凤凰资讯, URL: https://mgev.188766.xyz/?migutoken=f828fa401cdc3c61d7f13741c95cc463&id=fhzx&pp=1, From: subscribe, IPv_Type: ipv6, Location: 美国, ISP: CloudFlare Inc., Date: None, Delay: -1 ms, Speed: 0.00 M/s, Resolution: None
Name: 凤凰资讯, URL: https://mgev.188766.xyz/?migutoken=d0c5927dd948816300035a95a19893bc&id=hk_fhzx&type=dy, From: subscribe, IPv_Type: ipv6, Location: 美国, ISP: CloudFlare Inc., Date: None, Delay: -1 ms, Speed: 0.00 M/s, Resolution: None
Name: 凤凰资讯, URL: http://smt.veryfast.filegear-sg.me/smt3.2.1.php?id=phoenixinfo_hd, From: subscribe, IPv_Type: ipv6, Location: 新加坡, ISP: Aceville Pte.Ltd., Date: None, Delay: -1 ms, Speed: 0.00 M/s, Resolution: None
Name: 凤凰资讯, URL: https://mgev.188766.xyz/?migutoken=22ab2e9a42b8b908fb59432fc58964dc&id=fhzx&pp=1, From: subscribe, IPv_Type: ipv6, Location: 美国, ISP: CloudFlare Inc., Date: None, Delay: -1 ms, Speed: 0.00 M/s, Resolution: None
Name: 凤凰资讯, URL: https://mgev.188766.xyz/?migutoken=9f088b74a901716675112dbf52be4b2f&id=hk_fhzx&type=dy, From: subscribe, IPv_Type: ipv6, Location: 美国, ISP: CloudFlare Inc., Date: None, Delay: -1 ms, Speed: 0.00 M/s, Resolution: None
Name: 凤凰资讯, URL: https://mgev.188766.xyz/?migutoken=fb417f9b03e09cc54a93d964a262248a&id=fhzx&pp=1, From: subscribe, IPv_Type: ipv6, Location: 美国, ISP: CloudFlare Inc., Date: None, Delay: -1 ms, Speed: 0.00 M/s, Resolution: None
Name: 凤凰资讯, URL: https://mgev.188766.xyz/?migutoken=3059e6aa98f313f249bd4b95b1bacd80&id=hk_fhzx&type=dy, From: subscribe, IPv_Type: ipv6, Location: 美国, ISP: CloudFlare Inc., Date: None, Delay: -1 ms, Speed: 0.00 M/s, Resolution: None
Name: 凤凰资讯, URL: https://mgev.188766.xyz/?migutoken=adfb1d2973e98aca10144faea6fc37e6&id=fhzx&pp=1, From: subscribe, IPv_Type: ipv6, Location: 美国, ISP: CloudFlare Inc., Date: None, Delay: -1 ms, Speed: 0.00 M/s, Resolution: None
Name: 凤凰资讯, URL: https://mgev.188766.xyz/?migutoken=756f5118524370d4aedbb87fc2ff6ec3&id=hk_fhzx&type=dy, From: subscribe, IPv_Type: ipv6, Location: 美国, ISP: CloudFlare Inc., Date: None, Delay: -1 ms, Speed: 0.00 M/s, Resolution: None
Name: 凤凰资讯, URL: https://mgev.188766.xyz/?migutoken=0d5e9debc96e750c28a92bce01014518&id=fhzx&pp=1, From: subscribe, IPv_Type: ipv6, Location: 美国, ISP: CloudFlare Inc., Date: None, Delay: -1 ms, Speed: 0.00 M/s, Resolution: None
Name: 凤凰资讯, URL: https://mgev.188766.xyz/?migutoken=c6088f01a9938e4abafd0d8f82beba0f&id=hk_fhzx&type=dy, From: subscribe, IPv_Type: ipv6, Location: 美国, ISP: CloudFlare Inc., Date: None, Delay: -1 ms, Speed: 0.00 M/s, Resolution: None
Name: 凤凰资讯, URL: https://mgev.188766.xyz/?migutoken=aa829f0ac2db186c11ad14ab28ebef75&id=fhzx&pp=1, From: subscribe, IPv_Type: ipv6, Location: 美国, ISP: CloudFlare Inc., Date: None, Delay: -1 ms, Speed: 0.00 M/s, Resolution: None
Name: 凤凰资讯, URL: https://mgev.188766.xyz/?migutoken=9d475c99fea995c6695014c15f15e653&id=hk_fhzx&type=dy, From: subscribe, IPv_Type: ipv6, Location: 美国, ISP: CloudFlare Inc., Date: None, Delay: -1 ms, Speed: 0.00 M/s, Resolution: None
Name: 凤凰资讯, URL: https://mgev.188766.xyz/?migutoken=99597a2c73fffecc7f38d329515a69bc&id=fhzx&pp=1, From: subscribe, IPv_Type: ipv6, Location: 美国, ISP: CloudFlare Inc., Date: None, Delay: -1 ms, Speed: 0.00 M/s, Resolution: None
Name: 凤凰资讯, URL: https://mgev.188766.xyz/?migutoken=4e046cea780ecfad42cb2ef5ec1508e9&id=hk_fhzx&type=dy, From: subscribe, IPv_Type: ipv6, Location: 美国, ISP: CloudFlare Inc., Date: None, Delay: -1 ms, Speed: 0.00 M/s, Resolution: None
Name: 凤凰资讯, URL: https://mgev.188766.xyz/?migutoken=2e4f8e3b5bf483c0e59c2f091ac0c448&id=fhzx&pp=1, From: subscribe, IPv_Type: ipv6, Location: 美国, ISP: CloudFlare Inc., Date: None, Delay: -1 ms, Speed: 0.00 M/s, Resolution: None
Name: 凤凰资讯, URL: https://mgev.188766.xyz/?migutoken=88dc51f2f46b032755e2cc66c659831e&id=hk_fhzx&type=dy, From: subscribe, IPv_Type: ipv6, Location: 美国, ISP: CloudFlare Inc., Date: None, Delay: -1 ms, Speed: 0.00 M/s, Resolution: None
Name: 凤凰资讯, URL: https://5.edge.101.qzz.io/smt3.2.1.php?id=phoenixinfo_hd, From: subscribe, IPv_Type: ipv6, Location: 新加坡, ISP: Aceville Pte.Ltd., Date: None, Delay: -1 ms, Speed: 0.00 M/s, Resolution: None
Name: 凤凰资讯, URL: http://k.061899.xyz/k.php?id=fhzx, From: subscribe, IPv_Type: ipv6, Location: 新加坡, ISP: Aceville Pte.Ltd., Date: None, Delay: -1 ms, Speed: 0.00 M/s, Resolution: None
Name: 凤凰资讯, URL: https://mgev.188766.xyz/?migutoken=f352df04c8e5d3cf736bb2974fed3a2a&id=fhzx&pp=1, From: subscribe, IPv_Type: ipv6, Location: 美国, ISP: CloudFlare Inc., Date: None, Delay: -1 ms, Speed: 0.00 M/s, Resolution: None
Name: 凤凰资讯, URL: https://mgev.188766.xyz/?migutoken=013f3697c8c3e1b1884665e921d886ac&id=hk_fhzx&type=dy, From: subscribe, IPv_Type: ipv6, Location: 美国, ISP: CloudFlare Inc., Date: None, Delay: -1 ms, Speed: 0.00 M/s, Resolution: None
Name: 凤凰资讯, URL: https://mgev.188766.xyz/?migutoken=c9a99fee4a2e1e4162e440205e225233&id=fhzx&pp=1, From: subscribe, IPv_Type: ipv6, Location: 美国, ISP: CloudFlare Inc., Date: None, Delay: -1 ms, Speed: 0.00 M/s, Resolution: None
Name: 凤凰资讯, URL: https://mgev.188766.xyz/?migutoken=c62ea9edeecf8767fe57e9f9dfa82e87&id=hk_fhzx&type=dy, From: subscribe, IPv_Type: ipv6, Location: 美国, ISP: CloudFlare Inc., Date: None, Delay: -1 ms, Speed: 0.00 M/s, Resolution: None
Name: 凤凰资讯, URL: https://mgev.188766.xyz/?migutoken=34f4338a46dc98b8080ad11e650082e4&id=fhzx&pp=1, From: subscribe, IPv_Type: ipv6, Location: 美国, ISP: CloudFlare Inc., Date: None, Delay: -1 ms, Speed: 0.00 M/s, Resolution: None
Name: 凤凰资讯, URL: https://mgev.188766.xyz/?migutoken=b3a6a4786877932481b4efcda00261c2&id=hk_fhzx&type=dy, From: subscribe, IPv_Type: ipv6, Location: 美国, ISP: CloudFlare Inc., Date: None, Delay: -1 ms, Speed: 0.00 M/s, Resolution: None
Name: 凤凰资讯, URL: https://mgev.188766.xyz/?migutoken=0cbe91d4886da4fff2b3ab379b672dab&id=fhzx&pp=1, From: subscribe, IPv_Type: ipv6, Location: 美国, ISP: CloudFlare Inc., Date: None, Delay: -1 ms, Speed: 0.00 M/s, Resolution: None
Name: 凤凰资讯, URL: https://mgev.188766.xyz/?migutoken=89c387a8ad802a45a6dbf79521238e43&id=hk_fhzx&type=dy, From: subscribe, IPv_Type: ipv6, Location: 美国, ISP: CloudFlare Inc., Date: None, Delay: -1 ms, Speed: 0.00 M/s, Resolution: None
Name: 凤凰资讯, URL: https://mgev.188766.xyz/?migutoken=a4a93bd0358a7c60098526efc76ba35b&id=fhzx&pp=1, From: subscribe, IPv_Type: ipv6, Location: 美国, ISP: CloudFlare Inc., Date: None, Delay: -1 ms, Speed: 0.00 M/s, Resolution: None
Name: 凤凰资讯, URL: https://mgev.188766.xyz/?migutoken=188558f663b131e04974bfdb4cedc033&id=hk_fhzx&type=dy, From: subscribe, IPv_Type: ipv6, Location: 美国, ISP: CloudFlare Inc., Date: None, Delay: -1 ms, Speed: 0.00 M/s, Resolution: None
Name: 凤凰资讯, URL: https://mgev.188766.xyz/?migutoken=1f2a8c13256a5c1d8538242a512ad64f&id=fhzx&pp=1, From: subscribe, IPv_Type: ipv6, Location: 美国, ISP: CloudFlare Inc., Date: None, Delay: -1 ms, Speed: 0.00 M/s, Resolution: None
Name: 凤凰资讯, URL: https://mgev.188766.xyz/?migutoken=24cd07d564a889ac2b4b11883e0c3710&id=hk_fhzx&type=dy, From: subscribe, IPv_Type: ipv6, Location: 美国, ISP: CloudFlare Inc., Date: None, Delay: -1 ms, Speed: 0.00 M/s, Resolution: None
Name: 凤凰资讯, URL: https://mgev.188766.xyz/?migutoken=68af39ecd78ee6a8f389a9db18356f49&id=fhzx&pp=1, From: subscribe, IPv_Type: ipv6, Location: 美国, ISP: CloudFlare Inc., Date: None, Delay: -1 ms, Speed: 0.00 M/s, Resolution: None
Name: 凤凰资讯, URL: https://mgev.188766.xyz/?migutoken=8470ee0fa98a5e0fe75c0c249628df26&id=hk_fhzx&type=dy, From: subscribe, IPv_Type: ipv6, Location: 美国, ISP: CloudFlare Inc., Date: None, Delay: -1 ms, Speed: 0.00 M/s, Resolution: None
Name: 凤凰资讯, URL: https://mgev.188766.xyz/?migutoken=ff779d41b1e0441225844ea79c1e86f6&id=fhzx&pp=1, From: subscribe, IPv_Type: ipv6, Location: 美国, ISP: CloudFlare Inc., Date: None, Delay: -1 ms, Speed: 0.00 M/s, Resolution: None
Name: 凤凰资讯, URL: https://mgev.188766.xyz/?migutoken=3c9d7d79b07005f6a3c0b3f4f75ea738&id=hk_fhzx&type=dy, From: subscribe, IPv_Type: ipv6, Location: 美国, ISP: CloudFlare Inc., Date: None, Delay: -1 ms, Speed: 0.00 M/s, Resolution: None
Name: 凤凰资讯, URL: https://t.freetv.fun/live/feng-huang-zi-xun-1.m3u8, From: subscribe, IPv_Type: ipv6, Location: 美国, ISP: CloudFlare Inc., Date: None, Delay: -1 ms, Speed: 0.00 M/s, Resolution: None
Name: 凤凰资讯, URL: https://mgev.188766.xyz/?migutoken=5c43a0d1e43087922db704bcc8b99b3c&id=fhzx&pp=1, From: subscribe, IPv_Type: ipv6, Location: 美国, ISP: CloudFlare Inc., Date: None, Delay: -1 ms, Speed: 0.00 M/s, Resolution: None
Name: 凤凰资讯, URL: https://mgev.188766.xyz/?migutoken=a988a1edd8b3da91941defb02e81e90e&id=hk_fhzx&type=dy, From: subscribe, IPv_Type: ipv6, Location: 美国, ISP: CloudFlare Inc., Date: None, Delay: -1 ms, Speed: 0.00 M/s, Resolution: None
Name: 凤凰资讯, URL: https://mgev.188766.xyz/?migutoken=e0173d279954b8653bfeeecb32e65d79&id=fhzx&pp=1, From: subscribe, IPv_Type: ipv6, Location: 美国, ISP: CloudFlare Inc., Date: None, Delay: -1 ms, Speed: 0.00 M/s, Resolution: None
Name: 凤凰资讯, URL: https://mgev.188766.xyz/?migutoken=eb63af441c07edbdf45e3b69692c917e&id=hk_fhzx&type=dy, From: subscribe, IPv_Type: ipv6, Location: 美国, ISP: CloudFlare Inc., Date: None, Delay: -1 ms, Speed: 0.00 M/s, Resolution: None
Name: 凤凰资讯, URL: https://mgev.188766.xyz/?migutoken=2d986bfabe76ea1b3d625a46779dc70c&id=fhzx&pp=1, From: subscribe, IPv_Type: ipv6, Location: 美国, ISP: CloudFlare Inc., Date: None, Delay: -1 ms, Speed: 0.00 M/s, Resolution: None
Name: 凤凰资讯, URL: https://mgev.188766.xyz/?migutoken=68cbe7560f0540a40507eeb6ec2a9e5b&id=hk_fhzx&type=dy, From: subscribe, IPv_Type: ipv6, Location: 美国, ISP: CloudFlare Inc., Date: None, Delay: -1 ms, Speed: 0.00 M/s, Resolution: None
Name: 凤凰资讯, URL: https://mgev.188766.xyz/?migutoken=521c0e15507784f3454db3f90e901d5b&id=fhzx&pp=1, From: subscribe, IPv_Type: ipv6, Location: 美国, ISP: CloudFlare Inc., Date: None, Delay: -1 ms, Speed: 0.00 M/s, Resolution: None
Name: 凤凰资讯, URL: https://mgev.188766.xyz/?migutoken=dfdb9e4c65559affb37c1c44f069b42c&id=hk_fhzx&type=dy, From: subscribe, IPv_Type: ipv6, Location: 美国, ISP: CloudFlare Inc., Date: None, Delay: -1 ms, Speed: 0.00 M/s, Resolution: None
Name: 凤凰资讯, URL: https://mgev.188766.xyz/?migutoken=f5b5ed31d89b26e134c375ce9b65a201&id=fhzx&pp=1, From: subscribe, IPv_Type: ipv6, Location: 美国, ISP: CloudFlare Inc., Date: None, Delay: -1 ms, Speed: 0.00 M/s, Resolution: None
Name: 凤凰资讯, URL: https://mgev.188766.xyz/?migutoken=81d08e146e8d9d22a7c2bf93939870a1&id=hk_fhzx&type=dy, From: subscribe, IPv_Type: ipv6, Location: 美国, ISP: CloudFlare Inc., Date: None, Delay: -1 ms, Speed: 0.00 M/s, Resolution: None
Name: 凤凰资讯, URL: https://mgev.188766.xyz/?migutoken=b9183569241877c5fd8d624a67a5fa45&id=fhzx&pp=1, From: subscribe, IPv_Type: ipv6, Location: 美国, ISP: CloudFlare Inc., Date: None, Delay: -1 ms, Speed: 0.00 M/s, Resolution: None
Name: 凤凰资讯, URL: https://mgev.188766.xyz/?migutoken=5d16bea221fdcd9d7561cc741b0b9b79&id=hk_fhzx&type=dy, From: subscribe, IPv_Type: ipv6, Location: 美国, ISP: CloudFlare Inc., Date: None, Delay: -1 ms, Speed: 0.00 M/s, Resolution: None
Name: 凤凰资讯, URL: https://mgev.188766.xyz/?migutoken=e30cf7d7cb21a721b0996c0bd5403bf6&id=fhzx&pp=1, From: subscribe, IPv_Type: ipv6, Location: 美国, ISP: CloudFlare Inc., Date: None, Delay: -1 ms, Speed: 0.00 M/s, Resolution: None
Name: 凤凰资讯, URL: https://mgev.188766.xyz/?migutoken=87349fa04e27e82b3bd942d5a8006320&id=hk_fhzx&type=dy, From: subscribe, IPv_Type: ipv6, Location: 美国, ISP: CloudFlare Inc., Date: None, Delay: -1 ms, Speed: 0.00 M/s, Resolution: None
Name: 凤凰资讯, URL: https://mgev.188766.xyz/?migutoken=089794e7d296f5d02f31fe400e0d186c&id=fhzx&pp=1, From: subscribe, IPv_Type: ipv6, Location: 美国, ISP: CloudFlare Inc., Date: None, Delay: -1 ms, Speed: 0.00 M/s, Resolution: None
Name: 凤凰资讯, URL: https://mgev.188766.xyz/?migutoken=d57cffe35b95d8979df826fa873bd984&id=hk_fhzx&type=dy, From: subscribe, IPv_Type: ipv6, Location: 美国, ISP: CloudFlare Inc., Date: None, Delay: -1 ms, Speed: 0.00 M/s, Resolution: None
Name: 凤凰资讯, URL: https://t.freetv.fun/live/feng-huang-zi-xun.m3u8, From: subscribe, IPv_Type: ipv6, Location: 美国, ISP: CloudFlare Inc., Date: None, Delay: -1 ms, Speed: 0.00 M/s, Resolution: None
Name: 凤凰资讯, URL: http://cdn5.1678520.xyz/live/live2.1.php?id=fhzx, From: subscribe, IPv_Type: ipv6, Location: 美国, ISP: CloudFlare Inc., Date: None, Delay: -1 ms, Speed: 0.00 M/s, Resolution: None
Name: 凤凰资讯, URL: http://cdn5.1678520.xyz/live/?id=fhzx, From: subscribe, IPv_Type: ipv6, Location: 美国, ISP: CloudFlare Inc., Date: None, Delay: -1 ms, Speed: 0.00 M/s, Resolution: None
Name: 凤凰资讯, URL: https://mgev.188766.xyz/?migutoken=f8eb96b822bb8030db5e8ead4c8b20b3&id=fhzx&pp=1, From: subscribe, IPv_Type: ipv6, Location: 美国, ISP: CloudFlare Inc., Date: None, Delay: -1 ms, Speed: 0.00 M/s, Resolution: None
Name: 凤凰资讯, URL: https://mgev.188766.xyz/?migutoken=45c61a404175501e24aabde7575fca7c&id=hk_fhzx&type=dy, From: subscribe, IPv_Type: ipv6, Location: 美国, ISP: CloudFlare Inc., Date: None, Delay: -1 ms, Speed: 0.00 M/s, Resolution: None
Name: 凤凰资讯, URL: http://rihou.cc:555/tv/[Pd]凤凰资讯, From: subscribe, IPv_Type: ipv4, Location: 中国-福建-福州, ISP: 电信, Date: None, Delay: 2025 ms, Speed: 0.05 M/s, Resolution: None
Name: 凤凰香港, URL: http://iptv.diyp.site/公众号【DIYP】.php?key=gat5&id=f2ad963332e3a496326ee97dc82c475e, From: subscribe, IPv_Type: ipv6, Location: 美国, ISP: CloudFlare Inc., Date: None, Delay: -1 ms, Speed: 0.00 M/s, Resolution: None
Name: 凤凰香港, URL: http://r.jdshipin.com/yDoTN, From: subscribe, IPv_Type: ipv6, Location: 美国, ISP: CloudFlare Inc., Date: None, Delay: -1 ms, Speed: 0.00 M/s, Resolution: None
Name: 凤凰香港, URL: http://r.jdshipin.com/NfC0f, From: subscribe, IPv_Type: ipv6, Location: 美国, ISP: CloudFlare Inc., Date: None, Delay: -1 ms, Speed: 0.00 M/s, Resolution: None
Name: 凤凰香港, URL: http://api.kkitv.itv888.vip:8080/streams/mty4v56ud39/index.m3u8, From: subscribe, IPv_Type: ipv6, Location: 美国, ISP: CloudFlare Inc., Date: None, Delay: -1 ms, Speed: 0.00 M/s, Resolution: None
Name: 凤凰香港, URL: http://cdn6.163189.xyz/163189/fhhk, From: subscribe, IPv_Type: ipv6, Location: 新加坡, ISP: Aceville Pte.Ltd., Date: None, Delay: -1 ms, Speed: 0.00 M/s, Resolution: None
Name: 凤凰香港, URL: http://php.jdshipin.com/TVOD/iptv.php?id=fhhk, From: subscribe, IPv_Type: ipv6, Location: 美国, ISP: CloudFlare Inc., Date: None, Delay: -1 ms, Speed: 0.00 M/s, Resolution: None
Name: 凤凰香港, URL: https://mgev.188766.xyz/?migutoken=cb39619883a9d7923dfb042352a59c9f&id=fhhk&pp=1, From: subscribe, IPv_Type: ipv6, Location: 美国, ISP: CloudFlare Inc., Date: None, Delay: -1 ms, Speed: 0.00 M/s, Resolution: None
Name: 凤凰香港, URL: https://mgev.188766.xyz/?migutoken=eed64bed6957ac24ce2e4bb95be202a7&id=hk_fhhk&type=dy, From: subscribe, IPv_Type: ipv6, Location: 美国, ISP: CloudFlare Inc., Date: None, Delay: -1 ms, Speed: 0.00 M/s, Resolution: None
Name: 凤凰香港, URL: https://smart.pendy.dpdns.org/Smart.php?id=hkphoenix_twn, From: subscribe, IPv_Type: ipv6, Location: 美国, ISP: CloudFlare Inc., Date: None, Delay: -1 ms, Speed: 0.00 M/s, Resolution: None
Name: 凤凰香港, URL: https://cdn9.163189.xyz/smt3.1.1.php?id=hkphoenix_twn, From: subscribe, IPv_Type: ipv6, Location: 美国, ISP: CloudFlare Inc., Date: None, Delay: -1 ms, Speed: 0.00 M/s, Resolution: None
Name: 凤凰香港, URL: http://php.jdshipin.com:8880/TVOD/iptv.php?id=fhhk, From: subscribe, IPv_Type: ipv6, Location: 美国, ISP: CloudFlare Inc., Date: None, Delay: -1 ms, Speed: 0.00 M/s, Resolution: None
Name: 凤凰香港, URL: http://php.jdshipin.com:8880/smt.php?id=hkphoenix_twn, From: subscribe, IPv_Type: ipv6, Location: 美国, ISP: CloudFlare Inc., Date: None, Delay: -1 ms, Speed: 0.00 M/s, Resolution: None
Name: 凤凰香港, URL: http://php.jdshipin.com/PLTV/iptv.php?id=fhhk, From: subscribe, IPv_Type: ipv6, Location: 美国, ISP: CloudFlare Inc., Date: None, Delay: -1 ms, Speed: 0.00 M/s, Resolution: None
Name: 凤凰香港, URL: https://cdn6.101.qzz.io/163189/fhhk, From: subscribe, IPv_Type: ipv6, Location: 美国, ISP: CloudFlare Inc., Date: None, Delay: -1 ms, Speed: 0.00 M/s, Resolution: None
Name: 凤凰香港, URL: https://smt.1678520.xyz/smt3.2.1.php?id=hkphoenix_twn, From: subscribe, IPv_Type: ipv6, Location: 美国, ISP: CloudFlare Inc., Date: None, Delay: -1 ms, Speed: 0.00 M/s, Resolution: None
Name: 凤凰香港, URL: http://php.jdshipin.com/TVOD/iptv.php?id=fhhk2, From: subscribe, IPv_Type: ipv6, Location: 美国, ISP: CloudFlare Inc., Date: None, Delay: -1 ms, Speed: 0.00 M/s, Resolution: None
Name: 凤凰香港, URL: https://epg.pw/stream/8770e89223a086eb1b8a0c931e42296d772a8069ad3eb72540e0c434e7cb3e93.m3u8, From: subscribe, IPv_Type: ipv6, Location: 美国, ISP: CloudFlare Inc., Date: None, Delay: -1 ms, Speed: 0.00 M/s, Resolution: None
Name: 凤凰香港, URL: https://stream1.freetv.fun/feng-huang-xiang-gang-5.ctv, From: subscribe, IPv_Type: ipv6, Location: 美国, ISP: CloudFlare Inc., Date: None, Delay: -1 ms, Speed: 0.00 M/s, Resolution: None
Name: 凤凰香港, URL: http://php.jdshipin.com:8880/TVOD/iptv.php?id=fhhk2, From: subscribe, IPv_Type: ipv6, Location: 美国, ISP: CloudFlare Inc., Date: None, Delay: -1 ms, Speed: 0.00 M/s, Resolution: None
Name: 凤凰香港, URL: https://mgev.188766.xyz/?migutoken=0f215cbeea3647f7eef789db3f4782fb&id=fhhk&pp=1, From: subscribe, IPv_Type: ipv6, Location: 美国, ISP: CloudFlare Inc., Date: None, Delay: -1 ms, Speed: 0.00 M/s, Resolution: None
Name: 凤凰香港, URL: https://mgev.188766.xyz/?migutoken=54e16beaf4bb7c169d4306f6fbad4241&id=hk_fhhk&type=dy, From: subscribe, IPv_Type: ipv6, Location: 美国, ISP: CloudFlare Inc., Date: None, Delay: -1 ms, Speed: 0.00 M/s, Resolution: None
Name: 凤凰香港, URL: https://epg.pw/stream/5f16dc7fc8aaaed3205516c63e4a8c24bca9dbba1181684244729cf574505b0e.m3u8, From: subscribe, IPv_Type: ipv6, Location: 美国, ISP: CloudFlare Inc., Date: None, Delay: -1 ms, Speed: 0.00 M/s, Resolution: None
Name: 凤凰香港, URL: https://mgev.188766.xyz/?migutoken=e904c2cef5e20104771d2cff47f026be&id=fhhk&pp=1, From: subscribe, IPv_Type: ipv6, Location: 美国, ISP: CloudFlare Inc., Date: None, Delay: -1 ms, Speed: 0.00 M/s, Resolution: None
Name: 凤凰香港, URL: https://mgev.188766.xyz/?migutoken=0b2ceb8eacd1f9e8212c64e2b1abdec2&id=hk_fhhk&type=dy, From: subscribe, IPv_Type: ipv6, Location: 美国, ISP: CloudFlare Inc., Date: None, Delay: -1 ms, Speed: 0.00 M/s, Resolution: None
Name: 凤凰香港, URL: https://mgev.188766.xyz/?migutoken=9ed27a2752d7cb10b4413d37265fa9bf&id=fhhk&pp=1, From: subscribe, IPv_Type: ipv6, Location: 美国, ISP: CloudFlare Inc., Date: None, Delay: -1 ms, Speed: 0.00 M/s, Resolution: None
Name: 凤凰香港, URL: https://mgev.188766.xyz/?migutoken=230b7c357e590476cbc6a5207988bb1f&id=hk_fhhk&type=dy, From: subscribe, IPv_Type: ipv6, Location: 美国, ISP: CloudFlare Inc., Date: None, Delay: -1 ms, Speed: 0.00 M/s, Resolution: None
Name: 凤凰香港, URL: http://smt.veryfast.filegear-sg.me/smt3.2.1.php?id=hkphoenix_twn, From: subscribe, IPv_Type: ipv6, Location: 新加坡, ISP: Aceville Pte.Ltd., Date: None, Delay: -1 ms, Speed: 0.00 M/s, Resolution: None
Name: 凤凰香港, URL: https://mgev.188766.xyz/?migutoken=27e2be9d8909d507591ca809c6e83c2a&id=fhhk&pp=1, From: subscribe, IPv_Type: ipv6, Location: 美国, ISP: CloudFlare Inc., Date: None, Delay: -1 ms, Speed: 0.00 M/s, Resolution: None
Name: 凤凰香港, URL: https://mgev.188766.xyz/?migutoken=e83eae9be4038edfddf1c5f561510103&id=hk_fhhk&type=dy, From: subscribe, IPv_Type: ipv6, Location: 美国, ISP: CloudFlare Inc., Date: None, Delay: -1 ms, Speed: 0.00 M/s, Resolution: None
Name: 凤凰香港, URL: https://mgev.188766.xyz/?migutoken=28b75bdb146c5e6560a51d7e59a130a9&id=fhhk&pp=1, From: subscribe, IPv_Type: ipv6, Location: 美国, ISP: CloudFlare Inc., Date: None, Delay: -1 ms, Speed: 0.00 M/s, Resolution: None
Name: 凤凰香港, URL: https://mgev.188766.xyz/?migutoken=cd7941657c14f7cc0ab666c54f13ffe1&id=hk_fhhk&type=dy, From: subscribe, IPv_Type: ipv6, Location: 美国, ISP: CloudFlare Inc., Date: None, Delay: -1 ms, Speed: 0.00 M/s, Resolution: None
Name: 凤凰香港, URL: https://mgev.188766.xyz/?migutoken=6137f680501835369cef41785d94d0be&id=fhhk&pp=1, From: subscribe, IPv_Type: ipv6, Location: 美国, ISP: CloudFlare Inc., Date: None, Delay: -1 ms, Speed: 0.00 M/s, Resolution: None
Name: 凤凰香港, URL: https://mgev.188766.xyz/?migutoken=db21666235225e20cb7c32d906f84c47&id=hk_fhhk&type=dy, From: subscribe, IPv_Type: ipv6, Location: 美国, ISP: CloudFlare Inc., Date: None, Delay: -1 ms, Speed: 0.00 M/s, Resolution: None
Name: 凤凰香港, URL: https://mgev.188766.xyz/?migutoken=89bb7a64d82c1c5dea172ab39eaf207d&id=fhhk&pp=1, From: subscribe, IPv_Type: ipv6, Location: 美国, ISP: CloudFlare Inc., Date: None, Delay: -1 ms, Speed: 0.00 M/s, Resolution: None
Name: 凤凰香港, URL: https://mgev.188766.xyz/?migutoken=093a5c14126da1509cc52f9327ed7226&id=hk_fhhk&type=dy, From: subscribe, IPv_Type: ipv6, Location: 美国, ISP: CloudFlare Inc., Date: None, Delay: -1 ms, Speed: 0.00 M/s, Resolution: None
Name: 凤凰香港, URL: https://mgev.188766.xyz/?migutoken=150292ff28161f0f8510dfc4f8c7309f&id=fhhk&pp=1, From: subscribe, IPv_Type: ipv6, Location: 美国, ISP: CloudFlare Inc., Date: None, Delay: -1 ms, Speed: 0.00 M/s, Resolution: None
Name: 凤凰香港, URL: https://mgev.188766.xyz/?migutoken=54e504258ea357f208b473a9066bd7f2&id=hk_fhhk&type=dy, From: subscribe, IPv_Type: ipv6, Location: 美国, ISP: CloudFlare Inc., Date: None, Delay: -1 ms, Speed: 0.00 M/s, Resolution: None
Name: 凤凰香港, URL: https://mgev.188766.xyz/?migutoken=792e22ea1088c6cbd787f7606e7f7f0f&id=fhhk&pp=1, From: subscribe, IPv_Type: ipv6, Location: 美国, ISP: CloudFlare Inc., Date: None, Delay: -1 ms, Speed: 0.00 M/s, Resolution: None
Name: 凤凰香港, URL: https://mgev.188766.xyz/?migutoken=6896ca5fef10e305f6ed6d7ddb8967bd&id=hk_fhhk&type=dy, From: subscribe, IPv_Type: ipv6, Location: 美国, ISP: CloudFlare Inc., Date: None, Delay: -1 ms, Speed: 0.00 M/s, Resolution: None
Name: 凤凰香港, URL: https://mgev.188766.xyz/?migutoken=6f330e1e596901a1ae74667187e17c10&id=fhhk&pp=1, From: subscribe, IPv_Type: ipv6, Location: 美国, ISP: CloudFlare Inc., Date: None, Delay: -1 ms, Speed: 0.00 M/s, Resolution: None
Name: 凤凰香港, URL: https://mgev.188766.xyz/?migutoken=27e1357a5e200c41b589f285009128d0&id=hk_fhhk&type=dy, From: subscribe, IPv_Type: ipv6, Location: 美国, ISP: CloudFlare Inc., Date: None, Delay: -1 ms, Speed: 0.00 M/s, Resolution: None
Name: 凤凰香港, URL: https://migu.188766.xyz/?migutoken=cbf8f4f16f7ccdc07d7ccd8f9b012692&id=fhhk&pp=1, From: subscribe, IPv_Type: ipv6, Location: 美国, ISP: CloudFlare Inc., Date: None, Delay: -1 ms, Speed: 0.00 M/s, Resolution: None
Name: 凤凰香港, URL: http://k.061899.xyz/k.php?id=fhhk, From: subscribe, IPv_Type: ipv6, Location: 新加坡, ISP: Aceville Pte.Ltd., Date: None, Delay: -1 ms, Speed: 0.00 M/s, Resolution: None
Name: 凤凰香港, URL: https://mgev.188766.xyz/?migutoken=8035a56329080b77893b7b8938ffe4c7&id=fhhk&pp=1, From: subscribe, IPv_Type: ipv6, Location: 美国, ISP: CloudFlare Inc., Date: None, Delay: -1 ms, Speed: 0.00 M/s, Resolution: None
Name: 凤凰香港, URL: https://mgev.188766.xyz/?migutoken=be19b5e9591172f4661c81e715438c42&id=hk_fhhk&type=dy, From: subscribe, IPv_Type: ipv6, Location: 美国, ISP: CloudFlare Inc., Date: None, Delay: -1 ms, Speed: 0.00 M/s, Resolution: None
Name: 凤凰香港, URL: https://mgev.188766.xyz/?migutoken=7e6ac4f647397639a0b7d7ca69716b02&id=fhhk&pp=1, From: subscribe, IPv_Type: ipv6, Location: 美国, ISP: CloudFlare Inc., Date: None, Delay: -1 ms, Speed: 0.00 M/s, Resolution: None
Name: 凤凰香港, URL: https://mgev.188766.xyz/?migutoken=0b61cef4ab2c8c5e440c217551687732&id=hk_fhhk&type=dy, From: subscribe, IPv_Type: ipv6, Location: 美国, ISP: CloudFlare Inc., Date: None, Delay: -1 ms, Speed: 0.00 M/s, Resolution: None
Name: 凤凰香港, URL: https://mgev.188766.xyz/?migutoken=45cc07f63fabff94c7c3343527b1638b&id=fhhk&pp=1, From: subscribe, IPv_Type: ipv6, Location: 美国, ISP: CloudFlare Inc., Date: None, Delay: -1 ms, Speed: 0.00 M/s, Resolution: None
Name: 凤凰香港, URL: https://mgev.188766.xyz/?migutoken=940e91f840e50dfb138e47ac6e65b648&id=hk_fhhk&type=dy, From: subscribe, IPv_Type: ipv6, Location: 美国, ISP: CloudFlare Inc., Date: None, Delay: -1 ms, Speed: 0.00 M/s, Resolution: None
Name: 凤凰香港, URL: https://mgev.188766.xyz/?migutoken=ae1025f9bb1e8dd86c95ee566e782fd1&id=fhhk&pp=1, From: subscribe, IPv_Type: ipv6, Location: 美国, ISP: CloudFlare Inc., Date: None, Delay: -1 ms, Speed: 0.00 M/s, Resolution: None
Name: 凤凰香港, URL: https://mgev.188766.xyz/?migutoken=0db6e88bb949b16a454ee05a5d869708&id=hk_fhhk&type=dy, From: subscribe, IPv_Type: ipv6, Location: 美国, ISP: CloudFlare Inc., Date: None, Delay: -1 ms, Speed: 0.00 M/s, Resolution: None
Name: 凤凰香港, URL: https://mgev.188766.xyz/?migutoken=c346e7a2cf120020b90d4f1714d36b18&id=fhhk&pp=1, From: subscribe, IPv_Type: ipv6, Location: 美国, ISP: CloudFlare Inc., Date: None, Delay: -1 ms, Speed: 0.00 M/s, Resolution: None
Name: 凤凰香港, URL: https://mgev.188766.xyz/?migutoken=a78c55ba03149409afb46f2f1b881c0f&id=hk_fhhk&type=dy, From: subscribe, IPv_Type: ipv6, Location: 美国, ISP: CloudFlare Inc., Date: None, Delay: -1 ms, Speed: 0.00 M/s, Resolution: None
Name: 凤凰香港, URL: https://mgev.188766.xyz/?migutoken=40fa6c0ba9aebd84e02b7a2c1730f455&id=fhhk&pp=1, From: subscribe, IPv_Type: ipv6, Location: 美国, ISP: CloudFlare Inc., Date: None, Delay: -1 ms, Speed: 0.00 M/s, Resolution: None
Name: 凤凰香港, URL: https://mgev.188766.xyz/?migutoken=5e6e1e853d723afa1717151061309e04&id=hk_fhhk&type=dy, From: subscribe, IPv_Type: ipv6, Location: 美国, ISP: CloudFlare Inc., Date: None, Delay: -1 ms, Speed: 0.00 M/s, Resolution: None
Name: 凤凰香港, URL: https://mgev.188766.xyz/?migutoken=57652e836fcb46688c48da3eb0bfe579&id=fhhk&pp=1, From: subscribe, IPv_Type: ipv6, Location: 美国, ISP: CloudFlare Inc., Date: None, Delay: -1 ms, Speed: 0.00 M/s, Resolution: None
Name: 凤凰香港, URL: https://mgev.188766.xyz/?migutoken=6073de5b39d67da721b5f423cbba62d6&id=hk_fhhk&type=dy, From: subscribe, IPv_Type: ipv6, Location: 美国, ISP: CloudFlare Inc., Date: None, Delay: -1 ms, Speed: 0.00 M/s, Resolution: None
Name: 凤凰香港, URL: https://mgev.188766.xyz/?migutoken=6663da0bb2a813b108dbc14c575be154&id=fhhk&pp=1, From: subscribe, IPv_Type: ipv6, Location: 美国, ISP: CloudFlare Inc., Date: None, Delay: -1 ms, Speed: 0.00 M/s, Resolution: None
Name: 凤凰香港, URL: https://mgev.188766.xyz/?migutoken=820794241984053a29a4848e0e220a96&id=hk_fhhk&type=dy, From: subscribe, IPv_Type: ipv6, Location: 美国, ISP: CloudFlare Inc., Date: None, Delay: -1 ms, Speed: 0.00 M/s, Resolution: None
Name: 凤凰香港, URL: https://mgev.188766.xyz/?migutoken=fc0d639e3b6a2e99979da1c8698cfb90&id=fhhk&pp=1, From: subscribe, IPv_Type: ipv6, Location: 美国, ISP: CloudFlare Inc., Date: None, Delay: -1 ms, Speed: 0.00 M/s, Resolution: None
Name: 凤凰香港, URL: https://mgev.188766.xyz/?migutoken=b93b8ad2def6de61f60a012b2ef9cf88&id=hk_fhhk&type=dy, From: subscribe, IPv_Type: ipv6, Location: 美国, ISP: CloudFlare Inc., Date: None, Delay: -1 ms, Speed: 0.00 M/s, Resolution: None
Name: 凤凰香港, URL: https://mgev.188766.xyz/?migutoken=20caec526398afec73103d2cf03a7fd9&id=fhhk&pp=1, From: subscribe, IPv_Type: ipv6, Location: 美国, ISP: CloudFlare Inc., Date: None, Delay: -1 ms, Speed: 0.00 M/s, Resolution: None
Name: 凤凰香港, URL: https://mgev.188766.xyz/?migutoken=872901c5d9ada9c9a5b2f1d2e73483a5&id=hk_fhhk&type=dy, From: subscribe, IPv_Type: ipv6, Location: 美国, ISP: CloudFlare Inc., Date: None, Delay: -1 ms, Speed: 0.00 M/s, Resolution: None
Name: 凤凰香港, URL: https://mgev.188766.xyz/?migutoken=67c8ec5a512f7ad57ab6388358c0a371&id=fhhk&pp=1, From: subscribe, IPv_Type: ipv6, Location: 美国, ISP: CloudFlare Inc., Date: None, Delay: -1 ms, Speed: 0.00 M/s, Resolution: None
Name: 凤凰香港, URL: https://mgev.188766.xyz/?migutoken=d4e30a44ae785ea5dbe579bf64234fd0&id=hk_fhhk&type=dy, From: subscribe, IPv_Type: ipv6, Location: 美国, ISP: CloudFlare Inc., Date: None, Delay: -1 ms, Speed: 0.00 M/s, Resolution: None
Name: 凤凰香港, URL: https://mgev.188766.xyz/?migutoken=2413d70f719705507c786167881b041a&id=fhhk&pp=1, From: subscribe, IPv_Type: ipv6, Location: 美国, ISP: CloudFlare Inc., Date: None, Delay: -1 ms, Speed: 0.00 M/s, Resolution: None
Name: 凤凰香港, URL: https://mgev.188766.xyz/?migutoken=61eb469bda1f0bec603e77830249cfa6&id=hk_fhhk&type=dy, From: subscribe, IPv_Type: ipv6, Location: 美国, ISP: CloudFlare Inc., Date: None, Delay: -1 ms, Speed: 0.00 M/s, Resolution: None
Name: 凤凰香港, URL: https://mgev.188766.xyz/?migutoken=c2867f3a25dce97e7fc252fe0579111c&id=fhhk&pp=1, From: subscribe, IPv_Type: ipv6, Location: 美国, ISP: CloudFlare Inc., Date: None, Delay: -1 ms, Speed: 0.00 M/s, Resolution: None
Name: 凤凰香港, URL: https://mgev.188766.xyz/?migutoken=f5ab597ba867882faf11c34fc6a975cf&id=hk_fhhk&type=dy, From: subscribe, IPv_Type: ipv6, Location: 美国, ISP: CloudFlare Inc., Date: None, Delay: -1 ms, Speed: 0.00 M/s, Resolution: None
Name: 凤凰香港, URL: https://mgev.188766.xyz/?migutoken=598deffc7b4e588249acd54e78408f32&id=fhhk&pp=1, From: subscribe, IPv_Type: ipv6, Location: 美国, ISP: CloudFlare Inc., Date: None, Delay: -1 ms, Speed: 0.00 M/s, Resolution: None
Name: 凤凰香港, URL: https://mgev.188766.xyz/?migutoken=f18284fb93ad69466365897d44afd1d4&id=hk_fhhk&type=dy, From: subscribe, IPv_Type: ipv6, Location: 美国, ISP: CloudFlare Inc., Date: None, Delay: -1 ms, Speed: 0.00 M/s, Resolution: None
Name: 凤凰香港, URL: https://mgev.188766.xyz/?migutoken=13964c5744326d8664fde2bc880c5ebd&id=fhhk&pp=1, From: subscribe, IPv_Type: ipv6, Location: 美国, ISP: CloudFlare Inc., Date: None, Delay: -1 ms, Speed: 0.00 M/s, Resolution: None
Name: 凤凰香港, URL: https://mgev.188766.xyz/?migutoken=109601d1ff9615591f05cafbd021417e&id=hk_fhhk&type=dy, From: subscribe, IPv_Type: ipv6, Location: 美国, ISP: CloudFlare Inc., Date: None, Delay: -1 ms, Speed: 0.00 M/s, Resolution: None
Name: 凤凰香港, URL: https://mgev.188766.xyz/?migutoken=f1da2ff38dc2ac305569c0dec67791f3&id=fhhk&pp=1, From: subscribe, IPv_Type: ipv6, Location: 美国, ISP: CloudFlare Inc., Date: None, Delay: -1 ms, Speed: 0.00 M/s, Resolution: None
Name: 凤凰香港, URL: https://mgev.188766.xyz/?migutoken=9c10c917430fb6f3fdd73644e62d05e4&id=hk_fhhk&type=dy, From: subscribe, IPv_Type: ipv6, Location: 美国, ISP: CloudFlare Inc., Date: None, Delay: -1 ms, Speed: 0.00 M/s, Resolution: None
Name: 凤凰香港, URL: https://mgev.188766.xyz/?migutoken=416bc86d1f5a2b9aba0bdc47be93e1aa&id=fhhk&pp=1, From: subscribe, IPv_Type: ipv6, Location: 美国, ISP: CloudFlare Inc., Date: None, Delay: -1 ms, Speed: 0.00 M/s, Resolution: None
Name: 凤凰香港, URL: https://mgev.188766.xyz/?migutoken=366f77fc90a20663fbabdd9c5f71a774&id=hk_fhhk&type=dy, From: subscribe, IPv_Type: ipv6, Location: 美国, ISP: CloudFlare Inc., Date: None, Delay: -1 ms, Speed: 0.00 M/s, Resolution: None
Name: 凤凰香港, URL: https://cdn.iptv8k.top/dl/jrys.php?id=18&time=20240926215313&ip=111.229.253.40, From: subscribe, IPv_Type: ipv4, Location: 美国, ISP: CloudFlare节点, Date: None, Delay: 26 ms, Speed: 11.81 M/s, Resolution: 1920x1080
Name: 凤凰卫视, URL: http://api.kkitv.itv888.vip:8080/streams/vny1wblsnch/index.m3u8, From: subscribe, IPv_Type: ipv6, Location: 美国, ISP: CloudFlare Inc., Date: None, Delay: -1 ms, Speed: 0.00 M/s, Resolution: None
Name: 凤凰卫视, URL: http://php.jdshipin.com:8880/smt.php?id=phoenixtv_hd, From: subscribe, IPv_Type: ipv6, Location: 美国, ISP: CloudFlare Inc., Date: None, Delay: -1 ms, Speed: 0.00 M/s, Resolution: None
Name: TVBS亚洲, URL: http://d2e1asnsl7br7b.cloudfront.net/7782e205e72f43aeb4a48ec97f66ebbe/index_5.m3u8?zshijd, From: subscribe, IPv_Type: ipv6, Location: 美国, ISP: Amazon, Date: None, Delay: -1 ms, Speed: 0.00 M/s, Resolution: None
Name: 香港卫视, URL: http://anren.live/HK/BSJDUFpB.m3u8, From: subscribe, IPv_Type: ipv6, Location: 德国, ISP: Hetzner Online GmbH, Date: None, Delay: -1 ms, Speed: 0.00 M/s, Resolution: None
Name: 香港卫视, URL: http://cctvtxyh5c.liveplay.myqcloud.com/cstv/xianggangweishi_2/index.m3u8, From: subscribe, IPv_Type: ipv6, Location: 中国, ISP: 中国联通, Date: None, Delay: -1 ms, Speed: 0.00 M/s, Resolution: None
Name: 香港卫视, URL: https://stream1.freetv.fun/5335c88a9a7d8b74173b491f480d4f94e8d3bd596af54478106aa2399e6c7917.ctv, From: subscribe, IPv_Type: ipv6, Location: 美国, ISP: CloudFlare Inc., Date: None, Delay: -1 ms, Speed: 0.00 M/s, Resolution: None
Name: 香港卫视, URL: https://stream1.freetv.fun/c751876ae5ceaa0d82b5cf2badc152342aa92a4b45bf504d12ee45966b2fc644.ctv, From: subscribe, IPv_Type: ipv6, Location: 美国, ISP: CloudFlare Inc., Date: None, Delay: -1 ms, Speed: 0.00 M/s, Resolution: None
Name: 香港卫视, URL: https://stream1.freetv.fun/5335c88a9a7d8b74173b491f480d4f94e8d3bd596af54478106aa2399e6c7917.m3u8, From: subscribe, IPv_Type: ipv6, Location: 美国, ISP: CloudFlare Inc., Date: None, Delay: -1 ms, Speed: 0.00 M/s, Resolution: None
Name: 香港卫视, URL: https://stream1.freetv.fun/ae7eaf28d8610cdc1651ef6a1f7dbb24b49c5a87627d0d881330afaea37a1616.m3u8, From: subscribe, IPv_Type: ipv6, Location: 美国, ISP: CloudFlare Inc., Date: None, Delay: -1 ms, Speed: 0.00 M/s, Resolution: None
Name: 香港卫视, URL: https://stream1.freetv.fun/xiang-gang-wei-shi-7.m3u8, From: subscribe, IPv_Type: ipv6, Location: 美国, ISP: CloudFlare Inc., Date: None, Delay: -1 ms, Speed: 0.00 M/s, Resolution: None
Name: 香港卫视, URL: https://stream1.freetv.fun/79e4d77e2f29a2ca7f7cabbbe2ee02d32a4f2f7fb91ae94d0fb9573c9f94b4ab.ctv, From: subscribe, IPv_Type: ipv6, Location: 美国, ISP: CloudFlare Inc., Date: None, Delay: -1 ms, Speed: 0.00 M/s, Resolution: None
Name: 香港卫视, URL: https://stream1.freetv.fun/xiang-gang-wei-shi-11.m3u8, From: subscribe, IPv_Type: ipv6, Location: 美国, ISP: CloudFlare Inc., Date: None, Delay: -1 ms, Speed: 0.00 M/s, Resolution: None
Name: 香港卫视, URL: https://stream1.freetv.fun/xiang-gang-wei-shi-13.m3u8, From: subscribe, IPv_Type: ipv6, Location: 美国, ISP: CloudFlare Inc., Date: None, Delay: -1 ms, Speed: 0.00 M/s, Resolution: None
Name: 香港卫视, URL: https://stream1.freetv.fun/xiang-gang-wei-shi-8.m3u8, From: subscribe, IPv_Type: ipv6, Location: 美国, ISP: CloudFlare Inc., Date: None, Delay: -1 ms, Speed: 0.00 M/s, Resolution: None
Name: 香港卫视, URL: http://webcast.hkstv.tv/livestream/mutfysrq/playlist.m3u8, From: subscribe, IPv_Type: ipv6, Location: 美国, ISP: , Date: None, Delay: -1 ms, Speed: 0.00 M/s, Resolution: None
Name: 纬来体育, URL: http://iptv.diyp.site/公众号【DIYP】.php?key=gat5&id=8d6457d1b6c00daea5b90e3c3cb2fde8, From: subscribe, IPv_Type: ipv6, Location: 美国, ISP: CloudFlare Inc., Date: None, Delay: -1 ms, Speed: 0.00 M/s, Resolution: None
Name: 纬来体育, URL: https://smart.pendy.dpdns.org/Smart.php?id=videolandsport, From: subscribe, IPv_Type: ipv6, Location: 美国, ISP: CloudFlare Inc., Date: None, Delay: -1 ms, Speed: 0.00 M/s, Resolution: None
Name: 纬来体育, URL: https://epg.pw/stream/8855a9936e37e608a0ec8a014cce1673dee9c5d68d560da376cc92e5edef2b25.m3u8, From: subscribe, IPv_Type: ipv6, Location: 美国, ISP: CloudFlare Inc., Date: None, Delay: -1 ms, Speed: 0.00 M/s, Resolution: None
Name: 纬来体育, URL: https://epg.pw/stream/ab6df63b64d0cc44a1f4f029ed847a26fa54a7aebd455578fb05a63f02c22f4b.m3u8, From: subscribe, IPv_Type: ipv6, Location: 美国, ISP: CloudFlare Inc., Date: None, Delay: -1 ms, Speed: 0.00 M/s, Resolution: None
Name: 纬来体育, URL: https://epg.pw/stream/4f18dfe0593db5c686eb64ae8edaf2a9202d4d46bdc9bbde2cee27708e12ea01.m3u8, From: subscribe, IPv_Type: ipv6, Location: 美国, ISP: CloudFlare Inc., Date: None, Delay: -1 ms, Speed: 0.00 M/s, Resolution: None
Name: 纬来体育, URL: https://hls-gateway.vpstv.net/streams/477026.m3u8, From: subscribe, IPv_Type: ipv6, Location: 美国, ISP: CloudFlare Inc., Date: None, Delay: -1 ms, Speed: 0.00 M/s, Resolution: None
Name: 纬来体育, URL: https://cdn.iptv8k.top/dl/jrys.php?id=291&time=20240926215313&ip=111.229.253.40, From: subscribe, IPv_Type: ipv4, Location: 美国, ISP: CloudFlare节点, Date: None, Delay: 23 ms, Speed: 13.17 M/s, Resolution: 1920x1080
Name: 纬来体育, URL: https://cdn.iptv8k.top/dl/jrys.php?id=292&time=20240926215313&ip=111.229.253.40, From: subscribe, IPv_Type: ipv4, Location: 美国, ISP: CloudFlare节点, Date: None, Delay: 24 ms, Speed: 12.93 M/s, Resolution: 1920x1080
Name: 纬来体育, URL: https://cdn.iptv8k.top/dl/jrys.php?id=292&amp;time=20240926215313&amp;ip=111.229.253.40, From: subscribe, IPv_Type: ipv4, Location: 美国, ISP: CloudFlare节点, Date: None, Delay: 26 ms, Speed: 11.78 M/s, Resolution: 1920x1080
Name: 纬来育乐, URL: http://iptv.diyp.site/公众号【DIYP】.php?key=gat5&id=b42811cf86d52427b10f21ae97d5693c, From: subscribe, IPv_Type: ipv6, Location: 美国, ISP: CloudFlare Inc., Date: None, Delay: -1 ms, Speed: 0.00 M/s, Resolution: None
Name: 纬来育乐, URL: https://hls-gateway.vpstv.net/streams/477081.m3u8, From: subscribe, IPv_Type: ipv6, Location: 美国, ISP: CloudFlare Inc., Date: None, Delay: -1 ms, Speed: 0.00 M/s, Resolution: None
Name: 纬来育乐, URL: https://smart.pendy.dpdns.org/Smart.php?id=videolandyule, From: subscribe, IPv_Type: ipv6, Location: 美国, ISP: CloudFlare Inc., Date: None, Delay: -1 ms, Speed: 0.00 M/s, Resolution: None
Name: 纬来育乐, URL: https://live.catvod.com/catvod_com.php?id=videolandmax&token=d6d84c2a31e9094a5478d5d376177e7859090faf183ada5b1cf997ccd5d9df5a%3A1758241876, From: subscribe, IPv_Type: ipv6, Location: 美国, ISP: CloudFlare Inc., Date: None, Delay: -1 ms, Speed: 0.00 M/s, Resolution: None
Name: 纬来育乐, URL: https://live.catvod.com/live.php?id=videolandyule&token=fe5d6c1a6329ce8ba25d86d34ce097a5e62e5c9607f3492bd98e2512fed69ebe%3A1760491003%3ANTIuMTUwLjI5Ljk4, From: subscribe, IPv_Type: ipv6, Location: 美国, ISP: CloudFlare Inc., Date: None, Delay: -1 ms, Speed: 0.00 M/s, Resolution: None
Name: 纬来育乐, URL: https://live.catvod.com/live.php?id=videolandyule&token=29d66f02bb445a2069a8f31cbb216cf3f2cbf9de61528e66d4c52126be7431e7%3A1761182302%3ANTIuMjM0LjQzLjE3Nw%3D%3D, From: subscribe, IPv_Type: ipv6, Location: 美国, ISP: CloudFlare Inc., Date: None, Delay: -1 ms, Speed: 0.00 M/s, Resolution: None
Name: 纬来育乐, URL: https://live.catvod.com/live.php?id=videolandyule&token=13816ef04b78d5335d687b59ecfb099066cc0ce5f95f41311cd479d8e9a899c7%3A1761268460%3AMTcyLjIwMC4xODMuMjQx, From: subscribe, IPv_Type: ipv6, Location: 美国, ISP: CloudFlare Inc., Date: None, Delay: -1 ms, Speed: 0.00 M/s, Resolution: None
Name: 纬来育乐, URL: https://live.catvod.com/live.php?id=videolandyule&token=bdbdf4f6c60a734f7d4e9d5df9b0560eda167e4ab02bb2ca0d69fc48d5976284%3A1761354848%3ANTIuMTYxLjQ1LjIyNA%3D%3D, From: subscribe, IPv_Type: ipv6, Location: 美国, ISP: CloudFlare Inc., Date: None, Delay: -1 ms, Speed: 0.00 M/s, Resolution: None
Name: 纬来育乐, URL: https://live.catvod.com/live.php?id=videolandyule&token=e36fcda3f4b7e8b5909afdfb1f84325efd61edc43f87499f92b5ce17f8583f78%3A1761441669%3ANDguMjExLjIxMC4xMTM%3D, From: subscribe, IPv_Type: ipv6, Location: 美国, ISP: CloudFlare Inc., Date: None, Delay: -1 ms, Speed: 0.00 M/s, Resolution: None
Name: 纬来育乐, URL: https://live.catvod.com/live.php?id=videolandyule, From: subscribe, IPv_Type: ipv6, Location: 美国, ISP: CloudFlare Inc., Date: None, Delay: -1 ms, Speed: 0.00 M/s, Resolution: None
Name: 纬来育乐, URL: http://free.cnlive.club/channel/581c988d.m3u8?q=111.170.171.148, From: subscribe, IPv_Type: ipv6, Location: 美国, ISP: CloudFlare Inc., Date: None, Delay: -1 ms, Speed: 0.00 M/s, Resolution: None
Name: 纬来育乐, URL: https://cdn.iptv8k.top/dl/jrys.php?id=289&time=20240926215313&ip=111.229.253.40, From: subscribe, IPv_Type: ipv4, Location: 美国, ISP: CloudFlare节点, Date: None, Delay: 24 ms, Speed: 12.75 M/s, Resolution: 1920x1080
Name: J2, URL: http://php.jdshipin.com:8880/PLTV/iptv.php?id=j2, From: subscribe, IPv_Type: ipv6, Location: 美国, ISP: CloudFlare Inc., Date: None, Delay: -1 ms, Speed: 0.00 M/s, Resolution: None
Name: J2, URL: http://api.kkitv.itv888.vip:8080/streams/48uxa7dlbga/index.m3u8, From: subscribe, IPv_Type: ipv6, Location: 美国, ISP: CloudFlare Inc., Date: None, Delay: -1 ms, Speed: 0.00 M/s, Resolution: None
Name: Viutv, URL: http://iptv.diyp.site/公众号【DIYP】.php?key=gat5&id=4f0dd8b20a195bdf2dcf5540f665ee0b, From: subscribe, IPv_Type: ipv6, Location: 美国, ISP: CloudFlare Inc., Date: None, Delay: -1 ms, Speed: 0.00 M/s, Resolution: None
Name: Viutv, URL: http://php.jdshipin.com:8880/PLTV/iptv.php?id=viutv, From: subscribe, IPv_Type: ipv6, Location: 美国, ISP: CloudFlare Inc., Date: None, Delay: -1 ms, Speed: 0.00 M/s, Resolution: None
Name: Viutv, URL: https://cdn.iptv8k.top/dl/jrys.php?id=78&time=20240926215313&ip=111.229.253.40, From: subscribe, IPv_Type: ipv4, Location: 美国, ISP: CloudFlare节点, Date: None, Delay: 28 ms, Speed: 10.94 M/s, Resolution: 1920x1080
Name: 三立台湾, URL: https://stream1.freetv.fun/san-li-tai-wan-1.ctv, From: subscribe, IPv_Type: ipv6, Location: 美国, ISP: CloudFlare Inc., Date: None, Delay: -1 ms, Speed: 0.00 M/s, Resolution: None
Name: 三立台湾, URL: https://cdn.iptv8k.top/dl/jrys.php?id=269&time=20240926215313&ip=111.229.253.40, From: subscribe, IPv_Type: ipv4, Location: 美国, ISP: CloudFlare节点, Date: None, Delay: 26 ms, Speed: 11.99 M/s, Resolution: 1920x1080
Name: 三立新闻, URL: http://iptv.diyp.site/公众号【DIYP】.php?key=gat5&id=db8e1e5ca873263badcb5fe80cf52d5f, From: subscribe, IPv_Type: ipv6, Location: 美国, ISP: CloudFlare Inc., Date: None, Delay: -1 ms, Speed: 0.00 M/s, Resolution: None
Name: 三立新闻, URL: https://stream1.freetv.fun/san-li-xin-wen-4.m3u8, From: subscribe, IPv_Type: ipv6, Location: 美国, ISP: CloudFlare Inc., Date: None, Delay: -1 ms, Speed: 0.00 M/s, Resolution: None
Name: 三立新闻, URL: https://hls-gateway.vpstv.net/streams/492922.m3u8, From: subscribe, IPv_Type: ipv6, Location: 美国, ISP: CloudFlare Inc., Date: None, Delay: -1 ms, Speed: 0.00 M/s, Resolution: None
Name: 三立新闻, URL: https://stream1.freetv.fun/san-li-xin-wen-3.m3u8, From: subscribe, IPv_Type: ipv6, Location: 美国, ISP: CloudFlare Inc., Date: None, Delay: -1 ms, Speed: 0.00 M/s, Resolution: None
Name: 三立新闻, URL: https://stream1.freetv.fun/san-li-xin-wen-5.ctv, From: subscribe, IPv_Type: ipv6, Location: 美国, ISP: CloudFlare Inc., Date: None, Delay: -1 ms, Speed: 0.00 M/s, Resolution: None
Name: 三立新闻, URL: https://raw.githubusercontent.com/ChiSheng9/iptv/master/TV32.m3u8, From: subscribe, IPv_Type: ipv6, Location: 美国, ISP: , Date: None, Delay: -1 ms, Speed: 0.00 M/s, Resolution: None
Name: 三立新闻, URL: https://tv.iill.top/4gtv/229, From: subscribe, IPv_Type: ipv6, Location: 美国, ISP: CloudFlare Inc., Date: None, Delay: -1 ms, Speed: 0.00 M/s, Resolution: None
Name: 三立新闻, URL: https://epg.pw/stream/6b49e3faa38adda85abab446f032dc1e686baa0760a9cfa66e2df8fd6fe3b445.m3u8, From: subscribe, IPv_Type: ipv6, Location: 美国, ISP: CloudFlare Inc., Date: None, Delay: -1 ms, Speed: 0.00 M/s, Resolution: None
Name: 三立新闻, URL: https://stream1.freetv.fun/san-li-xin-wen-6.ctv, From: subscribe, IPv_Type: ipv6, Location: 美国, ISP: CloudFlare Inc., Date: None, Delay: -1 ms, Speed: 0.00 M/s, Resolution: None
Name: 三立新闻, URL: https://cdn.iptv8k.top/dl/jrys.php?id=273&time=20240926215313&ip=111.229.253.40, From: subscribe, IPv_Type: ipv4, Location: 美国, ISP: CloudFlare节点, Date: None, Delay: 31 ms, Speed: 10.08 M/s, Resolution: 1920x1080
Name: 东森综合, URL: https://hls-gateway.vpstv.net/streams/476987.m3u8, From: subscribe, IPv_Type: ipv6, Location: 美国, ISP: CloudFlare Inc., Date: None, Delay: -1 ms, Speed: 0.00 M/s, Resolution: None
Name: 东森综合, URL: https://cdn.iptv8k.top/dl/jrys.php?id=221&time=20240926215313&ip=111.229.253.40, From: subscribe, IPv_Type: ipv4, Location: 美国, ISP: CloudFlare节点, Date: None, Delay: 26 ms, Speed: 11.64 M/s, Resolution: 1920x1080
Name: 东森综合, URL: https://cdn.iptv8k.top/dl/jrys.php?id=220&time=20240926215313&ip=111.229.253.40, From: subscribe, IPv_Type: ipv4, Location: 美国, ISP: CloudFlare节点, Date: None, Delay: 36 ms, Speed: 8.63 M/s, Resolution: 1920x1080
Name: 东森超视, URL: http://iptv.diyp.site/公众号【DIYP】.php?key=gat5&id=163e6c3e3bd21f2beb6af46d4b6b9353, From: subscribe, IPv_Type: ipv6, Location: 美国, ISP: CloudFlare Inc., Date: None, Delay: -1 ms, Speed: 0.00 M/s, Resolution: None
Name: 东森超视, URL: https://stream1.freetv.fun/dong-sen-chao-shi-4.m3u8, From: subscribe, IPv_Type: ipv6, Location: 美国, ISP: CloudFlare Inc., Date: None, Delay: -1 ms, Speed: 0.00 M/s, Resolution: None
Name: 东森超视, URL: https://smart.pendy.dpdns.org/Smart.php?id=ettvsuper, From: subscribe, IPv_Type: ipv6, Location: 美国, ISP: CloudFlare Inc., Date: None, Delay: -1 ms, Speed: 0.00 M/s, Resolution: None
Name: 东森超视, URL: https://stream1.freetv.fun/dong-sen-chao-shi-2.m3u8, From: subscribe, IPv_Type: ipv6, Location: 美国, ISP: CloudFlare Inc., Date: None, Delay: -1 ms, Speed: 0.00 M/s, Resolution: None
Name: 东森超视, URL: https://stream1.freetv.fun/dong-sen-chao-shi-7.ctv, From: subscribe, IPv_Type: ipv6, Location: 美国, ISP: CloudFlare Inc., Date: None, Delay: -1 ms, Speed: 0.00 M/s, Resolution: None
Name: 东森超视, URL: https://stream1.freetv.fun/dong-sen-chao-shi-8.m3u8, From: subscribe, IPv_Type: ipv6, Location: 美国, ISP: CloudFlare Inc., Date: None, Delay: -1 ms, Speed: 0.00 M/s, Resolution: None
Name: 东森超视, URL: https://stream1.freetv.fun/dong-sen-chao-shi-9.m3u8, From: subscribe, IPv_Type: ipv6, Location: 美国, ISP: CloudFlare Inc., Date: None, Delay: -1 ms, Speed: 0.00 M/s, Resolution: None
Name: 东森超视, URL: https://stream1.freetv.fun/dong-sen-chao-shi-8.ctv, From: subscribe, IPv_Type: ipv6, Location: 美国, ISP: CloudFlare Inc., Date: None, Delay: -1 ms, Speed: 0.00 M/s, Resolution: None
Name: 东森超视, URL: https://hls-gateway.vpstv.net/streams/476234.m3u8, From: subscribe, IPv_Type: ipv6, Location: 美国, ISP: CloudFlare Inc., Date: None, Delay: -1 ms, Speed: 0.00 M/s, Resolution: None
Name: 东森超视, URL: https://stream1.freetv.fun/dong-sen-chao-shi-2.ctv, From: subscribe, IPv_Type: ipv6, Location: 美国, ISP: CloudFlare Inc., Date: None, Delay: -1 ms, Speed: 0.00 M/s, Resolution: None
Name: 东森超视, URL: https://stream1.freetv.fun/dong-sen-chao-shi-6.ctv, From: subscribe, IPv_Type: ipv6, Location: 美国, ISP: CloudFlare Inc., Date: None, Delay: -1 ms, Speed: 0.00 M/s, Resolution: None
Name: 东森超视, URL: https://cdn.iptv8k.top/dl/jrys.php?id=217&time=20240926215313&ip=111.229.253.40, From: subscribe, IPv_Type: ipv4, Location: 美国, ISP: CloudFlare节点, Date: None, Delay: 24 ms, Speed: 13.10 M/s, Resolution: 1920x1080
Name: 东森超视, URL: https://cdn.iptv8k.top/dl/jrys.php?id=216&time=20240926215313&ip=111.229.253.40#rtmp://f13h.mine.nu/sat/tv331#rtmp://f13h.mine.nu/sat/tv331, From: subscribe, IPv_Type: ipv4, Location: 美国, ISP: CloudFlare节点, Date: None, Delay: 24 ms, Speed: 12.89 M/s, Resolution: 1920x1080
Name: 东森超视, URL: https://cdn.iptv8k.top/dl/jrys.php?id=216&time=20240926215313&ip=111.229.253.40, From: subscribe, IPv_Type: ipv4, Location: 美国, ISP: CloudFlare节点, Date: None, Delay: 26 ms, Speed: 11.85 M/s, Resolution: 1920x1080
Name: 东森电影, URL: http://iptv.diyp.site/公众号【DIYP】关注一下啊.php?key=gat2&id=11, From: subscribe, IPv_Type: ipv6, Location: 美国, ISP: CloudFlare Inc., Date: None, Delay: -1 ms, Speed: 0.00 M/s, Resolution: None
Name: 东森电影, URL: https://hls-gateway.vpstv.net/streams/476995.m3u8, From: subscribe, IPv_Type: ipv6, Location: 美国, ISP: CloudFlare Inc., Date: None, Delay: -1 ms, Speed: 0.00 M/s, Resolution: None
Name: 东森电影, URL: https://stream1.freetv.fun/dong-sen-dian-ying-8.ctv, From: subscribe, IPv_Type: ipv6, Location: 美国, ISP: CloudFlare Inc., Date: None, Delay: -1 ms, Speed: 0.00 M/s, Resolution: None
Name: 东森电影, URL: https://cdn.iptv8k.top/dl/jrys.php?id=231&time=20240926215313&ip=111.229.253.40, From: subscribe, IPv_Type: ipv4, Location: 美国, ISP: CloudFlare节点, Date: None, Delay: 27 ms, Speed: 11.31 M/s, Resolution: 1920x1080
Name: Now剧集, URL: http://pullpackage.alivecdn.com/live/B9AKX0X3gSWZVv91H6UZDdsYyM8Fie9HvmJFzg3XN8JiR27kog.flv, From: subscribe, IPv_Type: ipv4, Location: 美国-加利福尼亚州-洛杉矶, ISP: Level3, Date: None, Delay: 381 ms, Speed: 0.00 M/s, Resolution: None
Name: Now华剧, URL: http://iptv.4666888.xyz/iptv2A.php?id=84, From: subscribe, IPv_Type: ipv4, Location: 中国-香港, ISP: AS979_Net, Date: None, Delay: 495 ms, Speed: 1.19 M/s, Resolution: 720x728
Name: 靖天资讯, URL: https://hls-gateway.vpstv.net/streams/476258.m3u8, From: subscribe, IPv_Type: ipv6, Location: 美国, ISP: CloudFlare Inc., Date: None, Delay: -1 ms, Speed: 0.00 M/s, Resolution: None
Name: 靖天资讯, URL: https://stream1.freetv.fun/jing-tian-zi-xun-2.ctv, From: subscribe, IPv_Type: ipv6, Location: 美国, ISP: CloudFlare Inc., Date: None, Delay: -1 ms, Speed: 0.00 M/s, Resolution: None
Name: 靖天资讯, URL: http://breezy-audrie-zspace-7524863c.koyeb.app/vipsir?token=leifeng&id=4gtv-4gtv065, From: subscribe, IPv_Type: ipv6, Location: 美国, ISP: CloudFlare Inc., Date: None, Delay: -1 ms, Speed: 0.00 M/s, Resolution: None
Name: 靖天资讯, URL: https://mao.ffmking888.dpdns.org/?id=6Z2W5aSp6LOH6KiK5Yaw&auth=30234cedf871581989d3c91a3daec1e9f50e024aafcfa2247e7d44d91bb8d02fbc3f571b2d67f9d82642cc1d0f133d89, From: subscribe, IPv_Type: ipv6, Location: 美国, ISP: CloudFlare Inc., Date: None, Delay: -1 ms, Speed: 0.00 M/s, Resolution: None
Name: 靖天资讯, URL: https://tmxk.pp.ua/litv.php?token=tmxk&id=4gtv-4gtv065, From: subscribe, IPv_Type: ipv6, Location: 美国, ISP: Oracle Corporation, Date: None, Delay: -1 ms, Speed: 0.00 M/s, Resolution: None
Name: 靖天资讯, URL: https://stream1.freetv.fun/jing-tian-zi-xun-1.m3u8, From: subscribe, IPv_Type: ipv6, Location: 美国, ISP: CloudFlare Inc., Date: None, Delay: -1 ms, Speed: 0.00 M/s, Resolution: None
Name: 靖天资讯, URL: https://stream1.freetv.fun/jing-tian-zi-xun-2.m3u8, From: subscribe, IPv_Type: ipv6, Location: 美国, ISP: CloudFlare Inc., Date: None, Delay: -1 ms, Speed: 0.00 M/s, Resolution: None
Name: 靖天资讯, URL: https://stream1.freetv.fun/jing-tian-zi-xun-3.m3u8, From: subscribe, IPv_Type: ipv6, Location: 美国, ISP: CloudFlare Inc., Date: None, Delay: -1 ms, Speed: 0.00 M/s, Resolution: None
Name: 靖天资讯, URL: https://stream1.freetv.fun/jing-tian-zi-xun-10.m3u8, From: subscribe, IPv_Type: ipv6, Location: 美国, ISP: CloudFlare Inc., Date: None, Delay: -1 ms, Speed: 0.00 M/s, Resolution: None
Name: 靖天资讯, URL: https://stream1.freetv.fun/jing-tian-zi-xun-12.m3u8, From: subscribe, IPv_Type: ipv6, Location: 美国, ISP: CloudFlare Inc., Date: None, Delay: -1 ms, Speed: 0.00 M/s, Resolution: None
Name: 靖天资讯, URL: https://stream1.freetv.fun/jing-tian-zi-xun-13.m3u8, From: subscribe, IPv_Type: ipv6, Location: 美国, ISP: CloudFlare Inc., Date: None, Delay: -1 ms, Speed: 0.00 M/s, Resolution: None
Name: 靖天资讯, URL: https://stream1.freetv.fun/jing-tian-zi-xun-14.m3u8, From: subscribe, IPv_Type: ipv6, Location: 美国, ISP: CloudFlare Inc., Date: None, Delay: -1 ms, Speed: 0.00 M/s, Resolution: None
Name: 靖天资讯, URL: https://stream1.freetv.fun/jing-tian-zi-xun-15.m3u8, From: subscribe, IPv_Type: ipv6, Location: 美国, ISP: CloudFlare Inc., Date: None, Delay: -1 ms, Speed: 0.00 M/s, Resolution: None
Name: 靖天资讯, URL: https://stream1.freetv.fun/jing-tian-zi-xun-5.m3u8, From: subscribe, IPv_Type: ipv6, Location: 美国, ISP: CloudFlare Inc., Date: None, Delay: -1 ms, Speed: 0.00 M/s, Resolution: None
Name: 靖天资讯, URL: https://stream1.freetv.fun/jing-tian-zi-xun-6.m3u8, From: subscribe, IPv_Type: ipv6, Location: 美国, ISP: CloudFlare Inc., Date: None, Delay: -1 ms, Speed: 0.00 M/s, Resolution: None
Name: 靖天资讯, URL: https://stream1.freetv.fun/jing-tian-zi-xun-7.m3u8, From: subscribe, IPv_Type: ipv6, Location: 美国, ISP: CloudFlare Inc., Date: None, Delay: -1 ms, Speed: 0.00 M/s, Resolution: None
Name: 靖天资讯, URL: https://stream1.freetv.fun/jing-tian-zi-xun-8.m3u8, From: subscribe, IPv_Type: ipv6, Location: 美国, ISP: CloudFlare Inc., Date: None, Delay: -1 ms, Speed: 0.00 M/s, Resolution: None
Name: 靖天资讯, URL: https://stream1.freetv.fun/jing-tian-zi-xun-9.m3u8, From: subscribe, IPv_Type: ipv6, Location: 美国, ISP: CloudFlare Inc., Date: None, Delay: -1 ms, Speed: 0.00 M/s, Resolution: None
Name: 靖天资讯, URL: https://t.freetv.fun/live/jing-tian-zi-xun-10.m3u8, From: subscribe, IPv_Type: ipv6, Location: 美国, ISP: CloudFlare Inc., Date: None, Delay: -1 ms, Speed: 0.00 M/s, Resolution: None
Name: 靖天资讯, URL: https://t.freetv.fun/live/jing-tian-zi-xun-11.m3u8, From: subscribe, IPv_Type: ipv6, Location: 美国, ISP: CloudFlare Inc., Date: None, Delay: -1 ms, Speed: 0.00 M/s, Resolution: None
Name: 靖天资讯, URL: https://t.freetv.fun/live/jing-tian-zi-xun-8.m3u8, From: subscribe, IPv_Type: ipv6, Location: 美国, ISP: CloudFlare Inc., Date: None, Delay: -1 ms, Speed: 0.00 M/s, Resolution: None
Name: 靖天资讯, URL: https://t.freetv.fun/live/jing-tian-zi-xun-9.m3u8, From: subscribe, IPv_Type: ipv6, Location: 美国, ISP: CloudFlare Inc., Date: None, Delay: -1 ms, Speed: 0.00 M/s, Resolution: None
Name: 靖天资讯, URL: https://cdn.iptv8k.top/dl/jrys.php?id=315&time=20240926215313&ip=111.229.253.40, From: subscribe, IPv_Type: ipv4, Location: 美国, ISP: CloudFlare节点, Date: None, Delay: 25 ms, Speed: 12.27 M/s, Resolution: 1920x1080
Name: CHC家庭影院, URL: http://iptv.diyp.site/公众号【DIYP】.php?key=gat5&id=b0f988110099cf6a8405d8aacc0ec1c4, From: subscribe, IPv_Type: ipv6, Location: 美国, ISP: CloudFlare Inc., Date: None, Delay: -1 ms, Speed: 0.00 M/s, Resolution: None
Name: CHC家庭影院, URL: http://z.b.bkpcp.top/m.php?id=chcjtyy, From: subscribe, IPv_Type: ipv6, Location: 美国, ISP: CloudFlare Inc., Date: None, Delay: -1 ms, Speed: 0.00 M/s, Resolution: None
Name: CHC家庭影院, URL: http://gat.bkpcp.top/ymg.php?id=jtyy, From: subscribe, IPv_Type: ipv6, Location: 美国, ISP: CloudFlare Inc., Date: None, Delay: -1 ms, Speed: 0.00 M/s, Resolution: None
Name: CHC家庭影院, URL: http://goo.bkpcp.top/mg/jtyy, From: subscribe, IPv_Type: ipv6, Location: 美国, ISP: CloudFlare Inc., Date: None, Delay: -1 ms, Speed: 0.00 M/s, Resolution: None
Name: CHC家庭影院, URL: https://migu.188766.xyz/?migutoken=96a2940f36df89b5b97a2deee91d66af&id=CHC%E5%AE%B6%E5%BA%AD%E5%BD%B1%E9%99%A2&type=yy, From: subscribe, IPv_Type: ipv6, Location: 美国, ISP: CloudFlare Inc., Date: None, Delay: -1 ms, Speed: 0.00 M/s, Resolution: None
Name: CHC家庭影院, URL: https://iptv.catvod.com/live.php?id=CHC%E5%AE%B6%E5%BA%AD%E5%BD%B1%E9%99%A2%E5%8F%B0, From: subscribe, IPv_Type: ipv6, Location: 美国, ISP: CloudFlare Inc., Date: None, Delay: -1 ms, Speed: 0.00 M/s, Resolution: None
Name: CHC家庭影院, URL: https://stream1.freetv.fun/chcjia-ting-ying-yuan-15.ctv, From: subscribe, IPv_Type: ipv6, Location: 美国, ISP: CloudFlare Inc., Date: None, Delay: -1 ms, Speed: 0.00 M/s, Resolution: None
Name: CHC家庭影院, URL: https://stream1.freetv.fun/chcjia-ting-ying-yuan-11.ctv, From: subscribe, IPv_Type: ipv6, Location: 美国, ISP: CloudFlare Inc., Date: None, Delay: -1 ms, Speed: 0.00 M/s, Resolution: None
Name: CHC家庭影院, URL: https://stream1.freetv.fun/chcjia-ting-ying-yuan-13.m3u8, From: subscribe, IPv_Type: ipv6, Location: 美国, ISP: CloudFlare Inc., Date: None, Delay: -1 ms, Speed: 0.00 M/s, Resolution: None
Name: CHC家庭影院, URL: https://www.freetv.top/migu/644368373.m3u8?migutoken=b9d9d0ba0208e949cf0736455b86290b2d1d2ff4727f523b7117dde6eb883cb4582c5ce1519685e57d54bfb562057c10a00dde58bb674d8600fd2d918b8cb440294e083e7b8f19e0dbcc9250d8, From: subscribe, IPv_Type: ipv6, Location: 美国-加利福尼亚州-圣克拉拉, ISP: DigitalOcean, Date: None, Delay: -1 ms, Speed: 0.00 M/s, Resolution: None
Name: CHC家庭影院, URL: https://stream1.freetv.fun/chcjia-ting-ying-yuan-18.ctv, From: subscribe, IPv_Type: ipv6, Location: 美国, ISP: CloudFlare Inc., Date: None, Delay: -1 ms, Speed: 0.00 M/s, Resolution: None
Name: CHC家庭影院, URL: https://migu.188766.xyz/?migutoken=8f80deb2c02f571fbfcf587eb1eb8186&id=CHC%E5%AE%B6%E5%BA%AD%E5%BD%B1%E9%99%A2&type=yy, From: subscribe, IPv_Type: ipv6, Location: 美国, ISP: CloudFlare Inc., Date: None, Delay: -1 ms, Speed: 0.00 M/s, Resolution: None
Name: CHC家庭影院, URL: https://migu.188766.xyz/?migutoken=29b551223ea46848eb33d3a0868fd13f&id=CHC%E5%AE%B6%E5%BA%AD%E5%BD%B1%E9%99%A2&type=yy, From: subscribe, IPv_Type: ipv6, Location: 美国, ISP: CloudFlare Inc., Date: None, Delay: -1 ms, Speed: 0.00 M/s, Resolution: None
Name: CHC家庭影院, URL: https://iptv.catvod.com/live.php?id=CHC%E5%AE%B6%E5%BA%AD%E5%BD%B1%E9%99%A2, From: subscribe, IPv_Type: ipv6, Location: 美国, ISP: CloudFlare Inc., Date: None, Delay: -1 ms, Speed: 0.00 M/s, Resolution: None
Name: CHC家庭影院, URL: https://stream1.freetv.fun/chcjia-ting-ying-yuan-9.ctv, From: subscribe, IPv_Type: ipv6, Location: 美国, ISP: CloudFlare Inc., Date: None, Delay: -1 ms, Speed: 0.00 M/s, Resolution: None
Name: CHC家庭影院, URL: https://migu.188766.xyz/?migutoken=ab6192c33ca0bf5f06f21f8ae0cff648&id=CHC%E5%AE%B6%E5%BA%AD%E5%BD%B1%E9%99%A2&type=yy, From: subscribe, IPv_Type: ipv6, Location: 美国, ISP: CloudFlare Inc., Date: None, Delay: -1 ms, Speed: 0.00 M/s, Resolution: None
Name: CHC家庭影院, URL: https://migu.188766.xyz/?migutoken=29b6b34fa30f982c0f1ed43f2bb2c94b&id=CHC%E5%AE%B6%E5%BA%AD%E5%BD%B1%E9%99%A2&type=yy, From: subscribe, IPv_Type: ipv6, Location: 美国, ISP: CloudFlare Inc., Date: None, Delay: -1 ms, Speed: 0.00 M/s, Resolution: None
Name: CHC家庭影院, URL: https://migu.188766.xyz/?migutoken=142ef015c0693836fee8caf468af5dd6&id=CHC%E5%AE%B6%E5%BA%AD%E5%BD%B1%E9%99%A2&type=yy, From: subscribe, IPv_Type: ipv6, Location: 美国, ISP: CloudFlare Inc., Date: None, Delay: -1 ms, Speed: 0.00 M/s, Resolution: None
Name: CHC家庭影院, URL: https://migu.188766.xyz/?migutoken=e9a87c471f2c18483c5f6d2ec2937d09&id=CHC%E5%AE%B6%E5%BA%AD%E5%BD%B1%E9%99%A2&type=yy, From: subscribe, IPv_Type: ipv6, Location: 美国, ISP: CloudFlare Inc., Date: None, Delay: -1 ms, Speed: 0.00 M/s, Resolution: None
Name: CHC家庭影院, URL: https://migu.188766.xyz/?migutoken=85e6da15e7cadeb05d9f104a1b163a6b&id=CHC%E5%AE%B6%E5%BA%AD%E5%BD%B1%E9%99%A2&type=yy, From: subscribe, IPv_Type: ipv6, Location: 美国, ISP: CloudFlare Inc., Date: None, Delay: -1 ms, Speed: 0.00 M/s, Resolution: None
Name: CHC家庭影院, URL: https://migu.188766.xyz/?migutoken=9e72081921f9fd36b1db3c2bc7f09856&id=CHC%E5%AE%B6%E5%BA%AD%E5%BD%B1%E9%99%A2&type=yy, From: subscribe, IPv_Type: ipv6, Location: 美国, ISP: CloudFlare Inc., Date: None, Delay: -1 ms, Speed: 0.00 M/s, Resolution: None
Name: CHC家庭影院, URL: https://t.freetv.fun/live/chcjia-ting-ying-yuan.m3u8, From: subscribe, IPv_Type: ipv6, Location: 美国, ISP: CloudFlare Inc., Date: None, Delay: -1 ms, Speed: 0.00 M/s, Resolution: None
Name: CHC动作电影, URL: http://iptv.diyp.site/公众号【DIYP】.php?key=gat5&id=afa18d2457e898b11f48f7764c61d4cc, From: subscribe, IPv_Type: ipv6, Location: 美国, ISP: CloudFlare Inc., Date: None, Delay: -1 ms, Speed: 0.00 M/s, Resolution: None
Name: CHC动作电影, URL: http://z.b.bkpcp.top/m.php?id=dzdy, From: subscribe, IPv_Type: ipv6, Location: 美国, ISP: CloudFlare Inc., Date: None, Delay: -1 ms, Speed: 0.00 M/s, Resolution: None
Name: CHC动作电影, URL: http://goo.bkpcp.top/mg/dzdy, From: subscribe, IPv_Type: ipv6, Location: 美国, ISP: CloudFlare Inc., Date: None, Delay: -1 ms, Speed: 0.00 M/s, Resolution: None
Name: CHC动作电影, URL: https://migu.188766.xyz/?migutoken=dc53afed98f99d57fabc61bcf4bb0003&id=CHC%E5%8A%A8%E4%BD%9C%E7%94%B5%E5%BD%B1&type=yy, From: subscribe, IPv_Type: ipv6, Location: 美国, ISP: CloudFlare Inc., Date: None, Delay: -1 ms, Speed: 0.00 M/s, Resolution: None
Name: CHC动作电影, URL: http://[2409:8087:1a01:df::4021]:80/TVOD/88888888/224/3221225555/main.m3u8, From: subscribe, IPv_Type: ipv6, Location: 中国, ISP: 中国移动, Date: None, Delay: -1 ms, Speed: 0.00 M/s, Resolution: None
Name: CHC动作电影, URL: https://www.freetv.top/migu/644368714.m3u8?migutoken=2e48d18419793654f347e8ca29e0028ce9f3eaaa7a108b006304178b8f790f34908f8a09bbb8f4b8b8abcf36e2341f1043dde8719cf4927fcd0dcde4667f8b91e68e820314791d9b70452862c9, From: subscribe, IPv_Type: ipv6, Location: 美国-加利福尼亚州-圣克拉拉, ISP: DigitalOcean, Date: None, Delay: -1 ms, Speed: 0.00 M/s, Resolution: None
Name: CHC动作电影, URL: https://migu.188766.xyz/?migutoken=e0216cb97463eff46b3bbe66bbf6dd62&id=CHC%E5%8A%A8%E4%BD%9C%E7%94%B5%E5%BD%B1&type=yy, From: subscribe, IPv_Type: ipv6, Location: 美国, ISP: CloudFlare Inc., Date: None, Delay: -1 ms, Speed: 0.00 M/s, Resolution: None
Name: CHC动作电影, URL: https://migu.188766.xyz/?migutoken=e6cb4a3a83e5125df3f33e77dfa527a5&id=CHC%E5%8A%A8%E4%BD%9C%E7%94%B5%E5%BD%B1&type=yy, From: subscribe, IPv_Type: ipv6, Location: 美国, ISP: CloudFlare Inc., Date: None, Delay: -1 ms, Speed: 0.00 M/s, Resolution: None
Name: CHC动作电影, URL: https://iptv.catvod.com/live.php?id=CHC%E5%8A%A8%E4%BD%9C%E7%94%B5%E5%BD%B1, From: subscribe, IPv_Type: ipv6, Location: 美国, ISP: CloudFlare Inc., Date: None, Delay: -1 ms, Speed: 0.00 M/s, Resolution: None
Name: CHC动作电影, URL: https://migu.188766.xyz/?migutoken=194f6285189ff6e6a979a87af1d2cff8&id=CHC%E5%8A%A8%E4%BD%9C%E7%94%B5%E5%BD%B1&type=yy, From: subscribe, IPv_Type: ipv6, Location: 美国, ISP: CloudFlare Inc., Date: None, Delay: -1 ms, Speed: 0.00 M/s, Resolution: None
Name: CHC动作电影, URL: https://migu.188766.xyz/?migutoken=17a6d331f34ee841ae13aabac613b10e&id=CHC%E5%8A%A8%E4%BD%9C%E7%94%B5%E5%BD%B1&type=yy, From: subscribe, IPv_Type: ipv6, Location: 美国, ISP: CloudFlare Inc., Date: None, Delay: -1 ms, Speed: 0.00 M/s, Resolution: None
Name: CHC动作电影, URL: https://migu.188766.xyz/?migutoken=a3083796d8ccfe02d52a287cb22681af&id=CHC%E5%8A%A8%E4%BD%9C%E7%94%B5%E5%BD%B1&type=yy, From: subscribe, IPv_Type: ipv6, Location: 美国, ISP: CloudFlare Inc., Date: None, Delay: -1 ms, Speed: 0.00 M/s, Resolution: None
Name: CHC动作电影, URL: https://migu.188766.xyz/?migutoken=0f967ea9c08325dc73a43dde829cd3b8&id=CHC%E5%8A%A8%E4%BD%9C%E7%94%B5%E5%BD%B1&type=yy, From: subscribe, IPv_Type: ipv6, Location: 美国, ISP: CloudFlare Inc., Date: None, Delay: -1 ms, Speed: 0.00 M/s, Resolution: None
Name: CHC动作电影, URL: https://migu.188766.xyz/?migutoken=8521199ced44f39aefb22a60a95fcb2a&id=CHC%E5%8A%A8%E4%BD%9C%E7%94%B5%E5%BD%B1&type=yy, From: subscribe, IPv_Type: ipv6, Location: 美国, ISP: CloudFlare Inc., Date: None, Delay: -1 ms, Speed: 0.00 M/s, Resolution: None
Name: CHC动作电影, URL: https://migu.188766.xyz/?migutoken=d7c2e0dba1fdb75fb8d428956b980f54&id=CHC%E5%8A%A8%E4%BD%9C%E7%94%B5%E5%BD%B1&type=yy, From: subscribe, IPv_Type: ipv6, Location: 美国, ISP: CloudFlare Inc., Date: None, Delay: -1 ms, Speed: 0.00 M/s, Resolution: None
Name: CHC动作电影, URL: https://t.freetv.fun/live/chcdong-zuo-dian-ying-2.php, From: subscribe, IPv_Type: ipv6, Location: 美国, ISP: CloudFlare Inc., Date: None, Delay: -1 ms, Speed: 0.00 M/s, Resolution: None
Name: CHC动作电影, URL: https://stream.freetv.fun/2f2e29b8759a2458730dc1f3686024472691952a50e787fe075944d0cb17f36e.ctv, From: subscribe, IPv_Type: ipv6, Location: 美国, ISP: CloudFlare Inc., Date: None, Delay: -1 ms, Speed: 0.00 M/s, Resolution: None
Name: CHC高清电影, URL: http://183.237.95.108:9901/tsfile/live/1008_1.m3u8?key=txiptv&playlive=0&authid=0, From: subscribe, IPv_Type: ipv4, Location: 中国-广东-梅州, ISP: 移动, Date: None, Delay: 10664 ms, Speed: 0.24 M/s, Resolution: 1920x1080
Name: CHC高清电影, URL: http://218.15.183.23:9901/tsfile/live/23044_1.m3u8, From: subscribe, IPv_Type: ipv4, Location: 中国-广东-梅州, ISP: 电信, Date: None, Delay: 10779 ms, Speed: 0.06 M/s, Resolution: 1920x1080
Name: CHC高清电影, URL: http://dassby.qqff.top:99/live/CHC高清/index.m3u8, From: subscribe, IPv_Type: ipv4, Location: 中国-辽宁-鞍山, ISP: 联通, Date: None, Delay: 10883 ms, Speed: 0.00 M/s, Resolution: None
Name: CHC高清电影, URL: rtsp://115.153.247.80/PLTV/88888888/224/3221226990/86128784.smil, From: subscribe, IPv_Type: ipv4, Location: 中国-江西-宜春, ISP: 电信, Date: None, Delay: 10005 ms, Speed: 0.00 M/s, Resolution: None
Name: CHC高清电影, URL: rtsp://115.153.230.145/PLTV/88888888/224/3221226990/86128784.smil, From: subscribe, IPv_Type: ipv4, Location: 中国-江西-宜春, ISP: 电信, Date: None, Delay: 10006 ms, Speed: 0.00 M/s, Resolution: None
Name: CHC高清电影, URL: rtsp://115.153.222.112:554/PLTV/88888888/224/3221226990/86128784.smil, From: subscribe, IPv_Type: ipv4, Location: 中国-江西-宜春, ISP: 电信, Date: None, Delay: 10005 ms, Speed: 0.00 M/s, Resolution: None
Name: 淘剧场, URL: http://[2409:8087:1:20:20::26]/otttv.bj.chinamobile.com/PLTV/88888888/224/3221226553/1.m3u8?GuardEncType=2&accountinfo=%7E%7EV2.0%7EQaJ92NID2SpQlY6_VJVogg%7E_eNUbgU9sJGUcVVduOMKhafLvQUgE_zlz_7pvDimJNOuQYJeiYEeFWTkFfE86Vq-%2CEND, From: subscribe, IPv_Type: ipv6, Location: 中国, ISP: 中国移动, Date: None, Delay: -1 ms, Speed: 0.00 M/s, Resolution: None
Name: 淘剧场, URL: http://zjzcf.synology.me:35455/bptv/10000100000000050000000003887497.m3u8, From: subscribe, IPv_Type: ipv6, Location: 中国, ISP: 中国移动, Date: None, Delay: -1 ms, Speed: 0.00 M/s, Resolution: None
Name: 淘剧场, URL: http://iptv.666230.xyz/iptv/bjyd.php/6553, From: subscribe, IPv_Type: ipv6, Location: 美国, ISP: CloudFlare Inc., Date: None, Delay: -1 ms, Speed: 0.00 M/s, Resolution: None
Name: 淘娱乐, URL: http://[2409:8087:1:20:20::2c]/otttv.bj.chinamobile.com/PLTV/88888888/224/3221226551/1.m3u8?GuardEncType=2&accountinfo=%7E%7EV2.0%7Ex0efg9fpenP8E8lWJUb5Lg%7E_eNUbgU9sJGUcVVduOMKhafLvQUgE_zlz_7pvDimJNNg3bzRax0E9tLmO9xgXVx8%2CEND, From: subscribe, IPv_Type: ipv6, Location: 中国, ISP: 中国移动, Date: None, Delay: -1 ms, Speed: 0.00 M/s, Resolution: None
Name: 淘娱乐, URL: http://zjzcf.synology.me:35455/bptv/10000100000000050000000003887499.m3u8, From: subscribe, IPv_Type: ipv6, Location: 中国, ISP: 中国移动, Date: None, Delay: -1 ms, Speed: 0.00 M/s, Resolution: None
Name: 淘娱乐, URL: http://iptv.666230.xyz/iptv/bjyd.php/6551, From: subscribe, IPv_Type: ipv6, Location: 美国, ISP: CloudFlare Inc., Date: None, Delay: -1 ms, Speed: 0.00 M/s, Resolution: None
Name: 淘电影, URL: http://[2409:8087:1:20:20::26]/otttv.bj.chinamobile.com/PLTV/88888888/224/3221226552/1.m3u8?GuardEncType=2&accountinfo=%7E%7EV2.0%7EXOsrWMA-UCdUl1hQSR9EKw%7E_eNUbgU9sJGUcVVduOMKhafLvQUgE_zlz_7pvDimJNNg3bzRax0E9tLmO9xgXVx8%2CEND, From: subscribe, IPv_Type: ipv6, Location: 中国, ISP: 中国移动, Date: None, Delay: -1 ms, Speed: 0.00 M/s, Resolution: None
Name: 淘电影, URL: https://stream1.freetv.fun/tao-dian-ying-8.ctv, From: subscribe, IPv_Type: ipv6, Location: 美国, ISP: CloudFlare Inc., Date: None, Delay: -1 ms, Speed: 0.00 M/s, Resolution: None
Name: 淘电影, URL: https://stream1.freetv.fun/tao-dian-ying-7.ctv, From: subscribe, IPv_Type: ipv6, Location: 美国, ISP: CloudFlare Inc., Date: None, Delay: -1 ms, Speed: 0.00 M/s, Resolution: None
Name: 淘电影, URL: https://stream1.freetv.fun/tao-dian-ying-3.ctv, From: subscribe, IPv_Type: ipv6, Location: 美国, ISP: CloudFlare Inc., Date: None, Delay: -1 ms, Speed: 0.00 M/s, Resolution: None
Name: 淘电影, URL: https://stream1.freetv.fun/tao-dian-ying-6.ctv, From: subscribe, IPv_Type: ipv6, Location: 美国, ISP: CloudFlare Inc., Date: None, Delay: -1 ms, Speed: 0.00 M/s, Resolution: None
Name: 淘电影, URL: https://stream1.freetv.fun/tao-dian-ying-2.ctv, From: subscribe, IPv_Type: ipv6, Location: 美国, ISP: CloudFlare Inc., Date: None, Delay: -1 ms, Speed: 0.00 M/s, Resolution: None
Name: 淘电影, URL: https://stream1.freetv.fun/tao-dian-ying-9.ctv, From: subscribe, IPv_Type: ipv6, Location: 美国, ISP: CloudFlare Inc., Date: None, Delay: -1 ms, Speed: 0.00 M/s, Resolution: None
Name: 淘电影, URL: https://stream1.freetv.fun/tao-dian-ying-1.ctv, From: subscribe, IPv_Type: ipv6, Location: 美国, ISP: CloudFlare Inc., Date: None, Delay: -1 ms, Speed: 0.00 M/s, Resolution: None
Name: NewTV惊悚悬疑, URL: http://php.jdshipin.com/TVOD/hnyd.php?id=200000001898/460000089800010077, From: subscribe, IPv_Type: ipv6, Location: 美国, ISP: CloudFlare Inc., Date: None, Delay: -1 ms, Speed: 0.00 M/s, Resolution: None
Name: NewTV惊悚悬疑, URL: http://3501776.xyz:35455/itv/1000000004000024282.m3u8?cdn=ystenlive, From: subscribe, IPv_Type: ipv6, Location: 美国, ISP: CloudFlare Inc., Date: None, Delay: -1 ms, Speed: 0.00 M/s, Resolution: None
Name: NewTV惊悚悬疑, URL: http://[2409:8087:5e00:24::2d]:6610/000000001000/1/1000000004000024282/index.m3u8?channel-id=ystenlive&Contentid=1000000004000024282&livemode=1&stbId=YanG-1989, From: subscribe, IPv_Type: ipv6, Location: 中国, ISP: 中国移动, Date: None, Delay: -1 ms, Speed: 0.00 M/s, Resolution: None
Name: NewTV惊悚悬疑, URL: http://[2409:8087:1a0b:df::4002]:80/ottrrs.hl.chinamobile.com/TVOD/88888888/224/3221225665/index.m3u8, From: subscribe, IPv_Type: ipv6, Location: 中国, ISP: 中国移动, Date: None, Delay: -1 ms, Speed: 0.00 M/s, Resolution: None
Name: NewTV惊悚悬疑, URL: http://ottrrs.hl.chinamobile.com/PLTV/88888888/224/3221225665/index.m3u8, From: subscribe, IPv_Type: ipv6, Location: 中国, ISP: 中国移动, Date: None, Delay: -1 ms, Speed: 0.00 M/s, Resolution: None
Name: NewTV惊悚悬疑, URL: http://[2409:8087:2001:20:2800:0:df6e:eb18]/wh7f454c46tw2482771376_951312812/ott.mobaibox.com/PLTV/3/224/3221227536/index.m3u8, From: subscribe, IPv_Type: ipv6, Location: 中国, ISP: 中国移动, Date: None, Delay: -1 ms, Speed: 0.00 M/s, Resolution: None
Name: NewTV惊悚悬疑, URL: http://iptv.666230.xyz/iptv/bjyd.php/7013, From: subscribe, IPv_Type: ipv6, Location: 美国, ISP: CloudFlare Inc., Date: None, Delay: -1 ms, Speed: 0.00 M/s, Resolution: None
Name: NewTV惊悚悬疑, URL: https://iptv.catvod.com/live.php?id=NewTV%E6%83%8A%E6%82%9A%E6%82%AC%E7%96%91, From: subscribe, IPv_Type: ipv6, Location: 美国, ISP: CloudFlare Inc., Date: None, Delay: -1 ms, Speed: 0.00 M/s, Resolution: None
Name: NewTV惊悚悬疑, URL: http://ott.mobaibox.com/PLTV/3/224/3221227536/index.m3u8, From: subscribe, IPv_Type: ipv6, Location: 中国, ISP: 中国移动, Date: None, Delay: -1 ms, Speed: 0.00 M/s, Resolution: None
Name: NewTV惊悚悬疑, URL: http://hwltc.tv.cdn.zj.chinamobile.com/PLTV/88888888/224/3221236223/index.m3u8, From: subscribe, IPv_Type: ipv6, Location: 中国, ISP: 中国移动, Date: None, Delay: -1 ms, Speed: 0.00 M/s, Resolution: None
Name: NewTV动作电影, URL: http://php.jdshipin.com/TVOD/hnyd.php?id=200000001898/460000089800010003, From: subscribe, IPv_Type: ipv6, Location: 美国, ISP: CloudFlare Inc., Date: None, Delay: -1 ms, Speed: 0.00 M/s, Resolution: None
Name: NewTV动作电影, URL: http://3501776.xyz:35455/itv/1000000004000018653.m3u8?cdn=ystenlive, From: subscribe, IPv_Type: ipv6, Location: 美国, ISP: CloudFlare Inc., Date: None, Delay: -1 ms, Speed: 0.00 M/s, Resolution: None
Name: NewTV动作电影, URL: https://iptv.catvod.com/live.php?id=NewTV%E5%8A%A8%E4%BD%9C%E7%94%B5%E5%BD%B1, From: subscribe, IPv_Type: ipv6, Location: 美国, ISP: CloudFlare Inc., Date: None, Delay: -1 ms, Speed: 0.00 M/s, Resolution: None
Name: NewTV动作电影, URL: http://ott.mobaibox.com/PLTV/3/224/3221227606/index.m3u8, From: subscribe, IPv_Type: ipv6, Location: 中国, ISP: 中国移动, Date: None, Delay: -1 ms, Speed: 0.00 M/s, Resolution: None
Name: 纬来电影, URL: https://stream1.freetv.fun/wei-lai-dian-ying-1.m3u8, From: subscribe, IPv_Type: ipv6, Location: 美国, ISP: CloudFlare Inc., Date: None, Delay: -1 ms, Speed: 0.00 M/s, Resolution: None
Name: 纬来电影, URL: https://hls-gateway.vpstv.net/streams/477063.m3u8, From: subscribe, IPv_Type: ipv6, Location: 美国, ISP: CloudFlare Inc., Date: None, Delay: -1 ms, Speed: 0.00 M/s, Resolution: None
Name: 纬来电影, URL: https://smart.pendy.dpdns.org/Smart.php?id=videolandmovie, From: subscribe, IPv_Type: ipv6, Location: 美国, ISP: CloudFlare Inc., Date: None, Delay: -1 ms, Speed: 0.00 M/s, Resolution: None
Name: 纬来电影, URL: https://live.catvod.com/catvod_com.php?id=videolandmovie, From: subscribe, IPv_Type: ipv6, Location: 美国, ISP: CloudFlare Inc., Date: None, Delay: -1 ms, Speed: 0.00 M/s, Resolution: None
Name: 纬来电影, URL: https://smt.iktv.ddns-ip.net/Smart.php?id=videolandmovie, From: subscribe, IPv_Type: ipv6, Location: 美国, ISP: CloudFlare Inc., Date: None, Delay: -1 ms, Speed: 0.00 M/s, Resolution: None
Name: 纬来电影, URL: http://live.catvod.com/smart.php?id=videolandmovie, From: subscribe, IPv_Type: ipv6, Location: 美国, ISP: CloudFlare Inc., Date: None, Delay: -1 ms, Speed: 0.00 M/s, Resolution: None
Name: 纬来电影, URL: https://live.catvod.com/live.php?id=videolandmovie&token=a76bdc035b650a1c05ec1f7fb9f26ae2f5af7dd30a77937811b00e06d85b6954%3A1760491003%3ANTIuMTUwLjI5Ljk4, From: subscribe, IPv_Type: ipv6, Location: 美国, ISP: CloudFlare Inc., Date: None, Delay: -1 ms, Speed: 0.00 M/s, Resolution: None
Name: 纬来电影, URL: https://stream1.freetv.fun/wei-lai-dian-ying-3.m3u8, From: subscribe, IPv_Type: ipv6, Location: 美国, ISP: CloudFlare Inc., Date: None, Delay: -1 ms, Speed: 0.00 M/s, Resolution: None
Name: 纬来电影, URL: https://live.catvod.com/live.php?id=videolandmovie, From: subscribe, IPv_Type: ipv6, Location: 美国, ISP: CloudFlare Inc., Date: None, Delay: -1 ms, Speed: 0.00 M/s, Resolution: None
Name: 纬来电影, URL: http://php.666230.xyz/smt.php?id=videolandmovie, From: subscribe, IPv_Type: ipv6, Location: 美国, ISP: CloudFlare Inc., Date: None, Delay: -1 ms, Speed: 0.00 M/s, Resolution: None
Name: 纬来电影, URL: https://stream1.freetv.fun/wei-lai-dian-ying-3.ctv, From: subscribe, IPv_Type: ipv6, Location: 美国, ISP: CloudFlare Inc., Date: None, Delay: -1 ms, Speed: 0.00 M/s, Resolution: None
Name: 纬来电影, URL: https://smt.858.qzz.io/Smart.php?id=videolandmovie, From: subscribe, IPv_Type: ipv6, Location: 美国, ISP: CloudFlare Inc., Date: None, Delay: -1 ms, Speed: 0.00 M/s, Resolution: None
Name: 纬来电影, URL: https://smt.go-iptv.ggff.net/smart.php?id=videolandmovie&token=Goiptv, From: subscribe, IPv_Type: ipv6, Location: 美国, ISP: CloudFlare Inc., Date: None, Delay: -1 ms, Speed: 0.00 M/s, Resolution: None
Name: 纬来电影, URL: https://live.catvod.com/live.php?id=videolandmovie&token=4ef1b71d966e768b749843d150246e8f77aa83b1d79878100de8f8b3431e0b59%3A1761182302%3ANTIuMjM0LjQzLjE3Nw%3D%3D, From: subscribe, IPv_Type: ipv6, Location: 美国, ISP: CloudFlare Inc., Date: None, Delay: -1 ms, Speed: 0.00 M/s, Resolution: None
Name: 纬来电影, URL: https://tv.iill.top/x/wldy&token=886bce813f2cd4e37742d034db073fb39288ecfa7b0e43b20307dd9a2b2d0bdc, From: subscribe, IPv_Type: ipv6, Location: 美国, ISP: CloudFlare Inc., Date: None, Delay: -1 ms, Speed: 0.00 M/s, Resolution: None
Name: 纬来电影, URL: https://tv.iill.top/x/wldy, From: subscribe, IPv_Type: ipv6, Location: 美国, ISP: CloudFlare Inc., Date: None, Delay: -1 ms, Speed: 0.00 M/s, Resolution: None
Name: 靖天映画, URL: https://hls-gateway.vpstv.net/streams/476302.m3u8, From: subscribe, IPv_Type: ipv6, Location: 美国, ISP: CloudFlare Inc., Date: None, Delay: -1 ms, Speed: 0.00 M/s, Resolution: None
Name: 靖天映画, URL: http://breezy-audrie-zspace-7524863c.koyeb.app/vipsir?token=leifeng&id=4gtv-4gtv055, From: subscribe, IPv_Type: ipv6, Location: 美国, ISP: CloudFlare Inc., Date: None, Delay: -1 ms, Speed: 0.00 M/s, Resolution: None
Name: 靖天映画, URL: https://4gtv.dxjc.pp.ua/li-4gtv-4gtv055/index.m3u8, From: subscribe, IPv_Type: ipv6, Location: 新加坡, ISP: Aceville Pte.Ltd., Date: None, Delay: -1 ms, Speed: 0.00 M/s, Resolution: None
Name: 靖天映画, URL: https://4gtv.dxjc.pp.ua/4gtv-4gtv055/index.m3u8, From: subscribe, IPv_Type: ipv6, Location: 新加坡, ISP: Aceville Pte.Ltd., Date: None, Delay: -1 ms, Speed: 0.00 M/s, Resolution: None
Name: 靖天映画, URL: https://mao.ffmking888.dpdns.org/?id=6Z2W5aSp5pig55Wr&auth=30234cedf871581989d3c91a3daec1e9f50e024aafcfa2247e7d44d91bb8d02fbc3f571b2d67f9d82642cc1d0f133d89, From: subscribe, IPv_Type: ipv6, Location: 美国, ISP: CloudFlare Inc., Date: None, Delay: -1 ms, Speed: 0.00 M/s, Resolution: None
Name: 靖天映画, URL: https://tmxk.pp.ua/litv.php?token=tmxk&id=4gtv-4gtv055, From: subscribe, IPv_Type: ipv6, Location: 美国, ISP: Oracle Corporation, Date: None, Delay: -1 ms, Speed: 0.00 M/s, Resolution: None
Name: 靖天映画, URL: https://cdn.iptv8k.top/dl/jrys.php?id=320&time=20240926215313&ip=111.229.253.40, From: subscribe, IPv_Type: ipv4, Location: 美国, ISP: CloudFlare节点, Date: None, Delay: 25 ms, Speed: 12.20 M/s, Resolution: 1920x1080
Name: 靖天戏剧, URL: http://serv00.bkpcp.top/litv3.php?id=4gtv-4gtv058, From: subscribe, IPv_Type: ipv6, Location: 美国, ISP: CloudFlare Inc., Date: None, Delay: -1 ms, Speed: 0.00 M/s, Resolution: None
Name: 靖天戏剧, URL: https://stream1.freetv.fun/jing-tian-xi-ju-4.ctv, From: subscribe, IPv_Type: ipv6, Location: 美国, ISP: CloudFlare Inc., Date: None, Delay: -1 ms, Speed: 0.00 M/s, Resolution: None
Name: 靖天戏剧, URL: http://breezy-audrie-zspace-7524863c.koyeb.app/vipsir?token=leifeng&id=4gtv-4gtv058, From: subscribe, IPv_Type: ipv6, Location: 美国, ISP: CloudFlare Inc., Date: None, Delay: -1 ms, Speed: 0.00 M/s, Resolution: None
Name: 靖天戏剧, URL: https://mao.ffmking888.dpdns.org/?id=6Z2W5aSp5oiy5YqH5Yaw&auth=30234cedf871581989d3c91a3daec1e9f50e024aafcfa2247e7d44d91bb8d02fbc3f571b2d67f9d82642cc1d0f133d89, From: subscribe, IPv_Type: ipv6, Location: 美国, ISP: CloudFlare Inc., Date: None, Delay: -1 ms, Speed: 0.00 M/s, Resolution: None
Name: 靖天戏剧, URL: https://tmxk.pp.ua/litv.php?token=tmxk&id=4gtv-4gtv058, From: subscribe, IPv_Type: ipv6, Location: 美国, ISP: Oracle Corporation, Date: None, Delay: -1 ms, Speed: 0.00 M/s, Resolution: None
Name: 靖天戏剧, URL: https://stream1.freetv.fun/jing-tian-xi-ju-1.m3u8, From: subscribe, IPv_Type: ipv6, Location: 美国, ISP: CloudFlare Inc., Date: None, Delay: -1 ms, Speed: 0.00 M/s, Resolution: None
Name: 靖天戏剧, URL: https://stream1.freetv.fun/jing-tian-xi-ju-3.m3u8, From: subscribe, IPv_Type: ipv6, Location: 美国, ISP: CloudFlare Inc., Date: None, Delay: -1 ms, Speed: 0.00 M/s, Resolution: None
Name: 靖天戏剧, URL: https://stream1.freetv.fun/jing-tian-xi-ju-4.m3u8, From: subscribe, IPv_Type: ipv6, Location: 美国, ISP: CloudFlare Inc., Date: None, Delay: -1 ms, Speed: 0.00 M/s, Resolution: None
Name: 靖天戏剧, URL: https://stream1.freetv.fun/jing-tian-xi-ju-10.m3u8, From: subscribe, IPv_Type: ipv6, Location: 美国, ISP: CloudFlare Inc., Date: None, Delay: -1 ms, Speed: 0.00 M/s, Resolution: None
Name: 靖天戏剧, URL: https://stream1.freetv.fun/jing-tian-xi-ju-11.m3u8, From: subscribe, IPv_Type: ipv6, Location: 美国, ISP: CloudFlare Inc., Date: None, Delay: -1 ms, Speed: 0.00 M/s, Resolution: None
Name: 靖天戏剧, URL: https://stream1.freetv.fun/jing-tian-xi-ju-12.m3u8, From: subscribe, IPv_Type: ipv6, Location: 美国, ISP: CloudFlare Inc., Date: None, Delay: -1 ms, Speed: 0.00 M/s, Resolution: None
Name: 靖天戏剧, URL: https://stream1.freetv.fun/jing-tian-xi-ju-13.m3u8, From: subscribe, IPv_Type: ipv6, Location: 美国, ISP: CloudFlare Inc., Date: None, Delay: -1 ms, Speed: 0.00 M/s, Resolution: None
Name: 靖天戏剧, URL: https://stream1.freetv.fun/jing-tian-xi-ju-14.m3u8, From: subscribe, IPv_Type: ipv6, Location: 美国, ISP: CloudFlare Inc., Date: None, Delay: -1 ms, Speed: 0.00 M/s, Resolution: None
Name: 靖天戏剧, URL: https://stream1.freetv.fun/jing-tian-xi-ju-5.m3u8, From: subscribe, IPv_Type: ipv6, Location: 美国, ISP: CloudFlare Inc., Date: None, Delay: -1 ms, Speed: 0.00 M/s, Resolution: None
Name: 靖天戏剧, URL: https://stream1.freetv.fun/jing-tian-xi-ju-6.m3u8, From: subscribe, IPv_Type: ipv6, Location: 美国, ISP: CloudFlare Inc., Date: None, Delay: -1 ms, Speed: 0.00 M/s, Resolution: None
Name: 靖天戏剧, URL: https://stream1.freetv.fun/jing-tian-xi-ju-7.m3u8, From: subscribe, IPv_Type: ipv6, Location: 美国, ISP: CloudFlare Inc., Date: None, Delay: -1 ms, Speed: 0.00 M/s, Resolution: None
Name: 靖天戏剧, URL: https://stream1.freetv.fun/jing-tian-xi-ju-9.m3u8, From: subscribe, IPv_Type: ipv6, Location: 美国, ISP: CloudFlare Inc., Date: None, Delay: -1 ms, Speed: 0.00 M/s, Resolution: None
Name: 靖天戏剧, URL: https://t.freetv.fun/live/jing-tian-xi-ju-11.m3u8, From: subscribe, IPv_Type: ipv6, Location: 美国, ISP: CloudFlare Inc., Date: None, Delay: -1 ms, Speed: 0.00 M/s, Resolution: None
Name: 靖天戏剧, URL: https://t.freetv.fun/live/jing-tian-xi-ju-6.m3u8, From: subscribe, IPv_Type: ipv6, Location: 美国, ISP: CloudFlare Inc., Date: None, Delay: -1 ms, Speed: 0.00 M/s, Resolution: None
Name: 靖天戏剧, URL: https://t.freetv.fun/live/jing-tian-xi-ju-8.m3u8, From: subscribe, IPv_Type: ipv6, Location: 美国, ISP: CloudFlare Inc., Date: None, Delay: -1 ms, Speed: 0.00 M/s, Resolution: None
Name: 靖天戏剧, URL: https://t.freetv.fun/live/jing-tian-xi-ju-9.m3u8, From: subscribe, IPv_Type: ipv6, Location: 美国, ISP: CloudFlare Inc., Date: None, Delay: -1 ms, Speed: 0.00 M/s, Resolution: None
Name: 靖天戏剧, URL: https://cdn.iptv8k.top/dl/jrys.php?id=318&time=20240926215313&ip=111.229.253.40, From: subscribe, IPv_Type: ipv4, Location: 美国, ISP: CloudFlare节点, Date: None, Delay: 24 ms, Speed: 12.65 M/s, Resolution: 1920x1080
Name: 经典电影, URL: http://goo.bkpcp.top/mg/jdxgdy, From: subscribe, IPv_Type: ipv6, Location: 美国, ISP: CloudFlare Inc., Date: None, Delay: -1 ms, Speed: 0.00 M/s, Resolution: None
Name: 经典电影, URL: https://yylunbo.ottiptv.cc/yy/1414812324, From: subscribe, IPv_Type: ipv6, Location: 美国, ISP: CloudFlare Inc., Date: None, Delay: -1 ms, Speed: 0.00 M/s, Resolution: None
Name: 经典电影, URL: https://tv.iill.top/4gtv/201, From: subscribe, IPv_Type: ipv6, Location: 美国, ISP: CloudFlare Inc., Date: None, Delay: -1 ms, Speed: 0.00 M/s, Resolution: None
Name: 经典电影, URL: https://stream1.freetv.fun/jing-dian-dian-ying-9.ctv, From: subscribe, IPv_Type: ipv6, Location: 美国, ISP: CloudFlare Inc., Date: None, Delay: -1 ms, Speed: 0.00 M/s, Resolution: None
Name: 经典电影, URL: https://stream1.freetv.fun/jing-dian-dian-ying-8.ctv, From: subscribe, IPv_Type: ipv6, Location: 美国, ISP: CloudFlare Inc., Date: None, Delay: -1 ms, Speed: 0.00 M/s, Resolution: None
Name: 经典电影, URL: https://stream1.freetv.fun/jing-dian-dian-ying-15.ctv, From: subscribe, IPv_Type: ipv6, Location: 美国, ISP: CloudFlare Inc., Date: None, Delay: -1 ms, Speed: 0.00 M/s, Resolution: None
Name: 经典电影, URL: https://stream1.freetv.fun/jing-dian-dian-ying-1.ctv, From: subscribe, IPv_Type: ipv6, Location: 美国, ISP: CloudFlare Inc., Date: None, Delay: -1 ms, Speed: 0.00 M/s, Resolution: None
Name: 经典电影, URL: https://cdn.iptv8k.top/dl/jrys.php?id=396&time=20240926215313&ip=111.229.253.40, From: subscribe, IPv_Type: ipv4, Location: 美国, ISP: CloudFlare节点, Date: None, Delay: 28 ms, Speed: 10.97 M/s, Resolution: 1920x1080
Name: IPTV经典电影, URL: http://43.138.0.72:35455/yy/1382754187, From: subscribe, IPv_Type: ipv4, Location: 中国-北京-北京, ISP: 腾讯云, Date: None, Delay: 50 ms, Speed: 9.20 M/s, Resolution: 1920x1080
Name: 天映经典, URL: http://php.jdshipin.com:8880/smt.php?id=Celestial2, From: subscribe, IPv_Type: ipv6, Location: 美国, ISP: CloudFlare Inc., Date: None, Delay: -1 ms, Speed: 0.00 M/s, Resolution: None
Name: 天映经典, URL: https://stream1.freetv.fun/tian-ying-jing-dian-5.m3u8, From: subscribe, IPv_Type: ipv6, Location: 美国, ISP: CloudFlare Inc., Date: None, Delay: -1 ms, Speed: 0.00 M/s, Resolution: None
Name: 天映经典, URL: https://migu.188766.xyz/?migutoken=3637f4ae3861b554c9b368728cc8b391&id=Celestial2&type=dy, From: subscribe, IPv_Type: ipv6, Location: 美国, ISP: CloudFlare Inc., Date: None, Delay: -1 ms, Speed: 0.00 M/s, Resolution: None
Name: 天映经典, URL: http://php.jdshipin.com/smt.php?id=Celestial2, From: subscribe, IPv_Type: ipv6, Location: 美国, ISP: CloudFlare Inc., Date: None, Delay: -1 ms, Speed: 0.00 M/s, Resolution: None
Name: 天映经典, URL: https://hls-gateway.vpstv.net/streams/709488.m3u8, From: subscribe, IPv_Type: ipv6, Location: 美国, ISP: CloudFlare Inc., Date: None, Delay: -1 ms, Speed: 0.00 M/s, Resolution: None
Name: 天映经典, URL: https://epg.pw/stream/cb817875cf26eb683af274dd8cdf7f559a71353d9565c32447c8d98894bc8095.ctv, From: subscribe, IPv_Type: ipv6, Location: 美国, ISP: CloudFlare Inc., Date: None, Delay: -1 ms, Speed: 0.00 M/s, Resolution: None
Name: 天映经典, URL: http://tl.061833.xyz/tl/null-1, From: subscribe, IPv_Type: ipv6, Location: 美国, ISP: CloudFlare Inc., Date: None, Delay: -1 ms, Speed: 0.00 M/s, Resolution: None
Name: 天映经典, URL: http://frus7.jdiptv.cc/live/xgtyjdgy.m3u8kdstime=1743869071&kdssign=3f092afa312e4f7baae83a964e07bf1a, From: subscribe, IPv_Type: ipv6, Location: 美国, ISP: CloudFlare Inc., Date: None, Delay: -1 ms, Speed: 0.00 M/s, Resolution: None
Name: 天映经典, URL: https://smt.1789.dpdns.org/smt3.2.1.php?id=Celestial2, From: subscribe, IPv_Type: ipv6, Location: 美国, ISP: CloudFlare Inc., Date: None, Delay: -1 ms, Speed: 0.00 M/s, Resolution: None
Name: 天映经典, URL: https://100.061833.xyz/stream/mytv/null-1/stream.m3u8?uid=3291919010&u=rty789&p=29624e2e4c4ccee26ed8f3e0ca1012ea57a8f2191be6149f632250f7036119cc, From: subscribe, IPv_Type: ipv6, Location: 美国, ISP: CloudFlare Inc., Date: None, Delay: -1 ms, Speed: 0.00 M/s, Resolution: None
Name: 天映经典, URL: https://stream1.freetv.fun/tian-ying-jing-dian-3.m3u8, From: subscribe, IPv_Type: ipv6, Location: 美国, ISP: CloudFlare Inc., Date: None, Delay: -1 ms, Speed: 0.00 M/s, Resolution: None
Name: 天映经典, URL: https://stream1.freetv.fun/tian-ying-jing-dian-7.m3u8, From: subscribe, IPv_Type: ipv6, Location: 美国, ISP: CloudFlare Inc., Date: None, Delay: -1 ms, Speed: 0.00 M/s, Resolution: None
Name: 天映经典, URL: https://live.catvod.com/live.php?id=Celestial2, From: subscribe, IPv_Type: ipv6, Location: 美国, ISP: CloudFlare Inc., Date: None, Delay: -1 ms, Speed: 0.00 M/s, Resolution: None
Name: 天映经典, URL: http://free.cnlive.club/channel/n7e49c99a.m3u8?q=111.170.171.148, From: subscribe, IPv_Type: ipv6, Location: 美国, ISP: CloudFlare Inc., Date: None, Delay: -1 ms, Speed: 0.00 M/s, Resolution: None
Name: 天映经典, URL: https://cdn9.163189.xyz/smt1.1.php?id=Celestial2, From: subscribe, IPv_Type: ipv6, Location: 美国, ISP: CloudFlare Inc., Date: None, Delay: -1 ms, Speed: 0.00 M/s, Resolution: None
Name: 天映经典, URL: https://cdn9.163189.xyz/smt3.1.1.php?id=Celestial2, From: subscribe, IPv_Type: ipv6, Location: 美国, ISP: CloudFlare Inc., Date: None, Delay: -1 ms, Speed: 0.00 M/s, Resolution: None
Name: 天映经典, URL: https://smt.1678520.xyz/smt3.2.1.php?id=Celestial2, From: subscribe, IPv_Type: ipv6, Location: 美国, ISP: CloudFlare Inc., Date: None, Delay: -1 ms, Speed: 0.00 M/s, Resolution: None
Name: 天映经典, URL: https://smt.858.qzz.io/Smart.php?id=Celestial2, From: subscribe, IPv_Type: ipv6, Location: 美国, ISP: CloudFlare Inc., Date: None, Delay: -1 ms, Speed: 0.00 M/s, Resolution: None
Name: 天映经典, URL: https://smt.go-iptv.ggff.net/smart.php?id=Celestial2&token=Goiptv, From: subscribe, IPv_Type: ipv6, Location: 美国, ISP: CloudFlare Inc., Date: None, Delay: -1 ms, Speed: 0.00 M/s, Resolution: None
Name: 天映经典, URL: http://smt.veryfast.filegear-sg.me/smt3.2.1.php?id=Celestial2, From: subscribe, IPv_Type: ipv6, Location: 新加坡, ISP: Aceville Pte.Ltd., Date: None, Delay: -1 ms, Speed: 0.00 M/s, Resolution: None
Name: 天映经典, URL: http://cdn10.163189.xyz/163189/ccm, From: subscribe, IPv_Type: ipv6, Location: 美国, ISP: CloudFlare Inc., Date: None, Delay: -1 ms, Speed: 0.00 M/s, Resolution: None
Name: 天映经典, URL: https://o11.163189.xyz/stream/live/ccm/, From: subscribe, IPv_Type: ipv6, Location: 美国, ISP: CloudFlare Inc., Date: None, Delay: -1 ms, Speed: 0.00 M/s, Resolution: None
Name: 天映经典, URL: https://cdn.iptv8k.top/dl/jrys.php?id=71&time=20240926215313&ip=111.229.253.40, From: subscribe, IPv_Type: ipv4, Location: 美国, ISP: CloudFlare节点, Date: None, Delay: 25 ms, Speed: 12.35 M/s, Resolution: 1920x1080
Name: 无线星河, URL: http://php.jdshipin.com/smt.php?id=Xinhe, From: subscribe, IPv_Type: ipv6, Location: 美国, ISP: CloudFlare Inc., Date: None, Delay: -1 ms, Speed: 0.00 M/s, Resolution: None
Name: 无线星河, URL: http://v2h.jdshipin.com/xinghe_1/xinghe_1.stream/chunklist_w106.m3u8, From: subscribe, IPv_Type: ipv6, Location: 美国, ISP: CloudFlare Inc., Date: None, Delay: -1 ms, Speed: 0.00 M/s, Resolution: None
Name: 无线星河, URL: http://php.jdshipin.com:8880/TVOD/iptv.php?id=xinghe, From: subscribe, IPv_Type: ipv6, Location: 美国, ISP: CloudFlare Inc., Date: None, Delay: -1 ms, Speed: 0.00 M/s, Resolution: None
Name: 无线星河, URL: https://cdn9.163189.xyz/smt1.1.php?id=Xinhe, From: subscribe, IPv_Type: ipv6, Location: 美国, ISP: CloudFlare Inc., Date: None, Delay: -1 ms, Speed: 0.00 M/s, Resolution: None
Name: 无线星河, URL: https://cdn9.163189.xyz/smt3.1.1.php?id=Xinhe, From: subscribe, IPv_Type: ipv6, Location: 美国, ISP: CloudFlare Inc., Date: None, Delay: -1 ms, Speed: 0.00 M/s, Resolution: None
Name: 无线星河, URL: https://smt.1678520.xyz/smt3.2.1.php?id=Xinhe, From: subscribe, IPv_Type: ipv6, Location: 美国, ISP: CloudFlare Inc., Date: None, Delay: -1 ms, Speed: 0.00 M/s, Resolution: None
Name: 无线星河, URL: https://cdn6.101.qzz.io/163189/tvbxh, From: subscribe, IPv_Type: ipv6, Location: 美国, ISP: CloudFlare Inc., Date: None, Delay: -1 ms, Speed: 0.00 M/s, Resolution: None
Name: 星空卫视, URL: http://iptv.diyp.site/公众号【DIYP】关注一下啊.php?key=gat1&id=19, From: subscribe, IPv_Type: ipv6, Location: 美国, ISP: CloudFlare Inc., Date: None, Delay: -1 ms, Speed: 0.00 M/s, Resolution: None
Name: 星空卫视, URL: https://stream1.freetv.fun/xing-kong-wei-shi-12.m3u8, From: subscribe, IPv_Type: ipv6, Location: 美国, ISP: CloudFlare Inc., Date: None, Delay: -1 ms, Speed: 0.00 M/s, Resolution: None
Name: 星空卫视, URL: https://stream1.freetv.fun/xing-kong-wei-shi-4.ctv, From: subscribe, IPv_Type: ipv6, Location: 美国, ISP: CloudFlare Inc., Date: None, Delay: -1 ms, Speed: 0.00 M/s, Resolution: None
Name: 星空卫视, URL: https://stream1.freetv.fun/xing-kong-wei-shi-10.m3u8, From: subscribe, IPv_Type: ipv6, Location: 美国, ISP: CloudFlare Inc., Date: None, Delay: -1 ms, Speed: 0.00 M/s, Resolution: None
Name: 星空卫视, URL: https://stream1.freetv.fun/xing-kong-wei-shi-11.m3u8, From: subscribe, IPv_Type: ipv6, Location: 美国, ISP: CloudFlare Inc., Date: None, Delay: -1 ms, Speed: 0.00 M/s, Resolution: None
Name: 星空卫视, URL: http://wouu.net:9977/rtp/239.93.1.10:2193, From: subscribe, IPv_Type: ipv6, Location: 保留地址, ISP: 主机之间的链路本地地址, Date: None, Delay: -1 ms, Speed: 0.00 M/s, Resolution: None
Name: 星空卫视, URL: https://cdn.iptv8k.top/dl/jrys.php?id=21&time=20240926215313&ip=111.229.253.40, From: subscribe, IPv_Type: ipv4, Location: 美国, ISP: CloudFlare节点, Date: None, Delay: 26 ms, Speed: 12.05 M/s, Resolution: 1920x1080
Name: 东森电影, URL: http://iptv.diyp.site/公众号【DIYP】关注一下啊.php?key=gat2&id=11, From: subscribe, IPv_Type: ipv6, Location: 美国, ISP: CloudFlare Inc., Date: None, Delay: -1 ms, Speed: 0.00 M/s, Resolution: None
Name: 东森电影, URL: https://hls-gateway.vpstv.net/streams/476995.m3u8, From: subscribe, IPv_Type: ipv6, Location: 美国, ISP: CloudFlare Inc., Date: None, Delay: -1 ms, Speed: 0.00 M/s, Resolution: None
Name: 东森电影, URL: https://stream1.freetv.fun/dong-sen-dian-ying-8.ctv, From: subscribe, IPv_Type: ipv6, Location: 美国, ISP: CloudFlare Inc., Date: None, Delay: -1 ms, Speed: 0.00 M/s, Resolution: None
Name: 龙祥电影, URL: https://smt.858.qzz.io/Smart.php?id=lungxiangtime_twn, From: subscribe, IPv_Type: ipv6, Location: 美国, ISP: CloudFlare Inc., Date: None, Delay: -1 ms, Speed: 0.00 M/s, Resolution: None
Name: 龙祥电影, URL: https://smt.go-iptv.ggff.net/smart.php?id=lungxiangtime_twn&token=Goiptv, From: subscribe, IPv_Type: ipv6, Location: 美国, ISP: CloudFlare Inc., Date: None, Delay: -1 ms, Speed: 0.00 M/s, Resolution: None
Name: 东森洋片, URL: https://stream1.freetv.fun/dong-sen-yang-pian-3.m3u8, From: subscribe, IPv_Type: ipv6, Location: 美国, ISP: CloudFlare Inc., Date: None, Delay: -1 ms, Speed: 0.00 M/s, Resolution: None
Name: 东森洋片, URL: https://hls-gateway.vpstv.net/streams/476997.m3u8, From: subscribe, IPv_Type: ipv6, Location: 美国, ISP: CloudFlare Inc., Date: None, Delay: -1 ms, Speed: 0.00 M/s, Resolution: None
Name: 东森洋片, URL: https://live.catvod.com/catvod_com.php?id=ettvwestern, From: subscribe, IPv_Type: ipv6, Location: 美国, ISP: CloudFlare Inc., Date: None, Delay: -1 ms, Speed: 0.00 M/s, Resolution: None
Name: 东森洋片, URL: http://live.catvod.com/smart.php?id=ettvwestern, From: subscribe, IPv_Type: ipv6, Location: 美国, ISP: CloudFlare Inc., Date: None, Delay: -1 ms, Speed: 0.00 M/s, Resolution: None
Name: 东森洋片, URL: https://live.catvod.com/live.php?id=ettvwestern&token=db68a5975c00457036c2ee06023e5d93b4c5269f73044bec1cbfb813b47bf10a%3A1760491003%3ANTIuMTUwLjI5Ljk4, From: subscribe, IPv_Type: ipv6, Location: 美国, ISP: CloudFlare Inc., Date: None, Delay: -1 ms, Speed: 0.00 M/s, Resolution: None
Name: 东森洋片, URL: https://live.catvod.com/live.php?id=ettvwestern&token=26c45d6636a1192c92dd36198e022f2af4d26b0204f907d6765bdfafcf964f04%3A1761182302%3ANTIuMjM0LjQzLjE3Nw%3D%3D, From: subscribe, IPv_Type: ipv6, Location: 美国, ISP: CloudFlare Inc., Date: None, Delay: -1 ms, Speed: 0.00 M/s, Resolution: None
Name: 东森洋片, URL: https://live.catvod.com/live.php?id=ettvwestern&token=5e2cbbb7deb7d1b42f976b2d848ee5da6d09fa84744e0c7aaadd7dbe6ea33dca%3A1761268460%3AMTcyLjIwMC4xODMuMjQx, From: subscribe, IPv_Type: ipv6, Location: 美国, ISP: CloudFlare Inc., Date: None, Delay: -1 ms, Speed: 0.00 M/s, Resolution: None
Name: 东森洋片, URL: https://live.catvod.com/live.php?id=ettvwestern, From: subscribe, IPv_Type: ipv6, Location: 美国, ISP: CloudFlare Inc., Date: None, Delay: -1 ms, Speed: 0.00 M/s, Resolution: None
Name: 东森洋片, URL: http://php.666230.xyz/smt.php?id=ettvwestern, From: subscribe, IPv_Type: ipv6, Location: 美国, ISP: CloudFlare Inc., Date: None, Delay: -1 ms, Speed: 0.00 M/s, Resolution: None
Name: 东森洋片, URL: https://smt.go-iptv.ggff.net/smart.php?id=ettvwestern&token=Goiptv, From: subscribe, IPv_Type: ipv6, Location: 美国, ISP: CloudFlare Inc., Date: None, Delay: -1 ms, Speed: 0.00 M/s, Resolution: None
Name: 东森洋片, URL: https://smt.858.qzz.io/Smart.php?id=ettvwestern, From: subscribe, IPv_Type: ipv6, Location: 美国, ISP: CloudFlare Inc., Date: None, Delay: -1 ms, Speed: 0.00 M/s, Resolution: None
Name: 东森洋片, URL: https://cdn.iptv8k.top/dl/jrys.php?id=232&time=20240926215313&ip=111.229.253.40, From: subscribe, IPv_Type: ipv4, Location: 美国, ISP: CloudFlare节点, Date: None, Delay: 26 ms, Speed: 11.94 M/s, Resolution: 1920x1080
Name: 东森超视, URL: http://iptv.diyp.site/公众号【DIYP】.php?key=gat5&id=163e6c3e3bd21f2beb6af46d4b6b9353, From: subscribe, IPv_Type: ipv6, Location: 美国, ISP: CloudFlare Inc., Date: None, Delay: -1 ms, Speed: 0.00 M/s, Resolution: None
Name: 东森超视, URL: https://stream1.freetv.fun/dong-sen-chao-shi-4.m3u8, From: subscribe, IPv_Type: ipv6, Location: 美国, ISP: CloudFlare Inc., Date: None, Delay: -1 ms, Speed: 0.00 M/s, Resolution: None
Name: 东森超视, URL: https://smart.pendy.dpdns.org/Smart.php?id=ettvsuper, From: subscribe, IPv_Type: ipv6, Location: 美国, ISP: CloudFlare Inc., Date: None, Delay: -1 ms, Speed: 0.00 M/s, Resolution: None
Name: 东森超视, URL: https://stream1.freetv.fun/dong-sen-chao-shi-2.m3u8, From: subscribe, IPv_Type: ipv6, Location: 美国, ISP: CloudFlare Inc., Date: None, Delay: -1 ms, Speed: 0.00 M/s, Resolution: None
Name: 东森超视, URL: https://stream1.freetv.fun/dong-sen-chao-shi-7.ctv, From: subscribe, IPv_Type: ipv6, Location: 美国, ISP: CloudFlare Inc., Date: None, Delay: -1 ms, Speed: 0.00 M/s, Resolution: None
Name: 东森超视, URL: https://stream1.freetv.fun/dong-sen-chao-shi-8.m3u8, From: subscribe, IPv_Type: ipv6, Location: 美国, ISP: CloudFlare Inc., Date: None, Delay: -1 ms, Speed: 0.00 M/s, Resolution: None
Name: 东森超视, URL: https://stream1.freetv.fun/dong-sen-chao-shi-9.m3u8, From: subscribe, IPv_Type: ipv6, Location: 美国, ISP: CloudFlare Inc., Date: None, Delay: -1 ms, Speed: 0.00 M/s, Resolution: None
Name: 东森超视, URL: https://stream1.freetv.fun/dong-sen-chao-shi-8.ctv, From: subscribe, IPv_Type: ipv6, Location: 美国, ISP: CloudFlare Inc., Date: None, Delay: -1 ms, Speed: 0.00 M/s, Resolution: None
Name: 东森超视, URL: https://hls-gateway.vpstv.net/streams/476234.m3u8, From: subscribe, IPv_Type: ipv6, Location: 美国, ISP: CloudFlare Inc., Date: None, Delay: -1 ms, Speed: 0.00 M/s, Resolution: None
Name: 东森超视, URL: https://stream1.freetv.fun/dong-sen-chao-shi-2.ctv, From: subscribe, IPv_Type: ipv6, Location: 美国, ISP: CloudFlare Inc., Date: None, Delay: -1 ms, Speed: 0.00 M/s, Resolution: None
Name: 东森超视, URL: https://stream1.freetv.fun/dong-sen-chao-shi-6.ctv, From: subscribe, IPv_Type: ipv6, Location: 美国, ISP: CloudFlare Inc., Date: None, Delay: -1 ms, Speed: 0.00 M/s, Resolution: None
Name: CCTV-5, URL: http://php.jdshipin.com/TVOD/hljyd.php?id=3221226019, From: subscribe, IPv_Type: ipv6, Location: 美国, ISP: CloudFlare Inc., Date: None, Delay: -1 ms, Speed: 0.00 M/s, Resolution: None
Name: CCTV-5, URL: http://iptv.huuc.edu.cn/hls/cctv5hd.m3u8, From: subscribe, IPv_Type: ipv6, Location: 中国, ISP: 教育网, Date: None, Delay: -1 ms, Speed: 0.00 M/s, Resolution: None
Name: CCTV-5, URL: https://zby.130519.xyz/PLTV/11/224/3221225734/index.m3u8, From: subscribe, IPv_Type: ipv6, Location: 美国, ISP: CloudFlare Inc., Date: None, Delay: -1 ms, Speed: 0.00 M/s, Resolution: None
Name: CCTV-5, URL: https://www.freetv.top/migu/641886683.m3u8?migutoken=3e5c01f93922de8d1c940fe15bb47349b27e8f7a2e624dde1a83dff3b2a80f58b7624151a3a4d00488edee34f202818557340903382fae02bb754084eb942bd50e59061df36fab62fb5b908903, From: subscribe, IPv_Type: ipv6, Location: 美国-加利福尼亚州-圣克拉拉, ISP: DigitalOcean, Date: None, Delay: -1 ms, Speed: 0.00 M/s, Resolution: None
Name: CCTV-5, URL: http://[2409:8087:1a01:df::4077]/ottrrs.hl.chinamobile.com/PLTV/88888888/224/3221226019/index.m3u8, From: subscribe, IPv_Type: ipv6, Location: 中国, ISP: 中国移动, Date: None, Delay: -1 ms, Speed: 0.00 M/s, Resolution: None
Name: CCTV-5, URL: https://smart.pendy.dpdns.org/Smart.php?id=cctv5, From: subscribe, IPv_Type: ipv6, Location: 美国, ISP: CloudFlare Inc., Date: None, Delay: -1 ms, Speed: 0.00 M/s, Resolution: None
Name: CCTV-5, URL: http://[2409:8087:1a01:df::4077]:80/ottrrs.hl.chinamobile.com/TVOD/88888888/224/3221226019/index.m3u8, From: subscribe, IPv_Type: ipv6, Location: 中国, ISP: 中国移动, Date: None, Delay: -1 ms, Speed: 0.00 M/s, Resolution: None
Name: CCTV-5, URL: https://ldcctvwbcdks.v.kcdnvip.com/ldcctvwbcd/cdrmldcctv5plus_1/index.m3u8?b=200-2100, From: subscribe, IPv_Type: ipv6, Location: 中国, ISP: 中国联通, Date: None, Delay: -1 ms, Speed: 0.00 M/s, Resolution: None
Name: CCTV-5, URL: http://[2409:8087:1a01:df::4077]:80/ottrrs.hl.chinamobile.com/yinhe/88888888/224/3221226019/index.m3u8, From: subscribe, IPv_Type: ipv6, Location: 中国, ISP: 中国移动, Date: None, Delay: -1 ms, Speed: 0.00 M/s, Resolution: None
Name: CCTV-5, URL: http://[2409:8087:1a01:df::4077]:80/ottrrs.hl.chinamobile.com/PLTV/88888888/224/3221226019/index.m3u8, From: subscribe, IPv_Type: ipv6, Location: 中国, ISP: 中国移动, Date: None, Delay: -1 ms, Speed: 0.00 M/s, Resolution: None
Name: CCTV-5, URL: https://migu.188766.xyz/?migutoken=6da9dd3c7d37210f738039f7b8434453&id=CCTV5&type=yy, From: subscribe, IPv_Type: ipv6, Location: 美国, ISP: CloudFlare Inc., Date: None, Delay: -1 ms, Speed: 0.00 M/s, Resolution: None
Name: CCTV-5, URL: https://migu.188766.xyz/?migutoken=e0e465fd676646c4e33a92a77e7f7e81&id=CCTV5p&type=yy, From: subscribe, IPv_Type: ipv6, Location: 美国, ISP: CloudFlare Inc., Date: None, Delay: -1 ms, Speed: 0.00 M/s, Resolution: None
Name: CCTV-5, URL: https://iptv.catvod.com/live.php?id=CCTV-5, From: subscribe, IPv_Type: ipv6, Location: 美国, ISP: CloudFlare Inc., Date: None, Delay: -1 ms, Speed: 0.00 M/s, Resolution: None
Name: CCTV-5, URL: https://iptv.catvod.com/live.php?id=CCTV-5plus, From: subscribe, IPv_Type: ipv6, Location: 美国, ISP: CloudFlare Inc., Date: None, Delay: -1 ms, Speed: 0.00 M/s, Resolution: None
Name: CCTV-5, URL: https://hls-gateway.vpstv.net/streams/476885.m3u8, From: subscribe, IPv_Type: ipv6, Location: 美国, ISP: CloudFlare Inc., Date: None, Delay: -1 ms, Speed: 0.00 M/s, Resolution: None
Name: CCTV-5, URL: http://[2409:8087:8:21::18]:6610/otttv.bj.chinamobile.com/PLTV/88888888/224/3221226469/1.m3u8?, From: subscribe, IPv_Type: ipv6, Location: 中国, ISP: 中国移动, Date: None, Delay: -1 ms, Speed: 0.00 M/s, Resolution: None
Name: CCTV-5, URL: http://[2409:8087:1a01:df::4077]/ottrrs.hl.chinamobile.com/PLTV/88888888/8/3221226019/index.m3u8, From: subscribe, IPv_Type: ipv6, Location: 中国, ISP: 中国移动, Date: None, Delay: -1 ms, Speed: 0.00 M/s, Resolution: None
Name: CCTV-5, URL: https://migu.188766.xyz/?migutoken=015dac1ba88c65f57a7a9d1c8b707372&id=CCTV5&type=yy, From: subscribe, IPv_Type: ipv6, Location: 美国, ISP: CloudFlare Inc., Date: None, Delay: -1 ms, Speed: 0.00 M/s, Resolution: None
Name: CCTV-5, URL: https://migu.188766.xyz/?migutoken=5594c13771eda0047e0b8d0c0921bc69&id=CCTV5p&type=yy, From: subscribe, IPv_Type: ipv6, Location: 美国, ISP: CloudFlare Inc., Date: None, Delay: -1 ms, Speed: 0.00 M/s, Resolution: None
Name: CCTV-5, URL: https://migu.188766.xyz/?migutoken=0b3886af850071a8162f53ed77831b88&id=CCTV5&type=yy, From: subscribe, IPv_Type: ipv6, Location: 美国, ISP: CloudFlare Inc., Date: None, Delay: -1 ms, Speed: 0.00 M/s, Resolution: None
Name: CCTV-5, URL: https://migu.188766.xyz/?migutoken=67736b223a5b665d69afb10857ac5363&id=CCTV5p&type=yy, From: subscribe, IPv_Type: ipv6, Location: 美国, ISP: CloudFlare Inc., Date: None, Delay: -1 ms, Speed: 0.00 M/s, Resolution: None
Name: CCTV-5, URL: https://migu.188766.xyz/?migutoken=48bbd30016633cbcf423647047d90a4f&id=CCTV5&type=yy, From: subscribe, IPv_Type: ipv6, Location: 美国, ISP: CloudFlare Inc., Date: None, Delay: -1 ms, Speed: 0.00 M/s, Resolution: None
Name: CCTV-5, URL: https://migu.188766.xyz/?migutoken=a3824db7270042308673fa905895aece&id=CCTV5p&type=yy, From: subscribe, IPv_Type: ipv6, Location: 美国, ISP: CloudFlare Inc., Date: None, Delay: -1 ms, Speed: 0.00 M/s, Resolution: None
Name: CCTV-5, URL: https://migu.188766.xyz/?migutoken=36ff4fc38592b4ab3ea98562490a613d&id=CCTV5&type=yy, From: subscribe, IPv_Type: ipv6, Location: 美国, ISP: CloudFlare Inc., Date: None, Delay: -1 ms, Speed: 0.00 M/s, Resolution: None
Name: CCTV-5, URL: https://migu.188766.xyz/?migutoken=4d76e7eded549f1bb07c6bcd7aeaa56f&id=CCTV5p&type=yy, From: subscribe, IPv_Type: ipv6, Location: 美国, ISP: CloudFlare Inc., Date: None, Delay: -1 ms, Speed: 0.00 M/s, Resolution: None
Name: CCTV-5, URL: https://migu.188766.xyz/?migutoken=b3bde64f5b6efe8d0ad02e65e09785ae&id=CCTV5&type=yy, From: subscribe, IPv_Type: ipv6, Location: 美国, ISP: CloudFlare Inc., Date: None, Delay: -1 ms, Speed: 0.00 M/s, Resolution: None
Name: CCTV-5, URL: https://migu.188766.xyz/?migutoken=b28b2625ab79f3f568ba8673127a2913&id=CCTV5p&type=yy, From: subscribe, IPv_Type: ipv6, Location: 美国, ISP: CloudFlare Inc., Date: None, Delay: -1 ms, Speed: 0.00 M/s, Resolution: None
Name: CCTV-5, URL: https://iptv.catvod.com/live.php?id=CCTV5, From: subscribe, IPv_Type: ipv6, Location: 美国, ISP: CloudFlare Inc., Date: None, Delay: -1 ms, Speed: 0.00 M/s, Resolution: None
Name: CCTV-5, URL: https://migu.188766.xyz/?migutoken=0ef31531d347dfb6e1d0c26d4217578e&id=CCTV5&type=yy, From: subscribe, IPv_Type: ipv6, Location: 美国, ISP: CloudFlare Inc., Date: None, Delay: -1 ms, Speed: 0.00 M/s, Resolution: None
Name: CCTV-5, URL: https://migu.188766.xyz/?migutoken=cff335bae78b3d8e8e188fa0d603821e&id=CCTV5p&type=yy, From: subscribe, IPv_Type: ipv6, Location: 美国, ISP: CloudFlare Inc., Date: None, Delay: -1 ms, Speed: 0.00 M/s, Resolution: None
Name: CCTV-5, URL: https://migu.188766.xyz/?migutoken=763b4e6a2dc36a2fc9bce9561156de93&id=CCTV5&type=yy, From: subscribe, IPv_Type: ipv6, Location: 美国, ISP: CloudFlare Inc., Date: None, Delay: -1 ms, Speed: 0.00 M/s, Resolution: None
Name: CCTV-5, URL: https://migu.188766.xyz/?migutoken=106f338e986b8dc33591373ac654068a&id=CCTV5p&type=yy, From: subscribe, IPv_Type: ipv6, Location: 美国, ISP: CloudFlare Inc., Date: None, Delay: -1 ms, Speed: 0.00 M/s, Resolution: None
Name: CCTV-5, URL: https://migu.188766.xyz/?migutoken=07490da5f2a06be9036792be8bb76ef9&id=CCTV5&type=yy, From: subscribe, IPv_Type: ipv6, Location: 美国, ISP: CloudFlare Inc., Date: None, Delay: -1 ms, Speed: 0.00 M/s, Resolution: None
Name: CCTV-5, URL: https://migu.188766.xyz/?migutoken=6cffffbb4b3d117bf9b00656a87e55dc&id=CCTV5p&type=yy, From: subscribe, IPv_Type: ipv6, Location: 美国, ISP: CloudFlare Inc., Date: None, Delay: -1 ms, Speed: 0.00 M/s, Resolution: None
Name: CCTV-5, URL: https://migu.188766.xyz/?migutoken=69eaca09f1e6b2b2797e4a4c2fe34233&id=CCTV5&type=yy, From: subscribe, IPv_Type: ipv6, Location: 美国, ISP: CloudFlare Inc., Date: None, Delay: -1 ms, Speed: 0.00 M/s, Resolution: None
Name: CCTV-5, URL: https://migu.188766.xyz/?migutoken=04f4dfedad9497278a0786dd87f38311&id=CCTV5p&type=yy, From: subscribe, IPv_Type: ipv6, Location: 美国, ISP: CloudFlare Inc., Date: None, Delay: -1 ms, Speed: 0.00 M/s, Resolution: None
Name: CCTV-5, URL: https://migu.188766.xyz/?migutoken=c42551c689288d1c6f6a9e95a5d9d387&id=CCTV5&type=yy, From: subscribe, IPv_Type: ipv6, Location: 美国, ISP: CloudFlare Inc., Date: None, Delay: -1 ms, Speed: 0.00 M/s, Resolution: None
Name: CCTV-5, URL: https://migu.188766.xyz/?migutoken=22a1935beff8df1352b3b47bd548c04f&id=CCTV5p&type=yy, From: subscribe, IPv_Type: ipv6, Location: 美国, ISP: CloudFlare Inc., Date: None, Delay: -1 ms, Speed: 0.00 M/s, Resolution: None
Name: CCTV-5, URL: http://tvgslb.hn.chinamobile.com:8089/180000001002/00000001000000000099000000197689/main.m3u8?stbid=, From: subscribe, IPv_Type: ipv6, Location: 中国, ISP: 中国移动, Date: None, Delay: -1 ms, Speed: 0.00 M/s, Resolution: None
Name: CCTV-5, URL: http://tvgslb.hn.chinamobile.com:8089/180000001002/00000001000000000008000000047456/main.m3u8?stbid=, From: subscribe, IPv_Type: ipv6, Location: 中国, ISP: 中国移动, Date: None, Delay: -1 ms, Speed: 0.00 M/s, Resolution: None
Name: CCTV-5, URL: http://hwottcdn.ln.chinamobile.com/PLTV/11/224/3221227218/index.m3u8, From: subscribe, IPv_Type: ipv6, Location: 中国, ISP: 中国移动, Date: None, Delay: -1 ms, Speed: 0.00 M/s, Resolution: None
Name: CCTV-5, URL: http://ott.mobaibox.com/PLTV/3/224/3221228502/index.m3u8, From: subscribe, IPv_Type: ipv6, Location: 中国, ISP: 中国移动, Date: None, Delay: -1 ms, Speed: 0.00 M/s, Resolution: None
Name: CCTV-5, URL: http://hwltc.tv.cdn.zj.chinamobile.com/PLTV/88888888/224/3221236444/index.m3u8, From: subscribe, IPv_Type: ipv6, Location: 中国, ISP: 中国移动, Date: None, Delay: -1 ms, Speed: 0.00 M/s, Resolution: None
Name: CCTV-5, URL: http://rrs01.hw.gmcc.net:8088/PLTV/81/224/3221226731/1.m3u8, From: subscribe, IPv_Type: ipv6, Location: 中国, ISP: 中国移动, Date: None, Delay: -1 ms, Speed: 0.00 M/s, Resolution: None
Name: CCTV-5, URL: http://hwottcdn.ln.chinamobile.com/PLTV/11/224/3221227293/index.m3u8, From: subscribe, IPv_Type: ipv6, Location: 中国, ISP: 中国移动, Date: None, Delay: -1 ms, Speed: 0.00 M/s, Resolution: None
Name: CCTV-5, URL: http://hwottcdn.ln.chinamobile.com/PLTV/11/224/3221227338/index.m3u8, From: subscribe, IPv_Type: ipv6, Location: 中国, ISP: 中国移动, Date: None, Delay: -1 ms, Speed: 0.00 M/s, Resolution: None
Name: CCTV-5, URL: http://hwottcdn.ln.chinamobile.com/PLTV/11/224/3221226200/index.m3u8, From: subscribe, IPv_Type: ipv6, Location: 中国, ISP: 中国移动, Date: None, Delay: -1 ms, Speed: 0.00 M/s, Resolution: None
Name: CCTV-5, URL: http://k.061899.xyz/k.php?id=cctv5, From: subscribe, IPv_Type: ipv6, Location: 新加坡, ISP: Aceville Pte.Ltd., Date: None, Delay: -1 ms, Speed: 0.00 M/s, Resolution: None
Name: CCTV-5, URL: http://tvgslb.hn.chinamobile.com:8089/180000001002/00000000000000020000000000182561/main.m3u8?stbid=, From: subscribe, IPv_Type: ipv6, Location: 中国, ISP: 中国移动, Date: None, Delay: -1 ms, Speed: 0.00 M/s, Resolution: None
Name: CCTV-5, URL: http://ott.mobaibox.com/PLTV/3/224/3221228176/index.m3u8, From: subscribe, IPv_Type: ipv6, Location: 中国, ISP: 中国移动, Date: None, Delay: -1 ms, Speed: 0.00 M/s, Resolution: None
Name: CCTV-5, URL: http://k.061899.xyz/k.php?id=cctv5p, From: subscribe, IPv_Type: ipv6, Location: 新加坡, ISP: Aceville Pte.Ltd., Date: None, Delay: -1 ms, Speed: 0.00 M/s, Resolution: None
Name: CCTV-5, URL: http://hwottcdn.ln.chinamobile.com/PLTV/11/224/3221226910/index.m3u8, From: subscribe, IPv_Type: ipv6, Location: 中国, ISP: 中国移动, Date: None, Delay: -1 ms, Speed: 0.00 M/s, Resolution: None
Name: CCTV-5, URL: http://rrs01.hw.gmcc.net:8088/PLTV/81/224/3221226711/1.m3u8, From: subscribe, IPv_Type: ipv6, Location: 中国, ISP: 中国移动, Date: None, Delay: -1 ms, Speed: 0.00 M/s, Resolution: None
Name: CCTV-5, URL: http://hwltc.tv.cdn.zj.chinamobile.com/PLTV/88888888/224/3221236306/index.m3u8, From: subscribe, IPv_Type: ipv6, Location: 中国, ISP: 中国移动, Date: None, Delay: -1 ms, Speed: 0.00 M/s, Resolution: None
Name: CCTV-5, URL: http://tvgslb.hn.chinamobile.com:8089/180000001002/00000001000000000008000000047442/main.m3u8?stbid=, From: subscribe, IPv_Type: ipv6, Location: 中国, ISP: 中国移动, Date: None, Delay: -1 ms, Speed: 0.00 M/s, Resolution: None
Name: CCTV-5, URL: http://hwottcdn.ln.chinamobile.com/PLTV/11/224/3221227236/index.m3u8, From: subscribe, IPv_Type: ipv6, Location: 中国, ISP: 中国移动, Date: None, Delay: -1 ms, Speed: 0.00 M/s, Resolution: None
Name: CCTV-5, URL: http://hwottcdn.ln.chinamobile.com/PLTV/11/224/3221226745/index.m3u8, From: subscribe, IPv_Type: ipv6, Location: 中国, ISP: 中国移动, Date: None, Delay: -1 ms, Speed: 0.00 M/s, Resolution: None
Name: CCTV-5, URL: http://hwottcdn.ln.chinamobile.com/PLTV/11/224/3221226198/index.m3u8, From: subscribe, IPv_Type: ipv6, Location: 中国, ISP: 中国移动, Date: None, Delay: -1 ms, Speed: 0.00 M/s, Resolution: None
Name: CCTV-5, URL: https://migu.188766.xyz/?migutoken=cef9d26a1aeb0e6f5282a07f1a2bdaa6&id=CCTV5&type=yy, From: subscribe, IPv_Type: ipv6, Location: 美国, ISP: CloudFlare Inc., Date: None, Delay: -1 ms, Speed: 0.00 M/s, Resolution: None
Name: CCTV-5, URL: https://migu.188766.xyz/?migutoken=4aa339bd9b06016a10fea48423167f67&id=CCTV5p&type=yy, From: subscribe, IPv_Type: ipv6, Location: 美国, ISP: CloudFlare Inc., Date: None, Delay: -1 ms, Speed: 0.00 M/s, Resolution: None
Name: CCTV-5, URL: https://migu.188766.xyz/?migutoken=c8e0133967a0e288f7032f0e27300aa3&id=CCTV5&type=yy, From: subscribe, IPv_Type: ipv6, Location: 美国, ISP: CloudFlare Inc., Date: None, Delay: -1 ms, Speed: 0.00 M/s, Resolution: None
Name: CCTV-5, URL: https://migu.188766.xyz/?migutoken=2e433173463e31485c5182c461feb0ea&id=CCTV5p&type=yy, From: subscribe, IPv_Type: ipv6, Location: 美国, ISP: CloudFlare Inc., Date: None, Delay: -1 ms, Speed: 0.00 M/s, Resolution: None
Name: CCTV-5, URL: https://migu.188766.xyz/?migutoken=f9b995f0f53da3d4333bd647b37d20b6&id=CCTV5&type=yy, From: subscribe, IPv_Type: ipv6, Location: 美国, ISP: CloudFlare Inc., Date: None, Delay: -1 ms, Speed: 0.00 M/s, Resolution: None
Name: CCTV-5, URL: https://migu.188766.xyz/?migutoken=d21e9fd89e94b33e00649c1c360fd768&id=CCTV5p&type=yy, From: subscribe, IPv_Type: ipv6, Location: 美国, ISP: CloudFlare Inc., Date: None, Delay: -1 ms, Speed: 0.00 M/s, Resolution: None
Name: CCTV-5, URL: https://migu.188766.xyz/?migutoken=19d7756686bee8bab550504b3a8e998b&id=CCTV5&type=yy, From: subscribe, IPv_Type: ipv6, Location: 美国, ISP: CloudFlare Inc., Date: None, Delay: -1 ms, Speed: 0.00 M/s, Resolution: None
Name: CCTV-5, URL: https://migu.188766.xyz/?migutoken=297fb9c57607a408e6f367a87d1f63c4&id=CCTV5p&type=yy, From: subscribe, IPv_Type: ipv6, Location: 美国, ISP: CloudFlare Inc., Date: None, Delay: -1 ms, Speed: 0.00 M/s, Resolution: None
Name: CCTV-5, URL: https://migu.188766.xyz/?migutoken=7764b3003bb40318de3e079067665117&id=CCTV5&type=yy, From: subscribe, IPv_Type: ipv6, Location: 美国, ISP: CloudFlare Inc., Date: None, Delay: -1 ms, Speed: 0.00 M/s, Resolution: None
Name: CCTV-5, URL: https://migu.188766.xyz/?migutoken=eb8b7df54981b8d912718f5547ad2f94&id=CCTV5p&type=yy, From: subscribe, IPv_Type: ipv6, Location: 美国, ISP: CloudFlare Inc., Date: None, Delay: -1 ms, Speed: 0.00 M/s, Resolution: None
Name: CCTV-5, URL: https://migu.188766.xyz/?migutoken=3803480da7c3ee6e07115f4bb5827c0d&id=CCTV5&type=yy, From: subscribe, IPv_Type: ipv6, Location: 美国, ISP: CloudFlare Inc., Date: None, Delay: -1 ms, Speed: 0.00 M/s, Resolution: None
Name: CCTV-5, URL: https://migu.188766.xyz/?migutoken=c83b4f41efe4ebc2e7b4db08353cc545&id=CCTV5p&type=yy, From: subscribe, IPv_Type: ipv6, Location: 美国, ISP: CloudFlare Inc., Date: None, Delay: -1 ms, Speed: 0.00 M/s, Resolution: None
Name: CCTV-5, URL: https://migu.188766.xyz/?migutoken=e5ff77b01fe36e30113bc7f056fd7f0f&id=CCTV5&type=yy, From: subscribe, IPv_Type: ipv6, Location: 美国, ISP: CloudFlare Inc., Date: None, Delay: -1 ms, Speed: 0.00 M/s, Resolution: None
Name: CCTV-5, URL: https://migu.188766.xyz/?migutoken=2fdfe9117943b926c3d966185451467f&id=CCTV5p&type=yy, From: subscribe, IPv_Type: ipv6, Location: 美国, ISP: CloudFlare Inc., Date: None, Delay: -1 ms, Speed: 0.00 M/s, Resolution: None
Name: CCTV-5, URL: https://migu.188766.xyz/?migutoken=03ff350b76e6317104b6bbef670b1c76&id=CCTV5&type=yy, From: subscribe, IPv_Type: ipv6, Location: 美国, ISP: CloudFlare Inc., Date: None, Delay: -1 ms, Speed: 0.00 M/s, Resolution: None
Name: CCTV-5, URL: https://migu.188766.xyz/?migutoken=dab091165f850acdcef51e426ddd1616&id=CCTV5p&type=yy, From: subscribe, IPv_Type: ipv6, Location: 美国, ISP: CloudFlare Inc., Date: None, Delay: -1 ms, Speed: 0.00 M/s, Resolution: None
Name: CCTV-5, URL: https://migu.188766.xyz/?migutoken=b516ab91fe28836fe97fc9a221ac53c7&id=CCTV5&type=yy, From: subscribe, IPv_Type: ipv6, Location: 美国, ISP: CloudFlare Inc., Date: None, Delay: -1 ms, Speed: 0.00 M/s, Resolution: None
Name: CCTV-5, URL: https://migu.188766.xyz/?migutoken=8c6fab8a444d0721a2c30e15636d3a16&id=CCTV5p&type=yy, From: subscribe, IPv_Type: ipv6, Location: 美国, ISP: CloudFlare Inc., Date: None, Delay: -1 ms, Speed: 0.00 M/s, Resolution: None
Name: CCTV-5, URL: https://migu.188766.xyz/?migutoken=369a4b02b1b7adabd26d90a0d159cb3d&id=CCTV5&type=yy, From: subscribe, IPv_Type: ipv6, Location: 美国, ISP: CloudFlare Inc., Date: None, Delay: -1 ms, Speed: 0.00 M/s, Resolution: None
Name: CCTV-5, URL: https://migu.188766.xyz/?migutoken=987e453e95282556939c105e785ad7bb&id=CCTV5p&type=yy, From: subscribe, IPv_Type: ipv6, Location: 美国, ISP: CloudFlare Inc., Date: None, Delay: -1 ms, Speed: 0.00 M/s, Resolution: None
Name: CCTV-5, URL: https://migu.188766.xyz/?migutoken=88eed20cb8892f742cec5cb4d96762f3&id=CCTV5&type=yy, From: subscribe, IPv_Type: ipv6, Location: 美国, ISP: CloudFlare Inc., Date: None, Delay: -1 ms, Speed: 0.00 M/s, Resolution: None
Name: CCTV-5, URL: https://migu.188766.xyz/?migutoken=ae8a85e6f17b1383f9ad1a973489ad09&id=CCTV5p&type=yy, From: subscribe, IPv_Type: ipv6, Location: 美国, ISP: CloudFlare Inc., Date: None, Delay: -1 ms, Speed: 0.00 M/s, Resolution: None
Name: CCTV-5, URL: https://migu.188766.xyz/?migutoken=48216643b534e08c848e8f53e84bde38&id=CCTV5&type=yy, From: subscribe, IPv_Type: ipv6, Location: 美国, ISP: CloudFlare Inc., Date: None, Delay: -1 ms, Speed: 0.00 M/s, Resolution: None
Name: CCTV-5, URL: https://migu.188766.xyz/?migutoken=c336b1fa58440ae96671f4728b7ffd10&id=CCTV5p&type=yy, From: subscribe, IPv_Type: ipv6, Location: 美国, ISP: CloudFlare Inc., Date: None, Delay: -1 ms, Speed: 0.00 M/s, Resolution: None
Name: CCTV-5, URL: https://migu.188766.xyz/?migutoken=32f6ca1f9f07f951159844d7ab974c05&id=CCTV5&type=yy, From: subscribe, IPv_Type: ipv6, Location: 美国, ISP: CloudFlare Inc., Date: None, Delay: -1 ms, Speed: 0.00 M/s, Resolution: None
Name: CCTV-5, URL: https://migu.188766.xyz/?migutoken=f141fea1aa022499c48610385499ef18&id=CCTV5p&type=yy, From: subscribe, IPv_Type: ipv6, Location: 美国, ISP: CloudFlare Inc., Date: None, Delay: -1 ms, Speed: 0.00 M/s, Resolution: None
Name: CCTV-5, URL: https://migu.188766.xyz/?migutoken=32b88473afb290068b01bc9975125fae&id=CCTV5&type=yy, From: subscribe, IPv_Type: ipv6, Location: 美国, ISP: CloudFlare Inc., Date: None, Delay: -1 ms, Speed: 0.00 M/s, Resolution: None
Name: CCTV-5, URL: https://migu.188766.xyz/?migutoken=c8465a94d50f7573c61c620b877fd8e5&id=CCTV5p&type=yy, From: subscribe, IPv_Type: ipv6, Location: 美国, ISP: CloudFlare Inc., Date: None, Delay: -1 ms, Speed: 0.00 M/s, Resolution: None
Name: CCTV-5, URL: https://migu.188766.xyz/?migutoken=6b4ba1e3a4778853bbc99fbe3789dc72&id=CCTV5&type=yy, From: subscribe, IPv_Type: ipv6, Location: 美国, ISP: CloudFlare Inc., Date: None, Delay: -1 ms, Speed: 0.00 M/s, Resolution: None
Name: CCTV-5, URL: https://migu.188766.xyz/?migutoken=0a93b0f8c10c8c3d4114daf993d3a1f5&id=CCTV5p&type=yy, From: subscribe, IPv_Type: ipv6, Location: 美国, ISP: CloudFlare Inc., Date: None, Delay: -1 ms, Speed: 0.00 M/s, Resolution: None
Name: CCTV-5, URL: https://migu.188766.xyz/?migutoken=fee6315fb0316e1801b7a0eef7023969&id=CCTV5&type=yy, From: subscribe, IPv_Type: ipv6, Location: 美国, ISP: CloudFlare Inc., Date: None, Delay: -1 ms, Speed: 0.00 M/s, Resolution: None
Name: CCTV-5, URL: https://migu.188766.xyz/?migutoken=c6490b08f9affbb813f1711b77cbc4dd&id=CCTV5p&type=yy, From: subscribe, IPv_Type: ipv6, Location: 美国, ISP: CloudFlare Inc., Date: None, Delay: -1 ms, Speed: 0.00 M/s, Resolution: None
Name: CCTV-5, URL: https://migu.188766.xyz/?migutoken=ede1b0c965a5f97adc964f0223ae6b6e&id=CCTV5&type=yy, From: subscribe, IPv_Type: ipv6, Location: 美国, ISP: CloudFlare Inc., Date: None, Delay: -1 ms, Speed: 0.00 M/s, Resolution: None
Name: CCTV-5, URL: https://migu.188766.xyz/?migutoken=ca413694463edd2c32eb8d573be875ba&id=CCTV5p&type=yy, From: subscribe, IPv_Type: ipv6, Location: 美国, ISP: CloudFlare Inc., Date: None, Delay: -1 ms, Speed: 0.00 M/s, Resolution: None
Name: CCTV-5+, URL: http://php.jdshipin.com/TVOD/hljyd.php?id=3221225603, From: subscribe, IPv_Type: ipv6, Location: 美国, ISP: CloudFlare Inc., Date: None, Delay: -1 ms, Speed: 0.00 M/s, Resolution: None
Name: CCTV-5+, URL: https://www.freetv.top/migu/641886773.m3u8?migutoken=03a1b82e35e58cd89a95034ecb29e77e50493397000ec2b1e4d1ce59af01e6420d6dbc068c8230ec03be3a35a20eed8714e0959e3570a08713a7a2e8d86085eabf8f1aa85744c80c38343988b2, From: subscribe, IPv_Type: ipv6, Location: 美国-加利福尼亚州-圣克拉拉, ISP: DigitalOcean, Date: None, Delay: -1 ms, Speed: 0.00 M/s, Resolution: None
Name: CCTV-5+, URL: http://[2409:8087:1a01:df::4077]/ottrrs.hl.chinamobile.com/PLTV/88888888/8/3221225603/index.m3u8, From: subscribe, IPv_Type: ipv6, Location: 中国, ISP: 中国移动, Date: None, Delay: -1 ms, Speed: 0.00 M/s, Resolution: None
Name: CCTV-5+, URL: https://smart.pendy.dpdns.org/Smart.php?id=cctv5plus, From: subscribe, IPv_Type: ipv6, Location: 美国, ISP: CloudFlare Inc., Date: None, Delay: -1 ms, Speed: 0.00 M/s, Resolution: None
Name: CCTV-5+, URL: http://[2409:8087:1a01:df::4077]/ottrrs.hl.chinamobile.com/PLTV/88888888/224/3221225603/index.m3u8, From: subscribe, IPv_Type: ipv6, Location: 中国, ISP: 中国移动, Date: None, Delay: -1 ms, Speed: 0.00 M/s, Resolution: None
Name: CCTV-5+, URL: http://[2409:8087:1a0a:df::404b]/ottrrs.hl.chinamobile.com/TVOD/88888888/224/3221225603/index.m3u8, From: subscribe, IPv_Type: ipv6, Location: 中国, ISP: 中国移动, Date: None, Delay: -1 ms, Speed: 0.00 M/s, Resolution: None
Name: CCTV-5+, URL: http://[2409:8087:8:21::18]:6610/otttv.bj.chinamobile.com/PLTV/88888888/224/3221226349/1.m3u8, From: subscribe, IPv_Type: ipv6, Location: 中国, ISP: 中国移动, Date: None, Delay: -1 ms, Speed: 0.00 M/s, Resolution: None
Name: CCTV-5+, URL: http://iptv.cdn.ha.chinamobile.com/PLTV/88888888/224/3221227348/index.m3u8, From: subscribe, IPv_Type: ipv6, Location: 中国, ISP: 中国移动, Date: None, Delay: -1 ms, Speed: 0.00 M/s, Resolution: None
Name: CCTV-5+, URL: https://www.freetv.top/migu/641886773.m3u8?migutoken=d7396c05a877872a7519b5df4582a7a4bdf13c82d09889e561f50d0035f006d199741b00d465e4e41b0f706bccfe3420f5d427961e7698ad2a8b8d82d9d320a827310f6c8a7d1c8f203c91b392, From: subscribe, IPv_Type: ipv6, Location: 美国-加利福尼亚州-圣克拉拉, ISP: DigitalOcean, Date: None, Delay: -1 ms, Speed: 0.00 M/s, Resolution: None
Name: CCTV-5+, URL: https://www.freetv.top/migu/641886773.m3u8?migutoken=408252ae4ee84d4533a52e87dc35e108f3557992d0837a3c98af9093fccdb78373328e743136467868d2125b1fa35c3f4d576327db5e3ec96ec3108e28e950fb462f2dc81da44be8ae43ebe0ce, From: subscribe, IPv_Type: ipv6, Location: 美国-加利福尼亚州-圣克拉拉, ISP: DigitalOcean, Date: None, Delay: -1 ms, Speed: 0.00 M/s, Resolution: None
Name: CCTV-5+, URL: https://hls-gateway.vpstv.net/streams/476888.m3u8, From: subscribe, IPv_Type: ipv6, Location: 美国, ISP: CloudFlare Inc., Date: None, Delay: -1 ms, Speed: 0.00 M/s, Resolution: None
Name: CCTV-5+, URL: http://[2409:8087:8:21::18]:6610/otttv.bj.chinamobile.com/PLTV/88888888/224/3221226894/1.m3u8?, From: subscribe, IPv_Type: ipv6, Location: 中国, ISP: 中国移动, Date: None, Delay: -1 ms, Speed: 0.00 M/s, Resolution: None
Name: 广东体育, URL: http://r.jdshipin.com/LiYdg, From: subscribe, IPv_Type: ipv6, Location: 美国, ISP: CloudFlare Inc., Date: None, Delay: -1 ms, Speed: 0.00 M/s, Resolution: None
Name: 广东体育, URL: http://cdn2.163189.xyz/live/gdty/stream.m3u8, From: subscribe, IPv_Type: ipv6, Location: 新加坡, ISP: Aceville Pte.Ltd., Date: None, Delay: -1 ms, Speed: 0.00 M/s, Resolution: None
Name: 广东体育, URL: https://epg.pw/stream/7b470f9fc5c305db0c8622117b7b25ca00eb35ba3e93e865cf0ff9df5c736681.m3u8, From: subscribe, IPv_Type: ipv6, Location: 美国, ISP: CloudFlare Inc., Date: None, Delay: -1 ms, Speed: 0.00 M/s, Resolution: None
Name: 广东体育, URL: http://php.jdshipin.com/PLTV/iptv.php?id=gdty, From: subscribe, IPv_Type: ipv6, Location: 美国, ISP: CloudFlare Inc., Date: None, Delay: -1 ms, Speed: 0.00 M/s, Resolution: None
Name: 广东体育, URL: http://php.jdshipin.com/TVOD/iptv.php?id=gdty, From: subscribe, IPv_Type: ipv6, Location: 美国, ISP: CloudFlare Inc., Date: None, Delay: -1 ms, Speed: 0.00 M/s, Resolution: None
Name: 广东体育, URL: https://stream1.freetv.fun/yan-dong-ti-yu-10.ctv, From: subscribe, IPv_Type: ipv6, Location: 美国, ISP: CloudFlare Inc., Date: None, Delay: -1 ms, Speed: 0.00 M/s, Resolution: None
Name: 广东体育, URL: https://stream1.freetv.fun/yan-dong-ti-yu-11.ctv, From: subscribe, IPv_Type: ipv6, Location: 美国, ISP: CloudFlare Inc., Date: None, Delay: -1 ms, Speed: 0.00 M/s, Resolution: None
Name: 广东体育, URL: https://stream1.freetv.fun/yan-dong-ti-yu-14.ctv, From: subscribe, IPv_Type: ipv6, Location: 美国, ISP: CloudFlare Inc., Date: None, Delay: -1 ms, Speed: 0.00 M/s, Resolution: None
Name: 广东体育, URL: https://stream1.freetv.fun/yan-dong-ti-yu-16.m3u8, From: subscribe, IPv_Type: ipv6, Location: 美国, ISP: CloudFlare Inc., Date: None, Delay: -1 ms, Speed: 0.00 M/s, Resolution: None
Name: 广东体育, URL: https://stream1.freetv.fun/yan-dong-ti-yu-17.ctv, From: subscribe, IPv_Type: ipv6, Location: 美国, ISP: CloudFlare Inc., Date: None, Delay: -1 ms, Speed: 0.00 M/s, Resolution: None
Name: 广东体育, URL: https://stream1.freetv.fun/yan-dong-ti-yu-18.ctv, From: subscribe, IPv_Type: ipv6, Location: 美国, ISP: CloudFlare Inc., Date: None, Delay: -1 ms, Speed: 0.00 M/s, Resolution: None
Name: 广东体育, URL: https://migu.188766.xyz/?migutoken=477427f3bb563f573316974f1288c6d5&id=hk_gdty&type=dy, From: subscribe, IPv_Type: ipv6, Location: 美国, ISP: CloudFlare Inc., Date: None, Delay: -1 ms, Speed: 0.00 M/s, Resolution: None
Name: 广东体育, URL: https://hk.188766.xyz/?migutoken=ebbaf36b22e6cd77819e837526fdbd23&id=gd_gdty&type=sz, From: subscribe, IPv_Type: ipv6, Location: 美国, ISP: CloudFlare Inc., Date: None, Delay: -1 ms, Speed: 0.00 M/s, Resolution: None
Name: 广东体育, URL: https://hls-gateway.vpstv.net/streams/476954.m3u8, From: subscribe, IPv_Type: ipv6, Location: 美国, ISP: CloudFlare Inc., Date: None, Delay: -1 ms, Speed: 0.00 M/s, Resolution: None
Name: 广东体育, URL: https://stream1.freetv.fun/yan-dong-ti-yu-33.ctv, From: subscribe, IPv_Type: ipv6, Location: 美国, ISP: CloudFlare Inc., Date: None, Delay: -1 ms, Speed: 0.00 M/s, Resolution: None
Name: 广东体育, URL: https://stream1.freetv.fun/yan-dong-ti-yu-5.ctv, From: subscribe, IPv_Type: ipv6, Location: 美国, ISP: CloudFlare Inc., Date: None, Delay: -1 ms, Speed: 0.00 M/s, Resolution: None
Name: 广东体育, URL: https://stream1.freetv.fun/yan-dong-ti-yu-25.ctv, From: subscribe, IPv_Type: ipv6, Location: 美国, ISP: CloudFlare Inc., Date: None, Delay: -1 ms, Speed: 0.00 M/s, Resolution: None
Name: 广东体育, URL: https://migu.188766.xyz/?migutoken=97eadf6c5d21d119517ca25b81f94bbb&id=hk_gdty&type=dy, From: subscribe, IPv_Type: ipv6, Location: 美国, ISP: CloudFlare Inc., Date: None, Delay: -1 ms, Speed: 0.00 M/s, Resolution: None
Name: 广东体育, URL: https://hk.188766.xyz/?migutoken=fae125ee59fcadac6446b2d6887bc6c1&id=gd_gdty&type=sz, From: subscribe, IPv_Type: ipv6, Location: 美国, ISP: CloudFlare Inc., Date: None, Delay: -1 ms, Speed: 0.00 M/s, Resolution: None
Name: 广东体育, URL: https://migu.188766.xyz/?migutoken=b6a474152fd6ec050343d0c1fec85a04&id=hk_gdty&type=dy, From: subscribe, IPv_Type: ipv6, Location: 美国, ISP: CloudFlare Inc., Date: None, Delay: -1 ms, Speed: 0.00 M/s, Resolution: None
Name: 广东体育, URL: https://hk.188766.xyz/?migutoken=c2fde84470d3a3f03a3b35dc580bc855&id=gd_gdty&type=sz, From: subscribe, IPv_Type: ipv6, Location: 美国, ISP: CloudFlare Inc., Date: None, Delay: -1 ms, Speed: 0.00 M/s, Resolution: None
Name: 广东体育, URL: https://migu.188766.xyz/?migutoken=6ea9495ca5476090696aa79190f62a53&id=hk_gdty&type=dy, From: subscribe, IPv_Type: ipv6, Location: 美国, ISP: CloudFlare Inc., Date: None, Delay: -1 ms, Speed: 0.00 M/s, Resolution: None
Name: 广东体育, URL: https://hk.188766.xyz/?migutoken=dc1e91720698fda122d7e54c373ad3e7&id=gd_gdty&type=sz, From: subscribe, IPv_Type: ipv6, Location: 美国, ISP: CloudFlare Inc., Date: None, Delay: -1 ms, Speed: 0.00 M/s, Resolution: None
Name: 广东体育, URL: https://migu.188766.xyz/?migutoken=e88d4ca9d19d005bbc2d90756e006221&id=hk_gdty&type=dy, From: subscribe, IPv_Type: ipv6, Location: 美国, ISP: CloudFlare Inc., Date: None, Delay: -1 ms, Speed: 0.00 M/s, Resolution: None
Name: 广东体育, URL: https://hk.188766.xyz/?migutoken=ec818ef9c2c08716e9e08630067a0bc3&id=gd_gdty&type=sz, From: subscribe, IPv_Type: ipv6, Location: 美国, ISP: CloudFlare Inc., Date: None, Delay: -1 ms, Speed: 0.00 M/s, Resolution: None
Name: 广东体育, URL: https://migu.188766.xyz/?migutoken=58b5b7fead6f56d8a893f5cff10a06c1&id=hk_gdty&type=dy, From: subscribe, IPv_Type: ipv6, Location: 美国, ISP: CloudFlare Inc., Date: None, Delay: -1 ms, Speed: 0.00 M/s, Resolution: None
Name: 广东体育, URL: https://hk.188766.xyz/?migutoken=ee603c3af677ad6df25894d19fbd6d6e&id=gd_gdty&type=sz, From: subscribe, IPv_Type: ipv6, Location: 美国, ISP: CloudFlare Inc., Date: None, Delay: -1 ms, Speed: 0.00 M/s, Resolution: None
Name: 广东体育, URL: https://migu.188766.xyz/?migutoken=e44dacc1380991938b486159ef4fbdf1&id=hk_gdty&type=dy, From: subscribe, IPv_Type: ipv6, Location: 美国, ISP: CloudFlare Inc., Date: None, Delay: -1 ms, Speed: 0.00 M/s, Resolution: None
Name: 广东体育, URL: https://hk.188766.xyz/?migutoken=c8921a4b25be4bfd795c97cb5ce39cb8&id=gd_gdty&type=sz, From: subscribe, IPv_Type: ipv6, Location: 美国, ISP: CloudFlare Inc., Date: None, Delay: -1 ms, Speed: 0.00 M/s, Resolution: None
Name: 广东体育, URL: https://migu.188766.xyz/?migutoken=150de6451540839a58762ad6f7ea603a&id=hk_gdty&type=dy, From: subscribe, IPv_Type: ipv6, Location: 美国, ISP: CloudFlare Inc., Date: None, Delay: -1 ms, Speed: 0.00 M/s, Resolution: None
Name: 广东体育, URL: https://hk.188766.xyz/?migutoken=2efa30ac9bfa36dc49c2d8d0c6f08d31&id=gd_gdty&type=sz, From: subscribe, IPv_Type: ipv6, Location: 美国, ISP: CloudFlare Inc., Date: None, Delay: -1 ms, Speed: 0.00 M/s, Resolution: None
Name: 广东体育, URL: https://migu.188766.xyz/?migutoken=044417bad8998d877db11d88a3088d6d&id=hk_gdty&type=dy, From: subscribe, IPv_Type: ipv6, Location: 美国, ISP: CloudFlare Inc., Date: None, Delay: -1 ms, Speed: 0.00 M/s, Resolution: None
Name: 广东体育, URL: https://hk.188766.xyz/?migutoken=1084de2afad29510c912397525096b9b&id=gd_gdty&type=sz, From: subscribe, IPv_Type: ipv6, Location: 美国, ISP: CloudFlare Inc., Date: None, Delay: -1 ms, Speed: 0.00 M/s, Resolution: None
Name: 广东体育, URL: https://migu.188766.xyz/?migutoken=527a1a7e6a1fee490f3ab2077de46719&id=hk_gdty&type=dy, From: subscribe, IPv_Type: ipv6, Location: 美国, ISP: CloudFlare Inc., Date: None, Delay: -1 ms, Speed: 0.00 M/s, Resolution: None
Name: 广东体育, URL: https://hk.188766.xyz/?migutoken=9133df9f04c5dc8284e3fa04b6f579ac&id=gd_gdty&type=sz, From: subscribe, IPv_Type: ipv6, Location: 美国, ISP: CloudFlare Inc., Date: None, Delay: -1 ms, Speed: 0.00 M/s, Resolution: None
Name: 广东体育, URL: https://migu.188766.xyz/?migutoken=3c6aca2f41592ddf4fd08e33d4cbf7d3&id=hk_gdty&type=dy, From: subscribe, IPv_Type: ipv6, Location: 美国, ISP: CloudFlare Inc., Date: None, Delay: -1 ms, Speed: 0.00 M/s, Resolution: None
Name: 广东体育, URL: https://hk.188766.xyz/?migutoken=c783d19ae681a22266f44a92dacb8089&id=gd_gdty&type=sz, From: subscribe, IPv_Type: ipv6, Location: 美国, ISP: CloudFlare Inc., Date: None, Delay: -1 ms, Speed: 0.00 M/s, Resolution: None
Name: 广东体育, URL: https://migu.188766.xyz/?migutoken=22eecf47e050e11e7deb614f54ff26af&id=hk_gdty&type=dy, From: subscribe, IPv_Type: ipv6, Location: 美国, ISP: CloudFlare Inc., Date: None, Delay: -1 ms, Speed: 0.00 M/s, Resolution: None
Name: 广东体育, URL: https://hk.188766.xyz/?migutoken=844abba3409e08b05f703c9f0a476dcd&id=gd_gdty&type=sz, From: subscribe, IPv_Type: ipv6, Location: 美国, ISP: CloudFlare Inc., Date: None, Delay: -1 ms, Speed: 0.00 M/s, Resolution: None
Name: 广东体育, URL: https://migu.188766.xyz/?migutoken=833323f91c2dfdf11ea923cb2d1cbf39&id=hk_gdty&type=dy, From: subscribe, IPv_Type: ipv6, Location: 美国, ISP: CloudFlare Inc., Date: None, Delay: -1 ms, Speed: 0.00 M/s, Resolution: None
Name: 广东体育, URL: https://hk.188766.xyz/?migutoken=8359d5db9ac7060ef90dc85a5a223297&id=gd_gdty&type=sz, From: subscribe, IPv_Type: ipv6, Location: 美国, ISP: CloudFlare Inc., Date: None, Delay: -1 ms, Speed: 0.00 M/s, Resolution: None
Name: 广东体育, URL: https://migu.188766.xyz/?migutoken=decff9c836be75e4f242ae97251220a2&id=hk_gdty&type=dy, From: subscribe, IPv_Type: ipv6, Location: 美国, ISP: CloudFlare Inc., Date: None, Delay: -1 ms, Speed: 0.00 M/s, Resolution: None
Name: 广东体育, URL: https://hk.188766.xyz/?migutoken=a26523f638564681aebf403a42281fa1&id=gd_gdty&type=sz, From: subscribe, IPv_Type: ipv6, Location: 美国, ISP: CloudFlare Inc., Date: None, Delay: -1 ms, Speed: 0.00 M/s, Resolution: None
Name: 广东体育, URL: https://migu.188766.xyz/?migutoken=dcf16d393119023e98a2d85a239e9da7&id=hk_gdty&type=dy, From: subscribe, IPv_Type: ipv6, Location: 美国, ISP: CloudFlare Inc., Date: None, Delay: -1 ms, Speed: 0.00 M/s, Resolution: None
Name: 广东体育, URL: https://hk.188766.xyz/?migutoken=b81639f989eb1f7ada8f1930007e72a8&id=gd_gdty&type=sz, From: subscribe, IPv_Type: ipv6, Location: 美国, ISP: CloudFlare Inc., Date: None, Delay: -1 ms, Speed: 0.00 M/s, Resolution: None
Name: 广东体育, URL: https://migu.188766.xyz/?migutoken=ca4c526ff63f8eca8e8a7a783b125f35&id=hk_gdty&type=dy, From: subscribe, IPv_Type: ipv6, Location: 美国, ISP: CloudFlare Inc., Date: None, Delay: -1 ms, Speed: 0.00 M/s, Resolution: None
Name: 广东体育, URL: https://hk.188766.xyz/?migutoken=6908b3d573298698ee456a1993928d8a&id=gd_gdty&type=sz, From: subscribe, IPv_Type: ipv6, Location: 美国, ISP: CloudFlare Inc., Date: None, Delay: -1 ms, Speed: 0.00 M/s, Resolution: None
Name: 广东体育, URL: https://migu.188766.xyz/?migutoken=fb952411c9131263bc542f0113f73282&id=hk_gdty&type=dy, From: subscribe, IPv_Type: ipv6, Location: 美国, ISP: CloudFlare Inc., Date: None, Delay: -1 ms, Speed: 0.00 M/s, Resolution: None
Name: 广东体育, URL: https://hk.188766.xyz/?migutoken=efbd171115faa642441c2d0f5d741877&id=gd_gdty&type=sz, From: subscribe, IPv_Type: ipv6, Location: 美国, ISP: CloudFlare Inc., Date: None, Delay: -1 ms, Speed: 0.00 M/s, Resolution: None
Name: 广东体育, URL: https://migu.188766.xyz/?migutoken=6587793cbe3978df2b089351b5fd2005&id=hk_gdty&type=dy, From: subscribe, IPv_Type: ipv6, Location: 美国, ISP: CloudFlare Inc., Date: None, Delay: -1 ms, Speed: 0.00 M/s, Resolution: None
Name: 广东体育, URL: https://hk.188766.xyz/?migutoken=95f4f69ef4c3d8b581660910887979a1&id=gd_gdty&type=sz, From: subscribe, IPv_Type: ipv6, Location: 美国, ISP: CloudFlare Inc., Date: None, Delay: -1 ms, Speed: 0.00 M/s, Resolution: None
Name: 广东体育, URL: https://migu.188766.xyz/?migutoken=30d849e50e81d6d57effab0777f2f72f&id=hk_gdty&type=dy, From: subscribe, IPv_Type: ipv6, Location: 美国, ISP: CloudFlare Inc., Date: None, Delay: -1 ms, Speed: 0.00 M/s, Resolution: None
Name: 广东体育, URL: https://hk.188766.xyz/?migutoken=144702545d8eb0129a47c3612d1d7b74&id=gd_gdty&type=sz, From: subscribe, IPv_Type: ipv6, Location: 美国, ISP: CloudFlare Inc., Date: None, Delay: -1 ms, Speed: 0.00 M/s, Resolution: None
Name: 广东体育, URL: https://migu.188766.xyz/?migutoken=cf7ef12d09b5748efc948df3158856bf&id=hk_gdty&type=dy, From: subscribe, IPv_Type: ipv6, Location: 美国, ISP: CloudFlare Inc., Date: None, Delay: -1 ms, Speed: 0.00 M/s, Resolution: None
Name: 广东体育, URL: https://hk.188766.xyz/?migutoken=fad52aace95accd63bca7107633633d0&id=gd_gdty&type=sz, From: subscribe, IPv_Type: ipv6, Location: 美国, ISP: CloudFlare Inc., Date: None, Delay: -1 ms, Speed: 0.00 M/s, Resolution: None
Name: 广东体育, URL: https://migu.188766.xyz/?migutoken=0c36f6e92bd23e2d03e7dbe29624a67f&id=hk_gdty&type=dy, From: subscribe, IPv_Type: ipv6, Location: 美国, ISP: CloudFlare Inc., Date: None, Delay: -1 ms, Speed: 0.00 M/s, Resolution: None
Name: 广东体育, URL: https://hk.188766.xyz/?migutoken=9f7625aa19bb0c19454971325b1f0355&id=gd_gdty&type=sz, From: subscribe, IPv_Type: ipv6, Location: 美国, ISP: CloudFlare Inc., Date: None, Delay: -1 ms, Speed: 0.00 M/s, Resolution: None
Name: 广东体育, URL: https://migu.188766.xyz/?migutoken=39d2608e69c9ea2ba7458fabfb2cbd92&id=hk_gdty&type=dy, From: subscribe, IPv_Type: ipv6, Location: 美国, ISP: CloudFlare Inc., Date: None, Delay: -1 ms, Speed: 0.00 M/s, Resolution: None
Name: 广东体育, URL: https://hk.188766.xyz/?migutoken=c4134fac5b7c75d42c1ebaca6c154fc9&id=gd_gdty&type=sz, From: subscribe, IPv_Type: ipv6, Location: 美国, ISP: CloudFlare Inc., Date: None, Delay: -1 ms, Speed: 0.00 M/s, Resolution: None
Name: 广东体育, URL: https://migu.188766.xyz/?migutoken=4e518cdf0eaf84edef7120d38e8deeeb&id=hk_gdty&type=dy, From: subscribe, IPv_Type: ipv6, Location: 美国, ISP: CloudFlare Inc., Date: None, Delay: -1 ms, Speed: 0.00 M/s, Resolution: None
Name: 广东体育, URL: https://hk.188766.xyz/?migutoken=f9aff2c4ebcd55f3363a8a1cdf9b660a&id=gd_gdty&type=sz, From: subscribe, IPv_Type: ipv6, Location: 美国, ISP: CloudFlare Inc., Date: None, Delay: -1 ms, Speed: 0.00 M/s, Resolution: None
Name: 广东体育, URL: https://migu.188766.xyz/?migutoken=8dd47ce2accaccd66acab75ddcb9f15a&id=hk_gdty&type=dy, From: subscribe, IPv_Type: ipv6, Location: 美国, ISP: CloudFlare Inc., Date: None, Delay: -1 ms, Speed: 0.00 M/s, Resolution: None
Name: 广东体育, URL: https://hk.188766.xyz/?migutoken=9a99bf81bebec4167f2e206c8314224e&id=gd_gdty&type=sz, From: subscribe, IPv_Type: ipv6, Location: 美国, ISP: CloudFlare Inc., Date: None, Delay: -1 ms, Speed: 0.00 M/s, Resolution: None
Name: 广东体育, URL: http://cdn2.132.us.kg/live/gdty/stream.m3u8, From: subscribe, IPv_Type: ipv6, Location: 美国, ISP: CloudFlare Inc., Date: None, Delay: -1 ms, Speed: 0.00 M/s, Resolution: None
Name: 广东体育, URL: https://migu.188766.xyz/?migutoken=f59bc4cdebb45f3b352549c49b5c63b1&id=hk_gdty&type=dy, From: subscribe, IPv_Type: ipv6, Location: 美国, ISP: CloudFlare Inc., Date: None, Delay: -1 ms, Speed: 0.00 M/s, Resolution: None
Name: 广东体育, URL: https://hk.188766.xyz/?migutoken=d1a075deb06fe184db5a9aee416b895c&id=gd_gdty&type=sz, From: subscribe, IPv_Type: ipv6, Location: 美国, ISP: CloudFlare Inc., Date: None, Delay: -1 ms, Speed: 0.00 M/s, Resolution: None
Name: 广东体育, URL: https://migu.188766.xyz/?migutoken=80f151799a27c3dedab0e3f9cfedd1bb&id=hk_gdty&type=dy, From: subscribe, IPv_Type: ipv6, Location: 美国, ISP: CloudFlare Inc., Date: None, Delay: -1 ms, Speed: 0.00 M/s, Resolution: None
Name: 广东体育, URL: https://hk.188766.xyz/?migutoken=a39805911190c43727068baeee61ccb0&id=gd_gdty&type=sz, From: subscribe, IPv_Type: ipv6, Location: 美国, ISP: CloudFlare Inc., Date: None, Delay: -1 ms, Speed: 0.00 M/s, Resolution: None
Name: 广东体育, URL: https://migu.188766.xyz/?migutoken=4f209778a3ef5af0bbd4a83a98ba440e&id=hk_gdty&type=dy, From: subscribe, IPv_Type: ipv6, Location: 美国, ISP: CloudFlare Inc., Date: None, Delay: -1 ms, Speed: 0.00 M/s, Resolution: None
Name: 广东体育, URL: https://hk.188766.xyz/?migutoken=6182e11278dfe4ac6275284e7b70e9d0&id=gd_gdty&type=sz, From: subscribe, IPv_Type: ipv6, Location: 美国, ISP: CloudFlare Inc., Date: None, Delay: -1 ms, Speed: 0.00 M/s, Resolution: None
Name: 广东体育, URL: https://migu.188766.xyz/?migutoken=b61652d6c505d5a3eaaf3317eee75e34&id=hk_gdty&type=dy, From: subscribe, IPv_Type: ipv6, Location: 美国, ISP: CloudFlare Inc., Date: None, Delay: -1 ms, Speed: 0.00 M/s, Resolution: None
Name: 广东体育, URL: https://hk.188766.xyz/?migutoken=f704e1f1ae57850894abe4edd26e2ce1&id=gd_gdty&type=sz, From: subscribe, IPv_Type: ipv6, Location: 美国, ISP: CloudFlare Inc., Date: None, Delay: -1 ms, Speed: 0.00 M/s, Resolution: None
Name: 纬来体育, URL: http://iptv.diyp.site/公众号【DIYP】.php?key=gat5&id=8d6457d1b6c00daea5b90e3c3cb2fde8, From: subscribe, IPv_Type: ipv6, Location: 美国, ISP: CloudFlare Inc., Date: None, Delay: -1 ms, Speed: 0.00 M/s, Resolution: None
Name: 纬来体育, URL: https://smart.pendy.dpdns.org/Smart.php?id=videolandsport, From: subscribe, IPv_Type: ipv6, Location: 美国, ISP: CloudFlare Inc., Date: None, Delay: -1 ms, Speed: 0.00 M/s, Resolution: None
Name: 纬来体育, URL: https://epg.pw/stream/8855a9936e37e608a0ec8a014cce1673dee9c5d68d560da376cc92e5edef2b25.m3u8, From: subscribe, IPv_Type: ipv6, Location: 美国, ISP: CloudFlare Inc., Date: None, Delay: -1 ms, Speed: 0.00 M/s, Resolution: None
Name: 纬来体育, URL: https://epg.pw/stream/ab6df63b64d0cc44a1f4f029ed847a26fa54a7aebd455578fb05a63f02c22f4b.m3u8, From: subscribe, IPv_Type: ipv6, Location: 美国, ISP: CloudFlare Inc., Date: None, Delay: -1 ms, Speed: 0.00 M/s, Resolution: None
Name: 纬来体育, URL: https://epg.pw/stream/4f18dfe0593db5c686eb64ae8edaf2a9202d4d46bdc9bbde2cee27708e12ea01.m3u8, From: subscribe, IPv_Type: ipv6, Location: 美国, ISP: CloudFlare Inc., Date: None, Delay: -1 ms, Speed: 0.00 M/s, Resolution: None
Name: 纬来体育, URL: https://hls-gateway.vpstv.net/streams/477026.m3u8, From: subscribe, IPv_Type: ipv6, Location: 美国, ISP: CloudFlare Inc., Date: None, Delay: -1 ms, Speed: 0.00 M/s, Resolution: None
Name: 五星体育, URL: https://zby.130519.xyz/PLTV/11/224/3221225732/index.m3u8, From: subscribe, IPv_Type: ipv6, Location: 美国, ISP: CloudFlare Inc., Date: None, Delay: -1 ms, Speed: 0.00 M/s, Resolution: None
Name: 五星体育, URL: https://migu.188766.xyz/?migutoken=b7c5882412b707005631cd7609d93bff&id=%E4%BA%94%E6%98%9F%E4%BD%93%E8%82%B2&pp=1, From: subscribe, IPv_Type: ipv6, Location: 美国, ISP: CloudFlare Inc., Date: None, Delay: -1 ms, Speed: 0.00 M/s, Resolution: None
Name: 五星体育, URL: https://other.ottiptv.cc/wxty.m3u8, From: subscribe, IPv_Type: ipv6, Location: 美国, ISP: CloudFlare Inc., Date: None, Delay: -1 ms, Speed: 0.00 M/s, Resolution: None
Name: 五星体育, URL: https://hls-gateway.vpstv.net/streams/636980.m3u8, From: subscribe, IPv_Type: ipv6, Location: 美国, ISP: CloudFlare Inc., Date: None, Delay: -1 ms, Speed: 0.00 M/s, Resolution: None
Name: 五星体育, URL: https://stream1.freetv.fun/wu-xing-ti-yu-9.m3u8, From: subscribe, IPv_Type: ipv6, Location: 美国, ISP: CloudFlare Inc., Date: None, Delay: -1 ms, Speed: 0.00 M/s, Resolution: None
Name: 五星体育, URL: https://stream1.freetv.fun/ipv6-wu-xing-ti-yu-7.m3u8, From: subscribe, IPv_Type: ipv6, Location: 美国, ISP: CloudFlare Inc., Date: None, Delay: -1 ms, Speed: 0.00 M/s, Resolution: None
Name: 五星体育, URL: https://stream1.freetv.fun/ipv6-wu-xing-ti-yu-2.m3u8, From: subscribe, IPv_Type: ipv6, Location: 美国, ISP: CloudFlare Inc., Date: None, Delay: -1 ms, Speed: 0.00 M/s, Resolution: None
Name: 五星体育, URL: https://stream1.freetv.fun/wu-xing-ti-yu-10.m3u8, From: subscribe, IPv_Type: ipv6, Location: 美国, ISP: CloudFlare Inc., Date: None, Delay: -1 ms, Speed: 0.00 M/s, Resolution: None
Name: 五星体育, URL: https://stream1.freetv.fun/wu-xing-ti-yu-15.m3u8, From: subscribe, IPv_Type: ipv6, Location: 美国, ISP: CloudFlare Inc., Date: None, Delay: -1 ms, Speed: 0.00 M/s, Resolution: None
Name: 五星体育, URL: https://stream1.freetv.fun/wu-xing-ti-yu-7.m3u8, From: subscribe, IPv_Type: ipv6, Location: 美国, ISP: CloudFlare Inc., Date: None, Delay: -1 ms, Speed: 0.00 M/s, Resolution: None
Name: 五星体育, URL: https://stream1.freetv.fun/wu-xing-ti-yu-5.m3u8, From: subscribe, IPv_Type: ipv6, Location: 美国, ISP: CloudFlare Inc., Date: None, Delay: -1 ms, Speed: 0.00 M/s, Resolution: None
Name: 五星体育, URL: https://stream1.freetv.fun/wu-xing-ti-yu-3.m3u8, From: subscribe, IPv_Type: ipv6, Location: 美国, ISP: CloudFlare Inc., Date: None, Delay: -1 ms, Speed: 0.00 M/s, Resolution: None
Name: 五星体育, URL: https://stream1.freetv.fun/wu-xing-ti-yu-2.m3u8, From: subscribe, IPv_Type: ipv6, Location: 美国, ISP: CloudFlare Inc., Date: None, Delay: -1 ms, Speed: 0.00 M/s, Resolution: None
Name: 五星体育, URL: https://stream1.freetv.fun/wu-xing-ti-yu-4.m3u8, From: subscribe, IPv_Type: ipv6, Location: 美国, ISP: CloudFlare Inc., Date: None, Delay: -1 ms, Speed: 0.00 M/s, Resolution: None
Name: 五星体育, URL: https://stream1.freetv.fun/wu-xing-ti-yu-13.ctv, From: subscribe, IPv_Type: ipv6, Location: 美国, ISP: CloudFlare Inc., Date: None, Delay: -1 ms, Speed: 0.00 M/s, Resolution: None
Name: 五星体育, URL: https://stream1.freetv.fun/ipv6-wu-xing-ti-yu-6.m3u8, From: subscribe, IPv_Type: ipv6, Location: 美国, ISP: CloudFlare Inc., Date: None, Delay: -1 ms, Speed: 0.00 M/s, Resolution: None
Name: 五星体育, URL: https://stream1.freetv.fun/ipv6-wu-xing-ti-yu-10.m3u8, From: subscribe, IPv_Type: ipv6, Location: 美国, ISP: CloudFlare Inc., Date: None, Delay: -1 ms, Speed: 0.00 M/s, Resolution: None
Name: 五星体育, URL: https://migu.188766.xyz/?migutoken=1e24490c6671cd9c19022d109dee0b72&id=%E4%BA%94%E6%98%9F%E4%BD%93%E8%82%B2&pp=1, From: subscribe, IPv_Type: ipv6, Location: 美国, ISP: CloudFlare Inc., Date: None, Delay: -1 ms, Speed: 0.00 M/s, Resolution: None
Name: 五星体育, URL: https://migu.188766.xyz/?migutoken=6a8e690d5fa0878627bb249812210921&id=%E4%BA%94%E6%98%9F%E4%BD%93%E8%82%B2&pp=1, From: subscribe, IPv_Type: ipv6, Location: 美国, ISP: CloudFlare Inc., Date: None, Delay: -1 ms, Speed: 0.00 M/s, Resolution: None
Name: 五星体育, URL: https://migu.188766.xyz/?migutoken=fe41cf003253c3106b5be9bf4723995b&id=%E4%BA%94%E6%98%9F%E4%BD%93%E8%82%B2&pp=1, From: subscribe, IPv_Type: ipv6, Location: 美国, ISP: CloudFlare Inc., Date: None, Delay: -1 ms, Speed: 0.00 M/s, Resolution: None
Name: 五星体育, URL: https://migu.188766.xyz/?migutoken=91dc07dcaba70fec487efbad94f26616&id=%E4%BA%94%E6%98%9F%E4%BD%93%E8%82%B2&pp=1, From: subscribe, IPv_Type: ipv6, Location: 美国, ISP: CloudFlare Inc., Date: None, Delay: -1 ms, Speed: 0.00 M/s, Resolution: None
Name: 五星体育, URL: https://migu.188766.xyz/?migutoken=92755215423abf5fd7a1f08566b08465&id=%E4%BA%94%E6%98%9F%E4%BD%93%E8%82%B2&pp=1, From: subscribe, IPv_Type: ipv6, Location: 美国, ISP: CloudFlare Inc., Date: None, Delay: -1 ms, Speed: 0.00 M/s, Resolution: None
Name: 五星体育, URL: https://migu.188766.xyz/?migutoken=b3641fb23ead179bb624a9fa7367174c&id=%E4%BA%94%E6%98%9F%E4%BD%93%E8%82%B2&pp=1, From: subscribe, IPv_Type: ipv6, Location: 美国, ISP: CloudFlare Inc., Date: None, Delay: -1 ms, Speed: 0.00 M/s, Resolution: None
Name: 五星体育, URL: https://migu.188766.xyz/?migutoken=19a1821fdf9bcb79687c7a79d16c2ca6&id=%E4%BA%94%E6%98%9F%E4%BD%93%E8%82%B2&pp=1, From: subscribe, IPv_Type: ipv6, Location: 美国, ISP: CloudFlare Inc., Date: None, Delay: -1 ms, Speed: 0.00 M/s, Resolution: None
Name: 五星体育, URL: https://migu.188766.xyz/?migutoken=b1efeb50b2a3a80d12450f6c018dbd50&id=%E4%BA%94%E6%98%9F%E4%BD%93%E8%82%B2&pp=1, From: subscribe, IPv_Type: ipv6, Location: 美国, ISP: CloudFlare Inc., Date: None, Delay: -1 ms, Speed: 0.00 M/s, Resolution: None
Name: 五星体育, URL: https://migu.188766.xyz/?migutoken=ec8777015727b317995238d95a10862b&id=%E4%BA%94%E6%98%9F%E4%BD%93%E8%82%B2&pp=1, From: subscribe, IPv_Type: ipv6, Location: 美国, ISP: CloudFlare Inc., Date: None, Delay: -1 ms, Speed: 0.00 M/s, Resolution: None
Name: 五星体育, URL: https://migu.188766.xyz/?migutoken=950476b79cf3eadec3861310c19201f7&id=%E4%BA%94%E6%98%9F%E4%BD%93%E8%82%B2&pp=1, From: subscribe, IPv_Type: ipv6, Location: 美国, ISP: CloudFlare Inc., Date: None, Delay: -1 ms, Speed: 0.00 M/s, Resolution: None
Name: 五星体育, URL: http://iptvrr.sh.chinamobile.com:6060/cms001/ch00000090990000001018/index.m3u8, From: subscribe, IPv_Type: ipv6, Location: 中国, ISP: 中国移动, Date: None, Delay: -1 ms, Speed: 0.00 M/s, Resolution: None
Name: 五星体育, URL: https://migu.188766.xyz/?migutoken=1134bdda6b6c176d9419aae65c230cba&id=%E4%BA%94%E6%98%9F%E4%BD%93%E8%82%B2&pp=1, From: subscribe, IPv_Type: ipv6, Location: 美国, ISP: CloudFlare Inc., Date: None, Delay: -1 ms, Speed: 0.00 M/s, Resolution: None
Name: 五星体育, URL: https://migu.188766.xyz/?migutoken=f9cb44d050ac7a309a033b35e24c0bf9&id=%E4%BA%94%E6%98%9F%E4%BD%93%E8%82%B2&pp=1, From: subscribe, IPv_Type: ipv6, Location: 美国, ISP: CloudFlare Inc., Date: None, Delay: -1 ms, Speed: 0.00 M/s, Resolution: None
Name: 五星体育, URL: https://migu.188766.xyz/?migutoken=94193368b75605bf4a1a233a209fdad1&id=%E4%BA%94%E6%98%9F%E4%BD%93%E8%82%B2&pp=1, From: subscribe, IPv_Type: ipv6, Location: 美国, ISP: CloudFlare Inc., Date: None, Delay: -1 ms, Speed: 0.00 M/s, Resolution: None
Name: 五星体育, URL: https://migu.188766.xyz/?migutoken=a623e0d29d115675093381a4d36bc39f&id=%E4%BA%94%E6%98%9F%E4%BD%93%E8%82%B2&pp=1, From: subscribe, IPv_Type: ipv6, Location: 美国, ISP: CloudFlare Inc., Date: None, Delay: -1 ms, Speed: 0.00 M/s, Resolution: None
Name: 五星体育, URL: https://migu.188766.xyz/?migutoken=7ddfbd740cae767c11ace11a3c025229&id=%E4%BA%94%E6%98%9F%E4%BD%93%E8%82%B2&pp=1, From: subscribe, IPv_Type: ipv6, Location: 美国, ISP: CloudFlare Inc., Date: None, Delay: -1 ms, Speed: 0.00 M/s, Resolution: None
Name: 五星体育, URL: https://migu.188766.xyz/?migutoken=ed5a02a3b87f3dcc808d4b733daf5cf9&id=%E4%BA%94%E6%98%9F%E4%BD%93%E8%82%B2&pp=1, From: subscribe, IPv_Type: ipv6, Location: 美国, ISP: CloudFlare Inc., Date: None, Delay: -1 ms, Speed: 0.00 M/s, Resolution: None
Name: 五星体育, URL: https://migu.188766.xyz/?migutoken=683175c409cb012fd17ec2c961b5d122&id=%E4%BA%94%E6%98%9F%E4%BD%93%E8%82%B2&pp=1, From: subscribe, IPv_Type: ipv6, Location: 美国, ISP: CloudFlare Inc., Date: None, Delay: -1 ms, Speed: 0.00 M/s, Resolution: None
Name: 五星体育, URL: https://migu.188766.xyz/?migutoken=86b800750f37155bc3ccea2fa13d0dc6&id=%E4%BA%94%E6%98%9F%E4%BD%93%E8%82%B2&pp=1, From: subscribe, IPv_Type: ipv6, Location: 美国, ISP: CloudFlare Inc., Date: None, Delay: -1 ms, Speed: 0.00 M/s, Resolution: None
Name: 五星体育, URL: https://migu.188766.xyz/?migutoken=ddb5ca46799302ece6ce509660fe04ec&id=%E4%BA%94%E6%98%9F%E4%BD%93%E8%82%B2&pp=1, From: subscribe, IPv_Type: ipv6, Location: 美国, ISP: CloudFlare Inc., Date: None, Delay: -1 ms, Speed: 0.00 M/s, Resolution: None
Name: 五星体育, URL: https://migu.188766.xyz/?migutoken=bf4e6f29518336ff21d8a0c96a6b9f49&id=%E4%BA%94%E6%98%9F%E4%BD%93%E8%82%B2&pp=1, From: subscribe, IPv_Type: ipv6, Location: 美国, ISP: CloudFlare Inc., Date: None, Delay: -1 ms, Speed: 0.00 M/s, Resolution: None
Name: 五星体育, URL: https://migu.188766.xyz/?migutoken=735802833f9204a102a0aeba7f79b33c&id=%E4%BA%94%E6%98%9F%E4%BD%93%E8%82%B2&pp=1, From: subscribe, IPv_Type: ipv6, Location: 美国, ISP: CloudFlare Inc., Date: None, Delay: -1 ms, Speed: 0.00 M/s, Resolution: None
Name: 五星体育, URL: https://migu.188766.xyz/?migutoken=ba4f3635330ebaacde2bcfa353930310&id=%E4%BA%94%E6%98%9F%E4%BD%93%E8%82%B2&pp=1, From: subscribe, IPv_Type: ipv6, Location: 美国, ISP: CloudFlare Inc., Date: None, Delay: -1 ms, Speed: 0.00 M/s, Resolution: None
Name: 五星体育, URL: https://migu.188766.xyz/?migutoken=2003dc8c7cd8034ad644caf8997fb4b2&id=%E4%BA%94%E6%98%9F%E4%BD%93%E8%82%B2&pp=1, From: subscribe, IPv_Type: ipv6, Location: 美国, ISP: CloudFlare Inc., Date: None, Delay: -1 ms, Speed: 0.00 M/s, Resolution: None
Name: 五星体育, URL: https://migu.188766.xyz/?migutoken=4972fb08f25df5bd53b907a04affe23e&id=%E4%BA%94%E6%98%9F%E4%BD%93%E8%82%B2&pp=1, From: subscribe, IPv_Type: ipv6, Location: 美国, ISP: CloudFlare Inc., Date: None, Delay: -1 ms, Speed: 0.00 M/s, Resolution: None
Name: 五星体育, URL: https://migu.188766.xyz/?migutoken=13abc304df3c16cb0ef6621f2e215880&id=%E4%BA%94%E6%98%9F%E4%BD%93%E8%82%B2&pp=1, From: subscribe, IPv_Type: ipv6, Location: 美国, ISP: CloudFlare Inc., Date: None, Delay: -1 ms, Speed: 0.00 M/s, Resolution: None
Name: 五星体育, URL: https://migu.188766.xyz/?migutoken=9fe974bbe73ed76246da290a0c13c502&id=%E4%BA%94%E6%98%9F%E4%BD%93%E8%82%B2&pp=1, From: subscribe, IPv_Type: ipv6, Location: 美国, ISP: CloudFlare Inc., Date: None, Delay: -1 ms, Speed: 0.00 M/s, Resolution: None
Name: 五星体育, URL: https://migu.188766.xyz/?migutoken=a8e5a19f9921717d6d58f669cf323826&id=%E4%BA%94%E6%98%9F%E4%BD%93%E8%82%B2&pp=1, From: subscribe, IPv_Type: ipv6, Location: 美国, ISP: CloudFlare Inc., Date: None, Delay: -1 ms, Speed: 0.00 M/s, Resolution: None
Name: 劲爆体育, URL: http://php.jdshipin.com/itv6s.php?cid=hnbblive&id=2000000002000000008, From: subscribe, IPv_Type: ipv6, Location: 美国, ISP: CloudFlare Inc., Date: None, Delay: -1 ms, Speed: 0.00 M/s, Resolution: None
Name: 劲爆体育, URL: http://z.b.bkpcp.top/m.php?id=jbty, From: subscribe, IPv_Type: ipv6, Location: 美国, ISP: CloudFlare Inc., Date: None, Delay: -1 ms, Speed: 0.00 M/s, Resolution: None
Name: 劲爆体育, URL: http://3501776.xyz:35455/itv/5000000002000029972.m3u8?cdn=bestzb, From: subscribe, IPv_Type: ipv6, Location: 美国, ISP: CloudFlare Inc., Date: None, Delay: -1 ms, Speed: 0.00 M/s, Resolution: None
Name: 劲爆体育, URL: http://goo.bkpcp.top/mg/jbty, From: subscribe, IPv_Type: ipv6, Location: 美国, ISP: CloudFlare Inc., Date: None, Delay: -1 ms, Speed: 0.00 M/s, Resolution: None
Name: 劲爆体育, URL: https://www.freetv.top/migu/796071336.m3u8?migutoken=1cc947d86cb584c31c31c88c005d55965238dbfff7ed75fca8451aed0b564786fde7e4b327e93b92dc96ef57e64e3bb56e8a9e921338080cdae817cb6125d8450b687659ecfee06be9c5d53ac6, From: subscribe, IPv_Type: ipv6, Location: 美国-加利福尼亚州-圣克拉拉, ISP: DigitalOcean, Date: None, Delay: -1 ms, Speed: 0.00 M/s, Resolution: None
Name: 劲爆体育, URL: https://www.freetv.top/migu/796071336.m3u8?migutoken=05144ee4526abc2f6a8d44a41f9e078ef10c1a9f8930d51d7f453315d3577b613eac76898b1e0965789f7010cd3f8a1bca3167ef6e625cb77fc2c575eec35c8d07aaff61dc4b79f75fc67ef667, From: subscribe, IPv_Type: ipv6, Location: 美国-加利福尼亚州-圣克拉拉, ISP: DigitalOcean, Date: None, Delay: -1 ms, Speed: 0.00 M/s, Resolution: None
Name: 爱体育, URL: http://php.jdshipin.com:8880/itv6s.php?cid=wasusyt&id=6000000006000290630, From: subscribe, IPv_Type: ipv6, Location: 美国, ISP: CloudFlare Inc., Date: None, Delay: -1 ms, Speed: 0.00 M/s, Resolution: None
Name: 爱体育, URL: http://[2409:8087:5e08:24::11]:6610/000000001000/2000000004000000060/index.m3u8, From: subscribe, IPv_Type: ipv6, Location: 中国, ISP: 中国移动, Date: None, Delay: -1 ms, Speed: 0.00 M/s, Resolution: None
Name: 爱体育, URL: http://[2409:8087:5e08:24::17]:6610/000000001000/2000000004000000060/index.m3u8, From: subscribe, IPv_Type: ipv6, Location: 中国, ISP: 中国移动, Date: None, Delay: -1 ms, Speed: 0.00 M/s, Resolution: None
Name: 爱体育, URL: http://[2409:8087:5e08:24::12]:6610/000000001000/2000000004000000000/index.m3u8, From: subscribe, IPv_Type: ipv6, Location: 中国, ISP: 中国移动, Date: None, Delay: -1 ms, Speed: 0.00 M/s, Resolution: None
Name: 爱体育, URL: http://hwltc.tv.cdn.zj.chinamobile.com/PLTV/88888888/224/3221230103/index.m3u8, From: subscribe, IPv_Type: ipv6, Location: 中国, ISP: 中国移动, Date: None, Delay: -1 ms, Speed: 0.00 M/s, Resolution: None
Name: 广州竞赛, URL: http://php.jdshipin.com:8880/gztv.php?id=jingsai#https://tencentplay.gztv.com/live/jingsai.m3u8?txSecret=49c8041461997c7a97dbcc3c7fd11b4f&txTime=18d00acf487, From: subscribe, IPv_Type: ipv6, Location: 美国, ISP: CloudFlare Inc., Date: None, Delay: -1 ms, Speed: 0.00 M/s, Resolution: None
Name: 广州竞赛, URL: https://stream1.freetv.fun/yan-zhou-jing-sai-34.ctv, From: subscribe, IPv_Type: ipv6, Location: 美国, ISP: CloudFlare Inc., Date: None, Delay: -1 ms, Speed: 0.00 M/s, Resolution: None
Name: 广州竞赛, URL: https://stream1.freetv.fun/yan-zhou-jing-sai-38.ctv, From: subscribe, IPv_Type: ipv6, Location: 美国, ISP: CloudFlare Inc., Date: None, Delay: -1 ms, Speed: 0.00 M/s, Resolution: None
Name: 广州竞赛, URL: https://stream1.freetv.fun/yan-zhou-jing-sai-32.ctv, From: subscribe, IPv_Type: ipv6, Location: 美国, ISP: CloudFlare Inc., Date: None, Delay: -1 ms, Speed: 0.00 M/s, Resolution: None
Name: 广州竞赛, URL: https://stream1.freetv.fun/yan-zhou-jing-sai-2.m3u8, From: subscribe, IPv_Type: ipv6, Location: 美国, ISP: CloudFlare Inc., Date: None, Delay: -1 ms, Speed: 0.00 M/s, Resolution: None
Name: 广州竞赛, URL: https://stream1.freetv.fun/yan-zhou-jing-sai-33.ctv, From: subscribe, IPv_Type: ipv6, Location: 美国, ISP: CloudFlare Inc., Date: None, Delay: -1 ms, Speed: 0.00 M/s, Resolution: None
Name: 广州竞赛, URL: https://stream1.freetv.fun/yan-zhou-jing-sai-31.ctv, From: subscribe, IPv_Type: ipv6, Location: 美国, ISP: CloudFlare Inc., Date: None, Delay: -1 ms, Speed: 0.00 M/s, Resolution: None
Name: 广州竞赛, URL: https://stream1.freetv.fun/yan-zhou-jing-sai-12.ctv, From: subscribe, IPv_Type: ipv6, Location: 美国, ISP: CloudFlare Inc., Date: None, Delay: -1 ms, Speed: 0.00 M/s, Resolution: None
Name: 广州竞赛, URL: https://stream1.freetv.fun/yan-zhou-jing-sai-4.ctv, From: subscribe, IPv_Type: ipv6, Location: 美国, ISP: CloudFlare Inc., Date: None, Delay: -1 ms, Speed: 0.00 M/s, Resolution: None
Name: 广州竞赛, URL: https://stream1.freetv.fun/yan-zhou-jing-sai-27.ctv, From: subscribe, IPv_Type: ipv6, Location: 美国, ISP: CloudFlare Inc., Date: None, Delay: -1 ms, Speed: 0.00 M/s, Resolution: None
Name: 广州竞赛, URL: https://stream1.freetv.fun/yan-zhou-jing-sai-22.m3u8, From: subscribe, IPv_Type: ipv6, Location: 美国, ISP: CloudFlare Inc., Date: None, Delay: -1 ms, Speed: 0.00 M/s, Resolution: None
Name: 广州竞赛, URL: https://stream1.freetv.fun/yan-zhou-jing-sai-7.ctv, From: subscribe, IPv_Type: ipv6, Location: 美国, ISP: CloudFlare Inc., Date: None, Delay: -1 ms, Speed: 0.00 M/s, Resolution: None
Name: 辽宁体育, URL: http://dassby.qqff.top:99/live/辽宁体育/index.m3u8, From: subscribe, IPv_Type: ipv4, Location: 中国-辽宁-鞍山, ISP: 联通, Date: None, Delay: 10164 ms, Speed: 0.00 M/s, Resolution: None
Name: 山东体育, URL: https://stream1.freetv.fun/shan-dong-ti-yu-8.m3u8, From: subscribe, IPv_Type: ipv6, Location: 美国, ISP: CloudFlare Inc., Date: None, Delay: -1 ms, Speed: 0.00 M/s, Resolution: None
Name: 山东体育, URL: https://stream1.freetv.fun/shan-dong-ti-yu-19.m3u8, From: subscribe, IPv_Type: ipv6, Location: 美国, ISP: CloudFlare Inc., Date: None, Delay: -1 ms, Speed: 0.00 M/s, Resolution: None
Name: 山东体育, URL: https://stream1.freetv.fun/shan-dong-ti-yu-4.m3u8, From: subscribe, IPv_Type: ipv6, Location: 美国, ISP: CloudFlare Inc., Date: None, Delay: -1 ms, Speed: 0.00 M/s, Resolution: None
Name: 山东体育, URL: http://livealone302.iqilu.com/iqilu/typd.m3u8, From: subscribe, IPv_Type: ipv6, Location: 加拿大, ISP: , Date: None, Delay: -1 ms, Speed: 0.00 M/s, Resolution: None
Name: 山东体育, URL: https://stream1.freetv.fun/shan-dong-ti-yu-7.m3u8, From: subscribe, IPv_Type: ipv6, Location: 美国, ISP: CloudFlare Inc., Date: None, Delay: -1 ms, Speed: 0.00 M/s, Resolution: None
Name: 山东体育, URL: https://stream1.freetv.fun/shan-dong-ti-yu-6.m3u8, From: subscribe, IPv_Type: ipv6, Location: 美国, ISP: CloudFlare Inc., Date: None, Delay: -1 ms, Speed: 0.00 M/s, Resolution: None
Name: 山东体育, URL: https://stream1.freetv.fun/shan-dong-ti-yu-3.m3u8, From: subscribe, IPv_Type: ipv6, Location: 美国, ISP: CloudFlare Inc., Date: None, Delay: -1 ms, Speed: 0.00 M/s, Resolution: None
Name: 山东体育, URL: https://stream1.freetv.fun/shan-dong-ti-yu-9.m3u8, From: subscribe, IPv_Type: ipv6, Location: 美国, ISP: CloudFlare Inc., Date: None, Delay: -1 ms, Speed: 0.00 M/s, Resolution: None
Name: 山东体育, URL: https://stream1.freetv.fun/shan-dong-ti-yu-5.m3u8, From: subscribe, IPv_Type: ipv6, Location: 美国, ISP: CloudFlare Inc., Date: None, Delay: -1 ms, Speed: 0.00 M/s, Resolution: None
Name: 山东体育, URL: https://stream1.freetv.fun/shan-dong-ti-yu-2.m3u8, From: subscribe, IPv_Type: ipv6, Location: 美国, ISP: CloudFlare Inc., Date: None, Delay: -1 ms, Speed: 0.00 M/s, Resolution: None
Name: 天津体育, URL: http://168250.xyz:1111/rtp/239.5.1.3:5000, From: subscribe, IPv_Type: ipv4, Location: 中国-天津-天津, ISP: 电信, Date: None, Delay: 782 ms, Speed: 0.78 M/s, Resolution: 1920x1080
Name: 江苏体育, URL: https://migu.188766.xyz/?migutoken=a85a8d7343d8394b527bb96d0f1acf62&id=%E4%BD%93%E8%82%B2%E4%BC%91%E9%97%B2%E9%A2%91%E9%81%93&type=yy, From: subscribe, IPv_Type: ipv6, Location: 美国, ISP: CloudFlare Inc., Date: None, Delay: -1 ms, Speed: 0.00 M/s, Resolution: None
Name: 江苏体育, URL: https://migu.188766.xyz/?migutoken=90d4e3f3f8a5288cc5aac4a92021e341&id=%E4%BD%93%E8%82%B2%E4%BC%91%E9%97%B2%E9%A2%91%E9%81%93&type=yy, From: subscribe, IPv_Type: ipv6, Location: 美国, ISP: CloudFlare Inc., Date: None, Delay: -1 ms, Speed: 0.00 M/s, Resolution: None
Name: 江苏体育, URL: https://migu.188766.xyz/?migutoken=af50fdc5b09032a97cf990bd6f36aef2&id=%E4%BD%93%E8%82%B2%E4%BC%91%E9%97%B2%E9%A2%91%E9%81%93&type=yy, From: subscribe, IPv_Type: ipv6, Location: 美国, ISP: CloudFlare Inc., Date: None, Delay: -1 ms, Speed: 0.00 M/s, Resolution: None
Name: 江苏体育, URL: https://migu.188766.xyz/?migutoken=25d75081796a390b82f0299988e556ac&id=%E4%BD%93%E8%82%B2%E4%BC%91%E9%97%B2%E9%A2%91%E9%81%93&type=yy, From: subscribe, IPv_Type: ipv6, Location: 美国, ISP: CloudFlare Inc., Date: None, Delay: -1 ms, Speed: 0.00 M/s, Resolution: None
Name: 江苏体育, URL: https://migu.188766.xyz/?migutoken=721cd3a9b6d2cd1a0e378a6a68ae2702&id=%E4%BD%93%E8%82%B2%E4%BC%91%E9%97%B2%E9%A2%91%E9%81%93&type=yy, From: subscribe, IPv_Type: ipv6, Location: 美国, ISP: CloudFlare Inc., Date: None, Delay: -1 ms, Speed: 0.00 M/s, Resolution: None
Name: 江苏体育, URL: https://migu.188766.xyz/?migutoken=e37f9d8dbdb18b5cdfd250b672323263&id=%E4%BD%93%E8%82%B2%E4%BC%91%E9%97%B2%E9%A2%91%E9%81%93&type=yy, From: subscribe, IPv_Type: ipv6, Location: 美国, ISP: CloudFlare Inc., Date: None, Delay: -1 ms, Speed: 0.00 M/s, Resolution: None
Name: 江苏体育, URL: https://stream1.freetv.fun/jiang-su-ti-yu-1.ctv, From: subscribe, IPv_Type: ipv6, Location: 美国, ISP: CloudFlare Inc., Date: None, Delay: -1 ms, Speed: 0.00 M/s, Resolution: None
Name: 江苏体育, URL: https://migu.188766.xyz/?migutoken=e7cad15a67e285fc33476bc66661384a&id=%E4%BD%93%E8%82%B2%E4%BC%91%E9%97%B2%E9%A2%91%E9%81%93&type=yy, From: subscribe, IPv_Type: ipv6, Location: 美国, ISP: CloudFlare Inc., Date: None, Delay: -1 ms, Speed: 0.00 M/s, Resolution: None
Name: 江苏体育, URL: https://stream1.freetv.fun/jiang-su-ti-yu-4.ctv, From: subscribe, IPv_Type: ipv6, Location: 美国, ISP: CloudFlare Inc., Date: None, Delay: -1 ms, Speed: 0.00 M/s, Resolution: None
Name: 江苏体育, URL: https://migu.188766.xyz/?migutoken=0a9b4a5bbdea61549a458d098b7c5096&id=%E4%BD%93%E8%82%B2%E4%BC%91%E9%97%B2%E9%A2%91%E9%81%93&type=yy, From: subscribe, IPv_Type: ipv6, Location: 美国, ISP: CloudFlare Inc., Date: None, Delay: -1 ms, Speed: 0.00 M/s, Resolution: None
Name: 江苏体育, URL: https://migu.188766.xyz/?migutoken=db16404a009df863a39778e18615e034&id=%E4%BD%93%E8%82%B2%E4%BC%91%E9%97%B2%E9%A2%91%E9%81%93&type=yy, From: subscribe, IPv_Type: ipv6, Location: 美国, ISP: CloudFlare Inc., Date: None, Delay: -1 ms, Speed: 0.00 M/s, Resolution: None
Name: 江苏体育, URL: https://migu.188766.xyz/?migutoken=8f3c5e11a253e37a59317a21c31ea149&id=%E4%BD%93%E8%82%B2%E4%BC%91%E9%97%B2%E9%A2%91%E9%81%93&type=yy, From: subscribe, IPv_Type: ipv6, Location: 美国, ISP: CloudFlare Inc., Date: None, Delay: -1 ms, Speed: 0.00 M/s, Resolution: None
Name: 江苏体育, URL: https://migu.188766.xyz/?migutoken=a4a098aacdd462f7c71acdcf440c9de3&id=%E4%BD%93%E8%82%B2%E4%BC%91%E9%97%B2%E9%A2%91%E9%81%93&type=yy, From: subscribe, IPv_Type: ipv6, Location: 美国, ISP: CloudFlare Inc., Date: None, Delay: -1 ms, Speed: 0.00 M/s, Resolution: None
Name: 江苏体育, URL: https://migu.188766.xyz/?migutoken=8f80dae7399f190ed7ca4dcbd135dc68&id=%E4%BD%93%E8%82%B2%E4%BC%91%E9%97%B2%E9%A2%91%E9%81%93&type=yy, From: subscribe, IPv_Type: ipv6, Location: 美国, ISP: CloudFlare Inc., Date: None, Delay: -1 ms, Speed: 0.00 M/s, Resolution: None
Name: 江苏体育, URL: https://migu.188766.xyz/?migutoken=328a5f4c948e5235bcf2e8bdfcdf5bd8&id=%E4%BD%93%E8%82%B2%E4%BC%91%E9%97%B2%E9%A2%91%E9%81%93&type=yy, From: subscribe, IPv_Type: ipv6, Location: 美国, ISP: CloudFlare Inc., Date: None, Delay: -1 ms, Speed: 0.00 M/s, Resolution: None
Name: 江苏体育, URL: https://migu.188766.xyz/?migutoken=f5b3c3cf71f28bdb4ca1930bd2ee13f5&id=%E4%BD%93%E8%82%B2%E4%BC%91%E9%97%B2%E9%A2%91%E9%81%93&type=yy, From: subscribe, IPv_Type: ipv6, Location: 美国, ISP: CloudFlare Inc., Date: None, Delay: -1 ms, Speed: 0.00 M/s, Resolution: None
Name: 江苏体育, URL: https://migu.188766.xyz/?migutoken=260c5109f6d6410628d180fde42e8868&id=%E4%BD%93%E8%82%B2%E4%BC%91%E9%97%B2%E9%A2%91%E9%81%93&type=yy, From: subscribe, IPv_Type: ipv6, Location: 美国, ISP: CloudFlare Inc., Date: None, Delay: -1 ms, Speed: 0.00 M/s, Resolution: None
Name: 江苏体育, URL: https://migu.188766.xyz/?migutoken=4a7baa993ed3102fa2503150f91b0fe9&id=%E4%BD%93%E8%82%B2%E4%BC%91%E9%97%B2%E9%A2%91%E9%81%93&type=yy, From: subscribe, IPv_Type: ipv6, Location: 美国, ISP: CloudFlare Inc., Date: None, Delay: -1 ms, Speed: 0.00 M/s, Resolution: None
Name: 江苏体育, URL: https://migu.188766.xyz/?migutoken=d999bc5dc01c31a3161883e7f2562215&id=%E4%BD%93%E8%82%B2%E4%BC%91%E9%97%B2%E9%A2%91%E9%81%93&type=yy, From: subscribe, IPv_Type: ipv6, Location: 美国, ISP: CloudFlare Inc., Date: None, Delay: -1 ms, Speed: 0.00 M/s, Resolution: None
Name: 江苏体育, URL: https://migu.188766.xyz/?migutoken=525a7cb8273c3cd65f5fe25c6fe7b35c&id=%E4%BD%93%E8%82%B2%E4%BC%91%E9%97%B2%E9%A2%91%E9%81%93&type=yy, From: subscribe, IPv_Type: ipv6, Location: 美国, ISP: CloudFlare Inc., Date: None, Delay: -1 ms, Speed: 0.00 M/s, Resolution: None
Name: 江苏体育, URL: https://migu.188766.xyz/?migutoken=7b27a360cad8f96b957767378d6c8dc9&id=%E4%BD%93%E8%82%B2%E4%BC%91%E9%97%B2%E9%A2%91%E9%81%93&type=yy, From: subscribe, IPv_Type: ipv6, Location: 美国, ISP: CloudFlare Inc., Date: None, Delay: -1 ms, Speed: 0.00 M/s, Resolution: None
Name: 安徽综艺体育, URL: https://live.lalifeier.eu.org/ahtv/ahzyty.m3u8?t=1745774515&key=27009aec794adc785b22478c5aa2ae16, From: subscribe, IPv_Type: ipv6, Location: 美国, ISP: CloudFlare Inc., Date: None, Delay: -1 ms, Speed: 0.00 M/s, Resolution: None
Name: 安徽综艺体育, URL: https://live.lalifeier.eu.org/ahtv/ahzyty.m3u8?t=1746292937&key=940b0f98a121c28884c74971efaac4de, From: subscribe, IPv_Type: ipv6, Location: 美国, ISP: CloudFlare Inc., Date: None, Delay: -1 ms, Speed: 0.00 M/s, Resolution: None
Name: 安徽综艺体育, URL: https://live.lalifeier.eu.org/ahtv/ahzyty.m3u8?t=1746307365&key=6b104d1fc66c5b34b63d0e19c627e0f9, From: subscribe, IPv_Type: ipv6, Location: 美国, ISP: CloudFlare Inc., Date: None, Delay: -1 ms, Speed: 0.00 M/s, Resolution: None
Name: 安徽综艺体育, URL: https://stream1.freetv.fun/an-hui-zong-yi-ti-yu-4.ctv, From: subscribe, IPv_Type: ipv6, Location: 美国, ISP: CloudFlare Inc., Date: None, Delay: -1 ms, Speed: 0.00 M/s, Resolution: None
Name: 安徽综艺体育, URL: https://stream1.freetv.fun/an-hui-zong-yi-ti-yu-8.m3u8, From: subscribe, IPv_Type: ipv6, Location: 美国, ISP: CloudFlare Inc., Date: None, Delay: -1 ms, Speed: 0.00 M/s, Resolution: None
Name: 睛彩篮球, URL: http://3501776.xyz:35455/itv/2000000003000000061.m3u8?cdn=hnbblive, From: subscribe, IPv_Type: ipv6, Location: 美国, ISP: CloudFlare Inc., Date: None, Delay: -1 ms, Speed: 0.00 M/s, Resolution: None
Name: 睛彩篮球, URL: https://zby.130519.xyz/PLTV/11/224/3221226118/index.m3u8, From: subscribe, IPv_Type: ipv6, Location: 美国, ISP: CloudFlare Inc., Date: None, Delay: -1 ms, Speed: 0.00 M/s, Resolution: None
Name: 睛彩篮球, URL: http://[2409:8087:1a01:df::4055]:80/TVOD/88888888/224/3221225901/main.m3u8, From: subscribe, IPv_Type: ipv6, Location: 中国, ISP: 中国移动, Date: None, Delay: -1 ms, Speed: 0.00 M/s, Resolution: None
Name: 睛彩广场舞, URL: http://13937899.xyz:35455/itv/3000000020000011523.m3u8?cdn=FifastbLive, From: subscribe, IPv_Type: ipv6, Location: 中国, ISP: 中国电信, Date: None, Delay: -1 ms, Speed: 0.00 M/s, Resolution: None
Name: 睛彩广场舞, URL: http://zjzcf.synology.me:35455/itv/3000000020000011523.m3u8?cdn=FifastbLive, From: subscribe, IPv_Type: ipv6, Location: 中国, ISP: 中国移动, Date: None, Delay: -1 ms, Speed: 0.00 M/s, Resolution: None
Name: 睛彩广场舞, URL: http://[2409:8087:1a01:df::7005]:80/ottrrs.hl.chinamobile.com/TVOD/88888888/224/3221226472/index.m3u8, From: subscribe, IPv_Type: ipv6, Location: 中国, ISP: 中国移动, Date: None, Delay: -1 ms, Speed: 0.00 M/s, Resolution: None
Name: 睛彩广场舞, URL: http://[2409:8087:1a15:10d1::37]/ottrrs.hl.chinamobile.com/PLTV/88888888/224/3221226472/index.m3u8, From: subscribe, IPv_Type: ipv6, Location: 中国, ISP: 中国移动, Date: None, Delay: -1 ms, Speed: 0.00 M/s, Resolution: None
Name: 睛彩广场舞, URL: http://[2409:8087:1e01:20::3]/PLTV/11/224/3221226139/index.m3u8, From: subscribe, IPv_Type: ipv6, Location: 中国, ISP: 中国移动, Date: None, Delay: -1 ms, Speed: 0.00 M/s, Resolution: None
Name: 睛彩广场舞, URL: http://[2409:8087:1e01:20::3]:80/PLTV/11/224/3221226139/index.m3u8, From: subscribe, IPv_Type: ipv6, Location: 中国, ISP: 中国移动, Date: None, Delay: -1 ms, Speed: 0.00 M/s, Resolution: None
Name: 睛彩广场舞, URL: https://iptv.catvod.com/live.php?id=%E7%9D%9B%E5%BD%A9%E5%B9%BF%E5%9C%BA%E8%88%9E, From: subscribe, IPv_Type: ipv6, Location: 美国, ISP: CloudFlare Inc., Date: None, Delay: -1 ms, Speed: 0.00 M/s, Resolution: None
Name: 睛彩广场舞, URL: http://iptv.666230.xyz/iptv/bjyd.php/6389, From: subscribe, IPv_Type: ipv6, Location: 美国, ISP: CloudFlare Inc., Date: None, Delay: -1 ms, Speed: 0.00 M/s, Resolution: None
Name: 风云足球, URL: https://epg.pw/stream/ac8062ec9484078061d3bef507c15a423ac57ae4144e3fcc4b0a198dd420f911.m3u8, From: subscribe, IPv_Type: ipv6, Location: 美国, ISP: CloudFlare Inc., Date: None, Delay: -1 ms, Speed: 0.00 M/s, Resolution: None
Name: 风云足球, URL: http://[2409:8087:7001:20:2::3]/dbiptv.sn.chinamobile.com/PLTV/88888893/224/3221226984/index.m3u8, From: subscribe, IPv_Type: ipv6, Location: 中国, ISP: 中国移动, Date: None, Delay: -1 ms, Speed: 0.00 M/s, Resolution: None
Name: 风云足球, URL: https://live.goodiptv.club/api/yqgd.php?id=fyzq, From: subscribe, IPv_Type: ipv6, Location: 美国, ISP: CloudFlare Inc., Date: None, Delay: -1 ms, Speed: 0.00 M/s, Resolution: None
Name: 风云足球, URL: https://hls-gateway.vpstv.net/streams/708859.m3u8, From: subscribe, IPv_Type: ipv6, Location: 美国, ISP: CloudFlare Inc., Date: None, Delay: -1 ms, Speed: 0.00 M/s, Resolution: None
Name: 魅力足球, URL: http://z.b.bkpcp.top/m.php?id=mlzq, From: subscribe, IPv_Type: ipv6, Location: 美国, ISP: CloudFlare Inc., Date: None, Delay: -1 ms, Speed: 0.00 M/s, Resolution: None
Name: 魅力足球, URL: http://gat.bkpcp.top/ymg.php?id=mlzq, From: subscribe, IPv_Type: ipv6, Location: 美国, ISP: CloudFlare Inc., Date: None, Delay: -1 ms, Speed: 0.00 M/s, Resolution: None
Name: 魅力足球, URL: http://goo.bkpcp.top/mg/mlzq, From: subscribe, IPv_Type: ipv6, Location: 美国, ISP: CloudFlare Inc., Date: None, Delay: -1 ms, Speed: 0.00 M/s, Resolution: None
Name: 魅力足球, URL: https://hls-gateway.vpstv.net/streams/708839.m3u8, From: subscribe, IPv_Type: ipv6, Location: 美国, ISP: CloudFlare Inc., Date: None, Delay: -1 ms, Speed: 0.00 M/s, Resolution: None
Name: 魅力足球, URL: https://stream1.freetv.fun/ipv6-mei-li-zu-qiu-4.m3u8, From: subscribe, IPv_Type: ipv6, Location: 美国, ISP: CloudFlare Inc., Date: None, Delay: -1 ms, Speed: 0.00 M/s, Resolution: None
Name: 魅力足球, URL: https://stream1.freetv.fun/mei-li-zu-qiu-1.m3u8, From: subscribe, IPv_Type: ipv6, Location: 美国, ISP: CloudFlare Inc., Date: None, Delay: -1 ms, Speed: 0.00 M/s, Resolution: None
Name: 魅力足球, URL: https://www.freetv.top/migu/796070308.m3u8?migutoken=0a72668399c6f96d928c0bf0adbe330bbae95b55cfc10f2da9e830e2e06051b89a0e1db847eaa61f6b897e3efcb05ecc6160c2ce3c8073fb2d90c8ed191845e1ca16f6bcd3aaa13f6538d2074d, From: subscribe, IPv_Type: ipv6, Location: 美国-加利福尼亚州-圣克拉拉, ISP: DigitalOcean, Date: None, Delay: -1 ms, Speed: 0.00 M/s, Resolution: None
Name: 魅力足球, URL: https://www.freetv.top/migu/796070308.m3u8?migutoken=f4f71100ed3cd756f336e1f3b6d522c1338ee1ffd14316eea89e461d4e31e29395a265a9f1ec26b947fb0e7dc16296db47ae3bfea73caaee6901d17bfede63775878c0ab44c872939ba5b53baf, From: subscribe, IPv_Type: ipv6, Location: 美国-加利福尼亚州-圣克拉拉, ISP: DigitalOcean, Date: None, Delay: -1 ms, Speed: 0.00 M/s, Resolution: None
Name: 魅力足球, URL: https://www.freetv.top/migu/796070308.m3u8?migutoken=aef1ffa947e5328dd4ec2bb318b58b674fe32113222c6c9eab78bcdc2a9f31cf142a1d60536ea5a5ee039d3753e6bd98bef238d0ba7e3af9153e765e8b77e2a8c28451355b4a426d11c5c304f8, From: subscribe, IPv_Type: ipv6, Location: 美国-加利福尼亚州-圣克拉拉, ISP: DigitalOcean, Date: None, Delay: -1 ms, Speed: 0.00 M/s, Resolution: None
Name: 魅力足球, URL: https://stream1.freetv.fun/mei-li-zu-qiu-4.ctv, From: subscribe, IPv_Type: ipv6, Location: 美国, ISP: CloudFlare Inc., Date: None, Delay: -1 ms, Speed: 0.00 M/s, Resolution: None
Name: 天元围棋, URL: http://wouu.net:9977/udp/239.93.42.55:5140, From: subscribe, IPv_Type: ipv6, Location: 保留地址, ISP: 主机之间的链路本地地址, Date: None, Delay: -1 ms, Speed: 0.00 M/s, Resolution: None
Name: 快乐垂钓, URL: http://php.jdshipin.com/itv6.php?cid=bestzb&id=5000000011000031206, From: subscribe, IPv_Type: ipv6, Location: 美国, ISP: CloudFlare Inc., Date: None, Delay: -1 ms, Speed: 0.00 M/s, Resolution: None
Name: 快乐垂钓, URL: https://hls-gateway.vpstv.net/streams/708835.m3u8, From: subscribe, IPv_Type: ipv6, Location: 美国, ISP: CloudFlare Inc., Date: None, Delay: -1 ms, Speed: 0.00 M/s, Resolution: None
Name: 快乐垂钓, URL: https://migu.188766.xyz/?migutoken=786b1099b98396dd627cb3dc7218143f&id=%E5%BF%AB%E4%B9%90%E5%9E%82%E9%92%93&type=yy, From: subscribe, IPv_Type: ipv6, Location: 美国, ISP: CloudFlare Inc., Date: None, Delay: -1 ms, Speed: 0.00 M/s, Resolution: None
Name: 快乐垂钓, URL: https://migu.188766.xyz/?migutoken=eb6bd2a86f08587ae39231c4be8be5c6&id=%E5%BF%AB%E4%B9%90%E5%9E%82%E9%92%93&type=yy, From: subscribe, IPv_Type: ipv6, Location: 美国, ISP: CloudFlare Inc., Date: None, Delay: -1 ms, Speed: 0.00 M/s, Resolution: None
Name: 快乐垂钓, URL: https://migu.188766.xyz/?migutoken=f3057d0e91854bca6042a309f3cb3d6f&id=%E5%BF%AB%E4%B9%90%E5%9E%82%E9%92%93&type=yy, From: subscribe, IPv_Type: ipv6, Location: 美国, ISP: CloudFlare Inc., Date: None, Delay: -1 ms, Speed: 0.00 M/s, Resolution: None
Name: 快乐垂钓, URL: https://migu.188766.xyz/?migutoken=544e3d34b28ff37f3c6c72cf4d8ee72b&id=%E5%BF%AB%E4%B9%90%E5%9E%82%E9%92%93&type=yy, From: subscribe, IPv_Type: ipv6, Location: 美国, ISP: CloudFlare Inc., Date: None, Delay: -1 ms, Speed: 0.00 M/s, Resolution: None
Name: 快乐垂钓, URL: https://migu.188766.xyz/?migutoken=103d22404add9b90cd72174eb1a0108b&id=%E5%BF%AB%E4%B9%90%E5%9E%82%E9%92%93&type=yy, From: subscribe, IPv_Type: ipv6, Location: 美国, ISP: CloudFlare Inc., Date: None, Delay: -1 ms, Speed: 0.00 M/s, Resolution: None
Name: 快乐垂钓, URL: https://migu.188766.xyz/?migutoken=c6b17aba558cf29b13242b5ae063e5ed&id=%E5%BF%AB%E4%B9%90%E5%9E%82%E9%92%93&type=yy, From: subscribe, IPv_Type: ipv6, Location: 美国, ISP: CloudFlare Inc., Date: None, Delay: -1 ms, Speed: 0.00 M/s, Resolution: None
Name: 快乐垂钓, URL: https://migu.188766.xyz/?migutoken=f4d62cd1f8775b1b837f4232f1051f36&id=%E5%BF%AB%E4%B9%90%E5%9E%82%E9%92%93&type=yy, From: subscribe, IPv_Type: ipv6, Location: 美国, ISP: CloudFlare Inc., Date: None, Delay: -1 ms, Speed: 0.00 M/s, Resolution: None
Name: 快乐垂钓, URL: https://migu.188766.xyz/?migutoken=396182b2a9b61dca2daded3fc6f62311&id=%E5%BF%AB%E4%B9%90%E5%9E%82%E9%92%93&type=yy, From: subscribe, IPv_Type: ipv6, Location: 美国, ISP: CloudFlare Inc., Date: None, Delay: -1 ms, Speed: 0.00 M/s, Resolution: None
Name: 快乐垂钓, URL: https://migu.188766.xyz/?migutoken=49747ed2362815b1c9b8ef67302f44e5&id=%E5%BF%AB%E4%B9%90%E5%9E%82%E9%92%93&type=yy, From: subscribe, IPv_Type: ipv6, Location: 美国, ISP: CloudFlare Inc., Date: None, Delay: -1 ms, Speed: 0.00 M/s, Resolution: None
Name: 快乐垂钓, URL: https://migu.188766.xyz/?migutoken=9670e87e18c9e6ebacf620e7754bc7f9&id=%E5%BF%AB%E4%B9%90%E5%9E%82%E9%92%93&type=yy, From: subscribe, IPv_Type: ipv6, Location: 美国, ISP: CloudFlare Inc., Date: None, Delay: -1 ms, Speed: 0.00 M/s, Resolution: None
Name: 快乐垂钓, URL: https://migu.188766.xyz/?migutoken=ffa00450331f948f0d25e604e3c708d8&id=%E5%BF%AB%E4%B9%90%E5%9E%82%E9%92%93&type=yy, From: subscribe, IPv_Type: ipv6, Location: 美国, ISP: CloudFlare Inc., Date: None, Delay: -1 ms, Speed: 0.00 M/s, Resolution: None
Name: 快乐垂钓, URL: https://migu.188766.xyz/?migutoken=1cec33b8a7faebb61da8af030d76f763&id=%E5%BF%AB%E4%B9%90%E5%9E%82%E9%92%93&type=yy, From: subscribe, IPv_Type: ipv6, Location: 美国, ISP: CloudFlare Inc., Date: None, Delay: -1 ms, Speed: 0.00 M/s, Resolution: None
Name: 快乐垂钓, URL: https://migu.188766.xyz/?migutoken=52f3c85fc2380abbf995f144e7a9c59e&id=%E5%BF%AB%E4%B9%90%E5%9E%82%E9%92%93&type=yy, From: subscribe, IPv_Type: ipv6, Location: 美国, ISP: CloudFlare Inc., Date: None, Delay: -1 ms, Speed: 0.00 M/s, Resolution: None
Name: 快乐垂钓, URL: https://migu.188766.xyz/?migutoken=81d31180f825a7da3f6eea59fff6be91&id=%E5%BF%AB%E4%B9%90%E5%9E%82%E9%92%93&type=yy, From: subscribe, IPv_Type: ipv6, Location: 美国, ISP: CloudFlare Inc., Date: None, Delay: -1 ms, Speed: 0.00 M/s, Resolution: None
Name: 快乐垂钓, URL: https://migu.188766.xyz/?migutoken=df83e7805a0c4335005c6cb679e303d9&id=%E5%BF%AB%E4%B9%90%E5%9E%82%E9%92%93&type=yy, From: subscribe, IPv_Type: ipv6, Location: 美国, ISP: CloudFlare Inc., Date: None, Delay: -1 ms, Speed: 0.00 M/s, Resolution: None
Name: 快乐垂钓, URL: https://migu.188766.xyz/?migutoken=89afef1f3d3819f3e81728d7698a1756&id=%E5%BF%AB%E4%B9%90%E5%9E%82%E9%92%93&type=yy, From: subscribe, IPv_Type: ipv6, Location: 美国, ISP: CloudFlare Inc., Date: None, Delay: -1 ms, Speed: 0.00 M/s, Resolution: None
Name: 快乐垂钓, URL: http://drive.mxmy.net:8888/udp/239.3.1.164:8001, From: subscribe, IPv_Type: ipv4, Location: 中国-北京-北京, ISP: 联通, Date: None, Delay: 623 ms, Speed: 0.80 M/s, Resolution: 1920x1080
Name: JJ斗地主, URL: https://live.iill.top/douyin/685317364746, From: subscribe, IPv_Type: ipv6, Location: 美国, ISP: CloudFlare Inc., Date: None, Delay: -1 ms, Speed: 0.00 M/s, Resolution: None
Name: 少儿动画, URL: http://218.15.183.23:9901/tsfile/live/23045_1.m3u8, From: subscribe, IPv_Type: ipv4, Location: 中国-广东-梅州, ISP: 电信, Date: None, Delay: 10163 ms, Speed: 0.05 M/s, Resolution: 1920x1080
Name: 少儿动画, URL: rtsp://118.212.169.207:554/PLTV/88888888/224/3221227318/10000100000000060000000001945936_0.smil, From: subscribe, IPv_Type: ipv4, Location: 中国-江西, ISP: 联通, Date: None, Delay: 10005 ms, Speed: 0.00 M/s, Resolution: None
Name: 少儿动画, URL: rtsp://115.153.245.70/PLTV/88888888/224/3221227006/86440922.smil, From: subscribe, IPv_Type: ipv4, Location: 中国-江西-宜春, ISP: 电信, Date: None, Delay: 10005 ms, Speed: 0.00 M/s, Resolution: None
Name: 少儿动画, URL: rtsp://115.153.254.81/PLTV/88888888/224/3221227006/86440922.smil, From: subscribe, IPv_Type: ipv4, Location: 中国-江西-宜春, ISP: 电信, Date: None, Delay: 10005 ms, Speed: 0.00 M/s, Resolution: None
Name: 少儿动画, URL: rtsp://115.153.240.228:554/PLTV/88888888/224/3221227006/86440922.smil, From: subscribe, IPv_Type: ipv4, Location: 中国-江西-宜春, ISP: 电信, Date: None, Delay: 10004 ms, Speed: 0.00 M/s, Resolution: None
Name: 少儿动画, URL: rtsp://115.153.212.72/PLTV/88888888/224/3221227006/86440922.smil, From: subscribe, IPv_Type: ipv4, Location: 中国-江西-宜春, ISP: 电信, Date: None, Delay: 10006 ms, Speed: 0.00 M/s, Resolution: None
Name: 少儿动画, URL: rtsp://115.153.247.80/PLTV/88888888/224/3221227006/86440922.smil, From: subscribe, IPv_Type: ipv4, Location: 中国-江西-宜春, ISP: 电信, Date: None, Delay: 10006 ms, Speed: 0.00 M/s, Resolution: None
Name: 少儿动画, URL: rtsp://115.153.230.145/PLTV/88888888/224/3221227006/86440922.smil, From: subscribe, IPv_Type: ipv4, Location: 中国-江西-宜春, ISP: 电信, Date: None, Delay: 10006 ms, Speed: 0.00 M/s, Resolution: None
Name: 少儿动画, URL: rtsp://115.153.222.112:554/PLTV/88888888/224/3221227006/86440922.smil, From: subscribe, IPv_Type: ipv4, Location: 中国-江西-宜春, ISP: 电信, Date: None, Delay: 10005 ms, Speed: 0.00 M/s, Resolution: None
Name: 少儿动画, URL: rtsp://115.153.233.154/PLTV/88888888/224/3221227006/86440922.smil, From: subscribe, IPv_Type: ipv4, Location: 中国-江西-宜春, ISP: 电信, Date: None, Delay: 10005 ms, Speed: 0.00 M/s, Resolution: None
Name: 动漫秀场, URL: http://php.jdshipin.com/itv6.php?cid=bestzb&id=5000000011000031113, From: subscribe, IPv_Type: ipv6, Location: 美国, ISP: CloudFlare Inc., Date: None, Delay: -1 ms, Speed: 0.00 M/s, Resolution: None
Name: 动漫秀场, URL: https://zby.130519.xyz/PLTV/11/224/3221225764/index.m3u8, From: subscribe, IPv_Type: ipv6, Location: 美国, ISP: CloudFlare Inc., Date: None, Delay: -1 ms, Speed: 0.00 M/s, Resolution: None
Name: 动漫秀场, URL: https://stream1.freetv.fun/dong-man-xiu-chang-11.m3u8, From: subscribe, IPv_Type: ipv6, Location: 美国, ISP: CloudFlare Inc., Date: None, Delay: -1 ms, Speed: 0.00 M/s, Resolution: None
Name: 动漫秀场, URL: https://stream1.freetv.fun/ipv6-dong-man-xiu-chang-11.m3u8, From: subscribe, IPv_Type: ipv6, Location: 美国, ISP: CloudFlare Inc., Date: None, Delay: -1 ms, Speed: 0.00 M/s, Resolution: None
Name: 动漫秀场, URL: https://stream1.freetv.fun/dong-man-xiu-chang-9.ctv, From: subscribe, IPv_Type: ipv6, Location: 美国, ISP: CloudFlare Inc., Date: None, Delay: -1 ms, Speed: 0.00 M/s, Resolution: None
Name: 动漫秀场, URL: https://stream1.freetv.fun/ipv6-dong-man-xiu-chang-9.m3u8, From: subscribe, IPv_Type: ipv6, Location: 美国, ISP: CloudFlare Inc., Date: None, Delay: -1 ms, Speed: 0.00 M/s, Resolution: None
Name: 动漫秀场, URL: https://stream1.freetv.fun/dong-man-xiu-chang-2.m3u8, From: subscribe, IPv_Type: ipv6, Location: 美国, ISP: CloudFlare Inc., Date: None, Delay: -1 ms, Speed: 0.00 M/s, Resolution: None
Name: 动漫秀场, URL: https://live.v1.mk/api/bestv.php?id=dmxc8m/8000000, From: subscribe, IPv_Type: ipv6, Location: 美国, ISP: CloudFlare Inc., Date: None, Delay: -1 ms, Speed: 0.00 M/s, Resolution: None
Name: 动漫秀场, URL: https://stream1.freetv.fun/dong-man-xiu-chang-12.ctv, From: subscribe, IPv_Type: ipv6, Location: 美国, ISP: CloudFlare Inc., Date: None, Delay: -1 ms, Speed: 0.00 M/s, Resolution: None
Name: 动漫秀场, URL: https://stream1.freetv.fun/dong-man-xiu-chang-7.m3u8, From: subscribe, IPv_Type: ipv6, Location: 美国, ISP: CloudFlare Inc., Date: None, Delay: -1 ms, Speed: 0.00 M/s, Resolution: None
Name: 动漫秀场, URL: https://hls-gateway.vpstv.net/streams/708843.m3u8, From: subscribe, IPv_Type: ipv6, Location: 美国, ISP: CloudFlare Inc., Date: None, Delay: -1 ms, Speed: 0.00 M/s, Resolution: None
Name: 新动漫, URL: https://tv.iill.top/migu/xdm&token=cc939526aed05a9c3f42c88c61fb8cb76c2acee2ebd65691e243451029eb7b84, From: subscribe, IPv_Type: ipv6, Location: 美国, ISP: CloudFlare Inc., Date: None, Delay: -1 ms, Speed: 0.00 M/s, Resolution: None
Name: 新动漫, URL: https://tv.iill.top/migu/xdm&token=2f124ab6ac087bc9ff8827f65331bcefcc19f2be5fdb4aa28fe293a39b7c65a6, From: subscribe, IPv_Type: ipv6, Location: 美国, ISP: CloudFlare Inc., Date: None, Delay: -1 ms, Speed: 0.00 M/s, Resolution: None
Name: 新动漫, URL: https://tv.iill.top/migu/xdm&token=7ce15d51da8e60be86cc1bde4d856274b2bd781528e9f64ff1d7d9370b9d7268, From: subscribe, IPv_Type: ipv6, Location: 美国, ISP: CloudFlare Inc., Date: None, Delay: -1 ms, Speed: 0.00 M/s, Resolution: None
Name: 新动漫, URL: https://migu.188766.xyz/?migutoken=0fb66d5ac60022ceda271785fba4e744&id=%E6%96%B0%E5%8A%A8%E6%BC%AB&type=yy, From: subscribe, IPv_Type: ipv6, Location: 美国, ISP: CloudFlare Inc., Date: None, Delay: -1 ms, Speed: 0.00 M/s, Resolution: None
Name: 新动漫, URL: https://tv.iill.top/migu/xdm&token=0749f23d5e878af0a55d054879eccdba22a00cca8f13177bf8d0007c856ca9b9, From: subscribe, IPv_Type: ipv6, Location: 美国, ISP: CloudFlare Inc., Date: None, Delay: -1 ms, Speed: 0.00 M/s, Resolution: None
Name: 新动漫, URL: https://migu.188766.xyz/?migutoken=e30673f8e72e759480f22426e2b8a6ec&id=%E6%96%B0%E5%8A%A8%E6%BC%AB&type=yy, From: subscribe, IPv_Type: ipv6, Location: 美国, ISP: CloudFlare Inc., Date: None, Delay: -1 ms, Speed: 0.00 M/s, Resolution: None
Name: 新动漫, URL: https://tv.iill.top/migu/xdm&token=ea4803836ab3759697c651bbaf9b16d10a6339fab2e1a980e276b15296478409, From: subscribe, IPv_Type: ipv6, Location: 美国, ISP: CloudFlare Inc., Date: None, Delay: -1 ms, Speed: 0.00 M/s, Resolution: None
Name: 新动漫, URL: https://migu.188766.xyz/?migutoken=970a3d8a17d3f45c058219bf4c4f5a54&id=%E6%96%B0%E5%8A%A8%E6%BC%AB&type=yy, From: subscribe, IPv_Type: ipv6, Location: 美国, ISP: CloudFlare Inc., Date: None, Delay: -1 ms, Speed: 0.00 M/s, Resolution: None
Name: 新动漫, URL: https://tv.iill.top/migu/xdm&token=082b9b13fc9a332b374b4bbeb3839e098a394ddc0af6cb1cae3e2ab2272a8fe3, From: subscribe, IPv_Type: ipv6, Location: 美国, ISP: CloudFlare Inc., Date: None, Delay: -1 ms, Speed: 0.00 M/s, Resolution: None
Name: 新动漫, URL: https://migu.188766.xyz/?migutoken=3db521b2c36802f5fded85bb3978c835&id=%E6%96%B0%E5%8A%A8%E6%BC%AB&type=yy, From: subscribe, IPv_Type: ipv6, Location: 美国, ISP: CloudFlare Inc., Date: None, Delay: -1 ms, Speed: 0.00 M/s, Resolution: None
Name: 新动漫, URL: https://tv.iill.top/migu/xdm&token=3715e56a43ff137fc781c87e8f3354f0b0b81779b6440c51e75f763fd7e1c640, From: subscribe, IPv_Type: ipv6, Location: 美国, ISP: CloudFlare Inc., Date: None, Delay: -1 ms, Speed: 0.00 M/s, Resolution: None
Name: 新动漫, URL: https://migu.188766.xyz/?migutoken=953cca31b8499ca7dd1dd66c04b00377&id=%E6%96%B0%E5%8A%A8%E6%BC%AB&type=yy, From: subscribe, IPv_Type: ipv6, Location: 美国, ISP: CloudFlare Inc., Date: None, Delay: -1 ms, Speed: 0.00 M/s, Resolution: None
Name: 新动漫, URL: https://tv.iill.top/migu/xdm&token=2276b9830bd9e6d7f4858f72fe6095ad7d4eeb9d25164399bb076f31d3ce364b, From: subscribe, IPv_Type: ipv6, Location: 美国, ISP: CloudFlare Inc., Date: None, Delay: -1 ms, Speed: 0.00 M/s, Resolution: None
Name: 新动漫, URL: https://migu.188766.xyz/?migutoken=fa7fab5af3b2b0fca5c12c94accfd524&id=%E6%96%B0%E5%8A%A8%E6%BC%AB&type=yy, From: subscribe, IPv_Type: ipv6, Location: 美国, ISP: CloudFlare Inc., Date: None, Delay: -1 ms, Speed: 0.00 M/s, Resolution: None
Name: 新动漫, URL: https://migu.188766.xyz/?migutoken=b6723923245d1a7b8f0a16fa0e1850e7&id=%E6%96%B0%E5%8A%A8%E6%BC%AB&type=yy, From: subscribe, IPv_Type: ipv6, Location: 美国, ISP: CloudFlare Inc., Date: None, Delay: -1 ms, Speed: 0.00 M/s, Resolution: None
Name: 新动漫, URL: https://tv.iill.top/migu/xdm&token=886bce813f2cd4e37742d034db073fb39288ecfa7b0e43b20307dd9a2b2d0bdc, From: subscribe, IPv_Type: ipv6, Location: 美国, ISP: CloudFlare Inc., Date: None, Delay: -1 ms, Speed: 0.00 M/s, Resolution: None
Name: 新动漫, URL: https://migu.188766.xyz/?migutoken=5d47d298ec22868c0bb5adddcbe33f20&id=%E6%96%B0%E5%8A%A8%E6%BC%AB&type=yy, From: subscribe, IPv_Type: ipv6, Location: 美国, ISP: CloudFlare Inc., Date: None, Delay: -1 ms, Speed: 0.00 M/s, Resolution: None
Name: 新动漫, URL: https://tv.iill.top/migu/xdm&token=7d321042b2f5789d57294578c80935696c5c1326ca57bc4bb58174e879b25dd6, From: subscribe, IPv_Type: ipv6, Location: 美国, ISP: CloudFlare Inc., Date: None, Delay: -1 ms, Speed: 0.00 M/s, Resolution: None
Name: 新动漫, URL: https://migu.188766.xyz/?migutoken=9b1ebe7d39a0fbb02ac154e53fd70125&id=%E6%96%B0%E5%8A%A8%E6%BC%AB&type=yy, From: subscribe, IPv_Type: ipv6, Location: 美国, ISP: CloudFlare Inc., Date: None, Delay: -1 ms, Speed: 0.00 M/s, Resolution: None
Name: 新动漫, URL: https://tv.iill.top/migu/xdm&token=ad73153cdea1fbd107ecb21f633c449542412c1ff26b11caafd59267d0eec755, From: subscribe, IPv_Type: ipv6, Location: 美国, ISP: CloudFlare Inc., Date: None, Delay: -1 ms, Speed: 0.00 M/s, Resolution: None
Name: 新动漫, URL: https://migu.188766.xyz/?migutoken=abd1a1662fd490eaf341cf605e2737d7&id=%E6%96%B0%E5%8A%A8%E6%BC%AB&type=yy, From: subscribe, IPv_Type: ipv6, Location: 美国, ISP: CloudFlare Inc., Date: None, Delay: -1 ms, Speed: 0.00 M/s, Resolution: None
Name: 新动漫, URL: https://tv.iill.top/migu/xdm&token=d25986dec232345e7d991eb80f90d884b6037b42c12c8b793d52ff710cbe29b7, From: subscribe, IPv_Type: ipv6, Location: 美国, ISP: CloudFlare Inc., Date: None, Delay: -1 ms, Speed: 0.00 M/s, Resolution: None
Name: 新动漫, URL: https://migu.188766.xyz/?migutoken=9119aaadfe3733025602d74df2bc27ef&id=%E6%96%B0%E5%8A%A8%E6%BC%AB&type=yy, From: subscribe, IPv_Type: ipv6, Location: 美国, ISP: CloudFlare Inc., Date: None, Delay: -1 ms, Speed: 0.00 M/s, Resolution: None
Name: 新动漫, URL: https://tv.iill.top/migu/xdm&token=5e1e0665ab28c6b396cfe65196076812fddb1605c28ea3a97faf40c908fbfe06, From: subscribe, IPv_Type: ipv6, Location: 美国, ISP: CloudFlare Inc., Date: None, Delay: -1 ms, Speed: 0.00 M/s, Resolution: None
Name: 新动漫, URL: https://migu.188766.xyz/?migutoken=34fb20f1f773d04931fe481f123355c8&id=%E6%96%B0%E5%8A%A8%E6%BC%AB&type=yy, From: subscribe, IPv_Type: ipv6, Location: 美国, ISP: CloudFlare Inc., Date: None, Delay: -1 ms, Speed: 0.00 M/s, Resolution: None
Name: 新动漫, URL: https://migu.188766.xyz/?migutoken=4c1db416509b084f1f2e2916b561b99e&id=%E6%96%B0%E5%8A%A8%E6%BC%AB&type=yy, From: subscribe, IPv_Type: ipv6, Location: 美国, ISP: CloudFlare Inc., Date: None, Delay: -1 ms, Speed: 0.00 M/s, Resolution: None
Name: 新动漫, URL: https://migu.188766.xyz/?migutoken=7fdd4d1404076dfd405a913bb2714246&id=%E6%96%B0%E5%8A%A8%E6%BC%AB&type=yy, From: subscribe, IPv_Type: ipv6, Location: 美国, ISP: CloudFlare Inc., Date: None, Delay: -1 ms, Speed: 0.00 M/s, Resolution: None
Name: 新动漫, URL: https://migu.188766.xyz/?migutoken=7b00134a83a79005743dedb6ee0f9211&id=%E6%96%B0%E5%8A%A8%E6%BC%AB&type=yy, From: subscribe, IPv_Type: ipv6, Location: 美国, ISP: CloudFlare Inc., Date: None, Delay: -1 ms, Speed: 0.00 M/s, Resolution: None
Name: 新动漫, URL: https://migu.188766.xyz/?migutoken=6885c858e489efddd2cdb4e1e1894117&id=%E6%96%B0%E5%8A%A8%E6%BC%AB&type=yy, From: subscribe, IPv_Type: ipv6, Location: 美国, ISP: CloudFlare Inc., Date: None, Delay: -1 ms, Speed: 0.00 M/s, Resolution: None
Name: 爱动漫, URL: http://php.jdshipin.com:8880/itv6s.php?cid=wasusyt&id=6000000006000280630, From: subscribe, IPv_Type: ipv6, Location: 美国, ISP: CloudFlare Inc., Date: None, Delay: -1 ms, Speed: 0.00 M/s, Resolution: None
Name: 爱动漫, URL: http://[2409:8087:5e08:24::17]:6610/000000001000/2000000004000000059/index.m3u8, From: subscribe, IPv_Type: ipv6, Location: 中国, ISP: 中国移动, Date: None, Delay: -1 ms, Speed: 0.00 M/s, Resolution: None
Name: 爱动漫, URL: http://[2409:8087:5e08:24::11]:6610/000000001000/2000000004000000059/index.m3u8, From: subscribe, IPv_Type: ipv6, Location: 中国, ISP: 中国移动, Date: None, Delay: -1 ms, Speed: 0.00 M/s, Resolution: None
Name: 爱动漫, URL: http://hwltc.tv.cdn.zj.chinamobile.com/PLTV/88888888/224/3221235628/1/index.m3u8?fmt=ts2hls, From: subscribe, IPv_Type: ipv6, Location: 中国, ISP: 中国移动, Date: None, Delay: -1 ms, Speed: 0.00 M/s, Resolution: None
Name: CN卡通, URL: https://hls-gateway.vpstv.net/streams/476247.m3u8, From: subscribe, IPv_Type: ipv6, Location: 美国, ISP: CloudFlare Inc., Date: None, Delay: -1 ms, Speed: 0.00 M/s, Resolution: None
Name: CN卡通, URL: https://stream1.freetv.fun/cnqia-tong-3.ctv, From: subscribe, IPv_Type: ipv6, Location: 美国, ISP: CloudFlare Inc., Date: None, Delay: -1 ms, Speed: 0.00 M/s, Resolution: None
Name: CN卡通, URL: https://cdn.iptv8k.top/dl/jrys.php?id=364&time=20240926215313&ip=111.229.253.40, From: subscribe, IPv_Type: ipv4, Location: 美国, ISP: CloudFlare节点, Date: None, Delay: 26 ms, Speed: 11.90 M/s, Resolution: 1920x1080
Name: 优漫卡通, URL: http://php.jdshipin.com/TVOD/hnyd.php?id=200000001898/460000089800010118, From: subscribe, IPv_Type: ipv6, Location: 美国, ISP: CloudFlare Inc., Date: None, Delay: -1 ms, Speed: 0.00 M/s, Resolution: None
Name: 优漫卡通, URL: http://z.b.bkpcp.top/m.php?id=ymkt, From: subscribe, IPv_Type: ipv6, Location: 美国, ISP: CloudFlare Inc., Date: None, Delay: -1 ms, Speed: 0.00 M/s, Resolution: None
Name: 优漫卡通, URL: http://3501776.xyz:35455/itv/1000000002000010063.m3u8?cdn=ystenlive, From: subscribe, IPv_Type: ipv6, Location: 美国, ISP: CloudFlare Inc., Date: None, Delay: -1 ms, Speed: 0.00 M/s, Resolution: None
Name: 优漫卡通, URL: https://stream1.freetv.fun/you-man-qia-tong-11.m3u8, From: subscribe, IPv_Type: ipv6, Location: 美国, ISP: CloudFlare Inc., Date: None, Delay: -1 ms, Speed: 0.00 M/s, Resolution: None
Name: 优漫卡通, URL: https://www.freetv.top/migu/626064703.m3u8?migutoken=7f7c4b909389a0cd5172701768041a0f3887534c4534a68bf1dc85550389e9ab156655484be16e89604513fde9da2f036ebae28d31515b0be32eb12462f5de9d9cab8f00c44671241d5c6e1356, From: subscribe, IPv_Type: ipv6, Location: 美国-加利福尼亚州-圣克拉拉, ISP: DigitalOcean, Date: None, Delay: -1 ms, Speed: 0.00 M/s, Resolution: None
Name: 优漫卡通, URL: https://www.freetv.top/migu/626064703.m3u8?migutoken=deac6c5275081b54ad412a195e499b7c0cb8f04446b6c80aaa9d3eb1063d620261c68202d59aea05060007b58a62d5d208f16379d861d6f1627c10c9dd894f0bf7e3ca97b04696255e193e871c, From: subscribe, IPv_Type: ipv6, Location: 美国-加利福尼亚州-圣克拉拉, ISP: DigitalOcean, Date: None, Delay: -1 ms, Speed: 0.00 M/s, Resolution: None
Name: 金鹰卡通, URL: http://3501776.xyz:35455/itv/5000000006000040024.m3u8?cdn=bestzb, From: subscribe, IPv_Type: ipv6, Location: 美国, ISP: CloudFlare Inc., Date: None, Delay: -1 ms, Speed: 0.00 M/s, Resolution: None
Name: 金鹰卡通, URL: https://zby.130519.xyz/PLTV/11/224/3221226094/index.m3u8, From: subscribe, IPv_Type: ipv6, Location: 美国, ISP: CloudFlare Inc., Date: None, Delay: -1 ms, Speed: 0.00 M/s, Resolution: None
Name: 金鹰卡通, URL: https://stream1.freetv.fun/jin-ying-qia-tong-22.m3u8, From: subscribe, IPv_Type: ipv6, Location: 美国, ISP: CloudFlare Inc., Date: None, Delay: -1 ms, Speed: 0.00 M/s, Resolution: None
Name: 金鹰卡通, URL: https://stream1.freetv.fun/jin-ying-qia-tong-39.m3u8, From: subscribe, IPv_Type: ipv6, Location: 美国, ISP: CloudFlare Inc., Date: None, Delay: -1 ms, Speed: 0.00 M/s, Resolution: None
Name: 金鹰卡通, URL: https://stream1.freetv.fun/jin-ying-qia-tong-34.m3u8, From: subscribe, IPv_Type: ipv6, Location: 美国, ISP: CloudFlare Inc., Date: None, Delay: -1 ms, Speed: 0.00 M/s, Resolution: None
Name: 金鹰卡通, URL: https://stream1.freetv.fun/jin-ying-qia-tong-13.m3u8, From: subscribe, IPv_Type: ipv6, Location: 美国, ISP: CloudFlare Inc., Date: None, Delay: -1 ms, Speed: 0.00 M/s, Resolution: None
Name: 金鹰卡通, URL: https://stream1.freetv.fun/jin-ying-qia-tong-19.m3u8, From: subscribe, IPv_Type: ipv6, Location: 美国, ISP: CloudFlare Inc., Date: None, Delay: -1 ms, Speed: 0.00 M/s, Resolution: None
Name: 金鹰卡通, URL: https://stream1.freetv.fun/jin-ying-qia-tong-11.m3u8, From: subscribe, IPv_Type: ipv6, Location: 美国, ISP: CloudFlare Inc., Date: None, Delay: -1 ms, Speed: 0.00 M/s, Resolution: None
Name: 金鹰卡通, URL: https://stream1.freetv.fun/jin-ying-qia-tong-gao-qing-1.m3u8, From: subscribe, IPv_Type: ipv6, Location: 美国, ISP: CloudFlare Inc., Date: None, Delay: -1 ms, Speed: 0.00 M/s, Resolution: None
Name: 金鹰卡通, URL: https://stream1.freetv.fun/jin-ying-qia-tong-9.ctv, From: subscribe, IPv_Type: ipv6, Location: 美国, ISP: CloudFlare Inc., Date: None, Delay: -1 ms, Speed: 0.00 M/s, Resolution: None
Name: 金鹰卡通, URL: https://stream1.freetv.fun/jin-ying-qia-tong-32.ctv, From: subscribe, IPv_Type: ipv6, Location: 美国, ISP: CloudFlare Inc., Date: None, Delay: -1 ms, Speed: 0.00 M/s, Resolution: None
Name: 浙江少儿, URL: https://stream1.freetv.fun/zhe-jiang-shao-er-4.m3u8, From: subscribe, IPv_Type: ipv6, Location: 美国, ISP: CloudFlare Inc., Date: None, Delay: -1 ms, Speed: 0.00 M/s, Resolution: None
Name: 浙江少儿, URL: https://stream1.freetv.fun/zhe-jiang-shao-er-4.ctv, From: subscribe, IPv_Type: ipv6, Location: 美国, ISP: CloudFlare Inc., Date: None, Delay: -1 ms, Speed: 0.00 M/s, Resolution: None
Name: 浙江少儿, URL: https://stream1.freetv.fun/zhe-jiang-shao-er-6.ctv, From: subscribe, IPv_Type: ipv6, Location: 美国, ISP: CloudFlare Inc., Date: None, Delay: -1 ms, Speed: 0.00 M/s, Resolution: None
Name: 浙江少儿, URL: https://stream1.freetv.fun/zhe-jiang-shao-er-8.m3u8, From: subscribe, IPv_Type: ipv6, Location: 美国, ISP: CloudFlare Inc., Date: None, Delay: -1 ms, Speed: 0.00 M/s, Resolution: None
Name: 浙江少儿, URL: https://stream1.freetv.fun/zhe-jiang-shao-er-9.ctv, From: subscribe, IPv_Type: ipv6, Location: 美国, ISP: CloudFlare Inc., Date: None, Delay: -1 ms, Speed: 0.00 M/s, Resolution: None
Name: 浙江少儿, URL: https://ali-m-l.cztv.com/channels/lantian/channel008/1080p.m3u8?#https://ali-m-l.cztv.com/channels/lantian/channel008/1080p.m3u8#http://ali-m-l.cztv.com/channels/lantian/channel008/1080p.m3u8, From: subscribe, IPv_Type: ipv4, Location: 中国-上海-上海, ISP: 电信, Date: None, Delay: 1913 ms, Speed: 0.96 M/s, Resolution: 1920x1080
Name: 河北少儿科教, URL: https://stream1.freetv.fun/he-bei-shao-er-ke-jiao-7.ctv, From: subscribe, IPv_Type: ipv6, Location: 美国, ISP: CloudFlare Inc., Date: None, Delay: -1 ms, Speed: 0.00 M/s, Resolution: None
Name: 河北少儿科教, URL: https://stream1.freetv.fun/he-bei-shao-er-ke-jiao-10.ctv, From: subscribe, IPv_Type: ipv6, Location: 美国, ISP: CloudFlare Inc., Date: None, Delay: -1 ms, Speed: 0.00 M/s, Resolution: None
Name: 河北少儿科教, URL: https://stream1.freetv.fun/he-bei-shao-er-ke-jiao-15.ctv, From: subscribe, IPv_Type: ipv6, Location: 美国, ISP: CloudFlare Inc., Date: None, Delay: -1 ms, Speed: 0.00 M/s, Resolution: None
Name: 河北少儿科教, URL: https://stream1.freetv.fun/he-bei-shao-er-ke-jiao-12.m3u8, From: subscribe, IPv_Type: ipv6, Location: 美国, ISP: CloudFlare Inc., Date: None, Delay: -1 ms, Speed: 0.00 M/s, Resolution: None
Name: 河北少儿科教, URL: https://stream1.freetv.fun/he-bei-shao-er-ke-jiao-2.m3u8, From: subscribe, IPv_Type: ipv6, Location: 美国, ISP: CloudFlare Inc., Date: None, Delay: -1 ms, Speed: 0.00 M/s, Resolution: None
Name: 河北少儿科教, URL: https://stream1.freetv.fun/he-bei-shao-er-ke-jiao-8.ctv, From: subscribe, IPv_Type: ipv6, Location: 美国, ISP: CloudFlare Inc., Date: None, Delay: -1 ms, Speed: 0.00 M/s, Resolution: None
Name: 河北少儿科教, URL: https://stream1.freetv.fun/he-bei-shao-er-ke-jiao-6.ctv, From: subscribe, IPv_Type: ipv6, Location: 美国, ISP: CloudFlare Inc., Date: None, Delay: -1 ms, Speed: 0.00 M/s, Resolution: None
Name: 河北少儿科教, URL: https://stream1.freetv.fun/he-bei-shao-er-ke-jiao-17.ctv, From: subscribe, IPv_Type: ipv6, Location: 美国, ISP: CloudFlare Inc., Date: None, Delay: -1 ms, Speed: 0.00 M/s, Resolution: None
Name: 河北少儿科教, URL: https://stream1.freetv.fun/he-bei-shao-er-ke-jiao-3.m3u8, From: subscribe, IPv_Type: ipv6, Location: 美国, ISP: CloudFlare Inc., Date: None, Delay: -1 ms, Speed: 0.00 M/s, Resolution: None
Name: 河北少儿科教, URL: https://stream1.freetv.fun/he-bei-shao-er-ke-jiao-9.ctv, From: subscribe, IPv_Type: ipv6, Location: 美国, ISP: CloudFlare Inc., Date: None, Delay: -1 ms, Speed: 0.00 M/s, Resolution: None
Name: 河北少儿科教, URL: http://php.fjl626.cn/hebei.php?id=sekj, From: subscribe, IPv_Type: ipv4, Location: 中国-香港, ISP: Cloudie_Limited, Date: None, Delay: 428 ms, Speed: 0.01 M/s, Resolution: None
Name: 七龙珠, URL: https://live.ottiptv.cc/huya/11601966, From: subscribe, IPv_Type: ipv6, Location: 美国-加利福尼亚州-圣克拉拉, ISP: DigitalOcean, Date: None, Delay: -1 ms, Speed: 0.00 M/s, Resolution: None
Name: 火影忍者, URL: http://cdn.jdshipin.com:8880/huya.php?id=29465866, From: subscribe, IPv_Type: ipv6, Location: 美国, ISP: CloudFlare Inc., Date: None, Delay: -1 ms, Speed: 0.00 M/s, Resolution: None
Name: 海绵宝宝, URL: https://live.metshop.top/douyu/3949681, From: subscribe, IPv_Type: ipv6, Location: 美国, ISP: CloudFlare Inc., Date: None, Delay: -1 ms, Speed: 0.00 M/s, Resolution: None
Name: 中华小当家, URL: https://live.metshop.top/huya/11342413, From: subscribe, IPv_Type: ipv6, Location: 美国, ISP: CloudFlare Inc., Date: None, Delay: -1 ms, Speed: 0.00 M/s, Resolution: None
Name: 中华小当家, URL: https://live.iill.top/huya/11342413, From: subscribe, IPv_Type: ipv6, Location: 美国, ISP: CloudFlare Inc., Date: None, Delay: -1 ms, Speed: 0.00 M/s, Resolution: None
Name: 猫和老鼠, URL: https://live.iill.top/huya/11352879, From: subscribe, IPv_Type: ipv6, Location: 美国, ISP: CloudFlare Inc., Date: None, Delay: -1 ms, Speed: 0.00 M/s, Resolution: None
Name: 猫和老鼠, URL: http://live.iill.top/huya.php?id=11352879, From: subscribe, IPv_Type: ipv6, Location: 美国, ISP: CloudFlare Inc., Date: None, Delay: -1 ms, Speed: 0.00 M/s, Resolution: None
Name: 经典动漫, URL: http://43.138.0.72:35455/yy/24180320, From: subscribe, IPv_Type: ipv4, Location: 中国-北京-北京, ISP: 腾讯云, Date: None, Delay: 49 ms, Speed: 9.50 M/s, Resolution: 1920x1080
Name: 经典动漫, URL: https://lunbo.freetv.top/yy/24180320, From: subscribe, IPv_Type: ipv4, Location: 美国-北卡罗来纳州-梅克伦堡, ISP: CaroNet公司, Date: None, Delay: 47 ms, Speed: 9.34 M/s, Resolution: 1920x1080
Name: 蜡笔小新, URL: http://www.douzhicloud.site:35455/bilibili/30837590, From: subscribe, IPv_Type: ipv4, Location: 中国-北京-北京, ISP: 联通, Date: None, Delay: 48 ms, Speed: 8.98 M/s, Resolution: 1920x1080
Name: 漫画解说, URL: https://www.goodiptv.club/douyu/5907076, From: subscribe, IPv_Type: ipv6, Location: 美国, ISP: CloudFlare Inc., Date: None, Delay: -1 ms, Speed: 0.00 M/s, Resolution: None
Name: 漫画解说, URL: https://yylunbo.ottiptv.cc/yy/1382735568, From: subscribe, IPv_Type: ipv6, Location: 美国, ISP: CloudFlare Inc., Date: None, Delay: -1 ms, Speed: 0.00 M/s, Resolution: None
Name: 游戏风云, URL: http://php.jdshipin.com/itv6.php?cid=bestzb&id=5000000011000031114, From: subscribe, IPv_Type: ipv6, Location: 美国, ISP: CloudFlare Inc., Date: None, Delay: -1 ms, Speed: 0.00 M/s, Resolution: None
Name: 游戏风云, URL: http://z.b.bkpcp.top/m.php?id=yxfy, From: subscribe, IPv_Type: ipv6, Location: 美国, ISP: CloudFlare Inc., Date: None, Delay: -1 ms, Speed: 0.00 M/s, Resolution: None
Name: 游戏风云, URL: http://gat.bkpcp.top/ymg.php?id=yxfy, From: subscribe, IPv_Type: ipv6, Location: 美国, ISP: CloudFlare Inc., Date: None, Delay: -1 ms, Speed: 0.00 M/s, Resolution: None
Name: 游戏风云, URL: http://3501776.xyz:35455/itv/5000000011000031114.m3u8?cdn=bestzb, From: subscribe, IPv_Type: ipv6, Location: 美国, ISP: CloudFlare Inc., Date: None, Delay: -1 ms, Speed: 0.00 M/s, Resolution: None
Name: 游戏风云, URL: https://zby.130519.xyz/PLTV/11/224/3221226117/index.m3u8, From: subscribe, IPv_Type: ipv6, Location: 美国, ISP: CloudFlare Inc., Date: None, Delay: -1 ms, Speed: 0.00 M/s, Resolution: None
Name: 游戏风云, URL: https://www.freetv.top/migu/790188417.m3u8?migutoken=0276ef43726b0a3df46f95059cfba0dc88fb58e0682005aef78c7fcce5c7101a4d1199cd5aa05c58eaed75bf3a107385ce216cf787ceb58c1839c276b121b05b72a1ec8d7c6f23c240511643c0, From: subscribe, IPv_Type: ipv6, Location: 美国-加利福尼亚州-圣克拉拉, ISP: DigitalOcean, Date: None, Delay: -1 ms, Speed: 0.00 M/s, Resolution: None
Name: 游戏风云, URL: https://www.freetv.top/migu/790188417.m3u8?migutoken=4bb23a171d4d63d4362dfba9a795c0f4ae95e2190f17a502e900947df23bda8e7a18b21aa9e6b578071ed4ced654a44a80d0fb8970ac8330432d19255fb721f3c1ee552fa186e2c9427e18e082, From: subscribe, IPv_Type: ipv6, Location: 美国-加利福尼亚州-圣克拉拉, ISP: DigitalOcean, Date: None, Delay: -1 ms, Speed: 0.00 M/s, Resolution: None
Name: 爱电竞, URL: http://php.jdshipin.com:8880/itv6s.php?cid=wasusyt&id=6000000006000230630, From: subscribe, IPv_Type: ipv6, Location: 美国, ISP: CloudFlare Inc., Date: None, Delay: -1 ms, Speed: 0.00 M/s, Resolution: None
Name: CCTV-15, URL: https://zby.130519.xyz/PLTV/11/224/3221226147/index.m3u8, From: subscribe, IPv_Type: ipv6, Location: 美国, ISP: CloudFlare Inc., Date: None, Delay: -1 ms, Speed: 0.00 M/s, Resolution: None
Name: CCTV-15, URL: https://www.freetv.top/migu/673168223.m3u8?migutoken=4e8d5766579c6bef231494cabd07e5b49d965804790214280c9791e4c331fd90311cb62ea43d3a1899229bfa57be4afe5a567b32a6b78153fc9a9801e28a39435e078b48c211e71d6083519be4, From: subscribe, IPv_Type: ipv6, Location: 美国-加利福尼亚州-圣克拉拉, ISP: DigitalOcean, Date: None, Delay: -1 ms, Speed: 0.00 M/s, Resolution: None
Name: CCTV-15, URL: https://smart.pendy.dpdns.org/Smart.php?id=cctv15, From: subscribe, IPv_Type: ipv6, Location: 美国, ISP: CloudFlare Inc., Date: None, Delay: -1 ms, Speed: 0.00 M/s, Resolution: None
Name: CCTV-15, URL: http://[2409:8087:1a01:df::4033]:80/TVOD/88888888/224/3221226127/main.m3u8, From: subscribe, IPv_Type: ipv6, Location: 中国, ISP: 中国移动, Date: None, Delay: -1 ms, Speed: 0.00 M/s, Resolution: None
Name: CCTV-15, URL: http://[2409:8087:1a0a:df::404b]/ottrrs.hl.chinamobile.com/TVOD/88888888/224/3221225601/index.m3u8, From: subscribe, IPv_Type: ipv6, Location: 中国, ISP: 中国移动, Date: None, Delay: -1 ms, Speed: 0.00 M/s, Resolution: None
Name: CCTV-15, URL: http://[2409:8087:1a01:df::4077]/ottrrs.hl.chinamobile.com/PLTV/88888888/8/3221225601/index.m3u8, From: subscribe, IPv_Type: ipv6, Location: 中国, ISP: 中国移动, Date: None, Delay: -1 ms, Speed: 0.00 M/s, Resolution: None
Name: CCTV-15, URL: http://[2409:8087:8:21::18]:6610/otttv.bj.chinamobile.com/PLTV/88888888/224/3221226333/1.m3u8, From: subscribe, IPv_Type: ipv6, Location: 中国, ISP: 中国移动, Date: None, Delay: -1 ms, Speed: 0.00 M/s, Resolution: None
Name: CCTV-15, URL: http://[2409:8087:8:21::18]:6610/otttv.bj.chinamobile.com/PLTV/88888888/224/3221226444/1.m3u8, From: subscribe, IPv_Type: ipv6, Location: 中国, ISP: 中国移动, Date: None, Delay: -1 ms, Speed: 0.00 M/s, Resolution: None
Name: CCTV-15, URL: http://iptv.cdn.ha.chinamobile.com/PLTV/88888888/224/3221227175/index.m3u8, From: subscribe, IPv_Type: ipv6, Location: 中国, ISP: 中国移动, Date: None, Delay: -1 ms, Speed: 0.00 M/s, Resolution: None
Name: CCTV-15, URL: http://[2409:8087:1a01:df::4077]/ottrrs.hl.chinamobile.com/PLTV/88888888/224/3221225601/index.m3u8, From: subscribe, IPv_Type: ipv6, Location: 中国, ISP: 中国移动, Date: None, Delay: -1 ms, Speed: 0.00 M/s, Resolution: None
Name: CCTV-15, URL: https://migu.188766.xyz/?migutoken=d0981e46641135a473f39c5a9d5ca509&id=CCTV15&type=yy, From: subscribe, IPv_Type: ipv6, Location: 美国, ISP: CloudFlare Inc., Date: None, Delay: -1 ms, Speed: 0.00 M/s, Resolution: None
Name: CCTV-15, URL: https://iptv.catvod.com/live.php?id=CCTV-15, From: subscribe, IPv_Type: ipv6, Location: 美国, ISP: CloudFlare Inc., Date: None, Delay: -1 ms, Speed: 0.00 M/s, Resolution: None
Name: CCTV-15, URL: https://hls-gateway.vpstv.net/streams/476901.m3u8, From: subscribe, IPv_Type: ipv6, Location: 美国, ISP: CloudFlare Inc., Date: None, Delay: -1 ms, Speed: 0.00 M/s, Resolution: None
Name: CCTV-15, URL: http://[2409:8087:8:21::18]:6610/otttv.bj.chinamobile.com/PLTV/88888888/224/3221226333/1.m3u8?, From: subscribe, IPv_Type: ipv6, Location: 中国, ISP: 中国移动, Date: None, Delay: -1 ms, Speed: 0.00 M/s, Resolution: None
Name: CCTV-15, URL: https://migu.188766.xyz/?migutoken=d746cbdefc14cc5616495c27c50afec2&id=CCTV15&type=yy, From: subscribe, IPv_Type: ipv6, Location: 美国, ISP: CloudFlare Inc., Date: None, Delay: -1 ms, Speed: 0.00 M/s, Resolution: None
Name: CCTV-15, URL: https://migu.188766.xyz/?migutoken=da35d716cb7adff2add966561e4b8b2b&id=CCTV15&type=yy, From: subscribe, IPv_Type: ipv6, Location: 美国, ISP: CloudFlare Inc., Date: None, Delay: -1 ms, Speed: 0.00 M/s, Resolution: None
Name: CCTV-15, URL: https://migu.188766.xyz/?migutoken=62c128cdce35040c75e0812aaaec710a&id=CCTV15&type=yy, From: subscribe, IPv_Type: ipv6, Location: 美国, ISP: CloudFlare Inc., Date: None, Delay: -1 ms, Speed: 0.00 M/s, Resolution: None
Name: CCTV-15, URL: https://migu.188766.xyz/?migutoken=a281c115561eee80ebead2e0a656f138&id=CCTV15&type=yy, From: subscribe, IPv_Type: ipv6, Location: 美国, ISP: CloudFlare Inc., Date: None, Delay: -1 ms, Speed: 0.00 M/s, Resolution: None
Name: CCTV-15, URL: https://migu.188766.xyz/?migutoken=3e466ce9b1a16926d961955cdcbbcc88&id=CCTV15&type=yy, From: subscribe, IPv_Type: ipv6, Location: 美国, ISP: CloudFlare Inc., Date: None, Delay: -1 ms, Speed: 0.00 M/s, Resolution: None
Name: CCTV-15, URL: https://iptv.catvod.com/live.php?id=CCTV15, From: subscribe, IPv_Type: ipv6, Location: 美国, ISP: CloudFlare Inc., Date: None, Delay: -1 ms, Speed: 0.00 M/s, Resolution: None
Name: CCTV-15, URL: https://migu.188766.xyz/?migutoken=3cbc5b457b61f07a9b56275416dbebe4&id=CCTV15&type=yy, From: subscribe, IPv_Type: ipv6, Location: 美国, ISP: CloudFlare Inc., Date: None, Delay: -1 ms, Speed: 0.00 M/s, Resolution: None
Name: CCTV-15, URL: https://migu.188766.xyz/?migutoken=df989cceb3c168618bb43fed0c9d89c0&id=CCTV15&type=yy, From: subscribe, IPv_Type: ipv6, Location: 美国, ISP: CloudFlare Inc., Date: None, Delay: -1 ms, Speed: 0.00 M/s, Resolution: None
Name: CCTV-15, URL: https://migu.188766.xyz/?migutoken=4751b78c80551e0ed2119bd6bd8b7969&id=CCTV15&type=yy, From: subscribe, IPv_Type: ipv6, Location: 美国, ISP: CloudFlare Inc., Date: None, Delay: -1 ms, Speed: 0.00 M/s, Resolution: None
Name: CCTV-15, URL: https://migu.188766.xyz/?migutoken=00817a7808836cc790dbdc17b18439a7&id=CCTV15&type=yy, From: subscribe, IPv_Type: ipv6, Location: 美国, ISP: CloudFlare Inc., Date: None, Delay: -1 ms, Speed: 0.00 M/s, Resolution: None
Name: CCTV-15, URL: https://migu.188766.xyz/?migutoken=b2cde938e303c01065cb96d8f73e0ea7&id=CCTV15&type=yy, From: subscribe, IPv_Type: ipv6, Location: 美国, ISP: CloudFlare Inc., Date: None, Delay: -1 ms, Speed: 0.00 M/s, Resolution: None
Name: CCTV-15, URL: https://migu.188766.xyz/?migutoken=3cda291c19cf0476f0c795c96614d132&id=CCTV15&type=yy, From: subscribe, IPv_Type: ipv6, Location: 美国, ISP: CloudFlare Inc., Date: None, Delay: -1 ms, Speed: 0.00 M/s, Resolution: None
Name: CCTV-15, URL: https://migu.188766.xyz/?migutoken=e21623bf56028f94b0710f45b23ddf48&id=CCTV15&type=yy, From: subscribe, IPv_Type: ipv6, Location: 美国, ISP: CloudFlare Inc., Date: None, Delay: -1 ms, Speed: 0.00 M/s, Resolution: None
Name: CCTV-15, URL: https://migu.188766.xyz/?migutoken=8f526cd18d34ddd149ec92a22156dcab&id=CCTV15&type=yy, From: subscribe, IPv_Type: ipv6, Location: 美国, ISP: CloudFlare Inc., Date: None, Delay: -1 ms, Speed: 0.00 M/s, Resolution: None
Name: CCTV-15, URL: https://migu.188766.xyz/?migutoken=44c2ed3c026c920db4504a157125cc1b&id=CCTV15&type=yy, From: subscribe, IPv_Type: ipv6, Location: 美国, ISP: CloudFlare Inc., Date: None, Delay: -1 ms, Speed: 0.00 M/s, Resolution: None
Name: CCTV-15, URL: https://migu.188766.xyz/?migutoken=795215860bcb0ae09d2275fda68e3645&id=CCTV15&type=yy, From: subscribe, IPv_Type: ipv6, Location: 美国, ISP: CloudFlare Inc., Date: None, Delay: -1 ms, Speed: 0.00 M/s, Resolution: None
Name: CCTV-15, URL: https://migu.188766.xyz/?migutoken=2cb9710f66c0867550f587728594bf23&id=CCTV15&type=yy, From: subscribe, IPv_Type: ipv6, Location: 美国, ISP: CloudFlare Inc., Date: None, Delay: -1 ms, Speed: 0.00 M/s, Resolution: None
Name: CCTV-15, URL: https://migu.188766.xyz/?migutoken=d1a9744420dca8df3afe27a88a8c33f6&id=CCTV15&type=yy, From: subscribe, IPv_Type: ipv6, Location: 美国, ISP: CloudFlare Inc., Date: None, Delay: -1 ms, Speed: 0.00 M/s, Resolution: None
Name: CCTV-15, URL: https://migu.188766.xyz/?migutoken=fd03337719881612c26dfe0835bd6a11&id=CCTV15&type=yy, From: subscribe, IPv_Type: ipv6, Location: 美国, ISP: CloudFlare Inc., Date: None, Delay: -1 ms, Speed: 0.00 M/s, Resolution: None
Name: CCTV-15, URL: https://migu.188766.xyz/?migutoken=9f1b09530df3f1a8ebb95d0030d3eb2d&id=CCTV15&type=yy, From: subscribe, IPv_Type: ipv6, Location: 美国, ISP: CloudFlare Inc., Date: None, Delay: -1 ms, Speed: 0.00 M/s, Resolution: None
Name: CCTV-15, URL: https://migu.188766.xyz/?migutoken=8fec6f4fbbe67c00e31cdeeb2c79d2e2&id=CCTV15&type=yy, From: subscribe, IPv_Type: ipv6, Location: 美国, ISP: CloudFlare Inc., Date: None, Delay: -1 ms, Speed: 0.00 M/s, Resolution: None
Name: CCTV-15, URL: https://migu.188766.xyz/?migutoken=6f069f1b2a496b18e24786f975c7f104&id=CCTV15&type=yy, From: subscribe, IPv_Type: ipv6, Location: 美国, ISP: CloudFlare Inc., Date: None, Delay: -1 ms, Speed: 0.00 M/s, Resolution: None
Name: CCTV-15, URL: https://migu.188766.xyz/?migutoken=ef9bcac63d147705437ff32c4c9e79f6&id=CCTV15&type=yy, From: subscribe, IPv_Type: ipv6, Location: 美国, ISP: CloudFlare Inc., Date: None, Delay: -1 ms, Speed: 0.00 M/s, Resolution: None
Name: CCTV-15, URL: https://migu.188766.xyz/?migutoken=e0df917e7fea07ed1063d37c56ac6695&id=CCTV15&type=yy, From: subscribe, IPv_Type: ipv6, Location: 美国, ISP: CloudFlare Inc., Date: None, Delay: -1 ms, Speed: 0.00 M/s, Resolution: None
Name: CCTV-15, URL: https://migu.188766.xyz/?migutoken=c716bcb91796f6bfe8b0300f22507493&id=CCTV15&type=yy, From: subscribe, IPv_Type: ipv6, Location: 美国, ISP: CloudFlare Inc., Date: None, Delay: -1 ms, Speed: 0.00 M/s, Resolution: None
Name: CCTV-15, URL: https://migu.188766.xyz/?migutoken=c5dd95ca79ae41cd914dc2d900f02e86&id=CCTV15&type=yy, From: subscribe, IPv_Type: ipv6, Location: 美国, ISP: CloudFlare Inc., Date: None, Delay: -1 ms, Speed: 0.00 M/s, Resolution: None
Name: CCTV-15, URL: https://migu.188766.xyz/?migutoken=3dba20a139ab937dc221f49028c5d9c2&id=CCTV15&type=yy, From: subscribe, IPv_Type: ipv6, Location: 美国, ISP: CloudFlare Inc., Date: None, Delay: -1 ms, Speed: 0.00 M/s, Resolution: None
Name: CCTV-15, URL: https://migu.188766.xyz/?migutoken=e668d9533bc5513b9f8c413c30bd8532&id=CCTV15&type=yy, From: subscribe, IPv_Type: ipv6, Location: 美国, ISP: CloudFlare Inc., Date: None, Delay: -1 ms, Speed: 0.00 M/s, Resolution: None
Name: 风云音乐, URL: https://hls-gateway.vpstv.net/streams/708858.m3u8, From: subscribe, IPv_Type: ipv6, Location: 美国, ISP: CloudFlare Inc., Date: None, Delay: -1 ms, Speed: 0.00 M/s, Resolution: None
Name: 风云音乐, URL: http://iptv.666230.xyz/iptv/jsyd.php/G_FENGYUNYY-CQ, From: subscribe, IPv_Type: ipv6, Location: 美国, ISP: CloudFlare Inc., Date: None, Delay: -1 ms, Speed: 0.00 M/s, Resolution: None
Name: 音乐现场, URL: http://satellitepull.cnr.cn/live/wx32nmgyygb/playlist.m3u8, From: subscribe, IPv_Type: ipv4, Location: 美国-新泽西州-摩里斯, ISP: Linode, Date: None, Delay: 18 ms, Speed: 5.41 M/s, Resolution: None
Name: 音乐现场, URL: https://satellitepull.cnr.cn/live/wx32nmgyygb/playlist.m3u8, From: subscribe, IPv_Type: ipv4, Location: 美国-新泽西州-摩里斯, ISP: Linode, Date: None, Delay: 25 ms, Speed: 4.39 M/s, Resolution: None
Name: 潮流音乐, URL: http://play-radio-stream3.hndt.com/now/Or5au0KN/playlist.m3u8, From: subscribe, IPv_Type: ipv4, Location: 美国-加利福尼亚州-洛杉矶, ISP: 网宿科技CDN节点, Date: None, Delay: 10362 ms, Speed: 0.03 M/s, Resolution: None
Name: 音乐广播, URL: https://tv.iill.top/fm/552&token=7c908a370d95d78e90a9d2ba4007e5185038b0ceac7435ba90e72c77cc035ff6, From: subscribe, IPv_Type: ipv6, Location: 美国, ISP: CloudFlare Inc., Date: None, Delay: -1 ms, Speed: 0.00 M/s, Resolution: None
Name: 音乐广播, URL: https://tv.iill.top/fm/552&token=074c3dfc2f95090e006ab15f0d86b1aaef70b389a934b096ad5e6674b5724d0d, From: subscribe, IPv_Type: ipv6, Location: 美国, ISP: CloudFlare Inc., Date: None, Delay: -1 ms, Speed: 0.00 M/s, Resolution: None
Name: 音乐广播, URL: https://tv.iill.top/fm/552&token=9214268143febfaf9cbc3e9b7f092a03c3274273c99133a780217564b2ab7896, From: subscribe, IPv_Type: ipv6, Location: 美国, ISP: CloudFlare Inc., Date: None, Delay: -1 ms, Speed: 0.00 M/s, Resolution: None
Name: 音乐广播, URL: https://tv.iill.top/fm/552&token=0ba82b0a75c65ff5f1a8198b9de48d0532f0cf804be54dac2eacd7d0dbd56b0a, From: subscribe, IPv_Type: ipv6, Location: 美国, ISP: CloudFlare Inc., Date: None, Delay: -1 ms, Speed: 0.00 M/s, Resolution: None
Name: 音乐广播, URL: https://tv.iill.top/fm/552&token=bde1753ec6759720c20ecedff6ec428eed4e2dd71d1433181fa7f50b8724a5bf, From: subscribe, IPv_Type: ipv6, Location: 美国, ISP: CloudFlare Inc., Date: None, Delay: -1 ms, Speed: 0.00 M/s, Resolution: None
Name: 音乐广播, URL: https://tv.iill.top/fm/552&token=bc76ab7564df296b4275f3dc9e3cead14dfa08c65b4ac7cd82092d502cef3a24, From: subscribe, IPv_Type: ipv6, Location: 美国, ISP: CloudFlare Inc., Date: None, Delay: -1 ms, Speed: 0.00 M/s, Resolution: None
Name: 音乐广播, URL: https://tv.iill.top/fm/552&token=d01b299b3b7eff22e7b7962a052f17f146b2e5e7c020e54920b6b236fd31d6b1, From: subscribe, IPv_Type: ipv6, Location: 美国, ISP: CloudFlare Inc., Date: None, Delay: -1 ms, Speed: 0.00 M/s, Resolution: None
Name: 音乐广播, URL: https://tv.iill.top/fm/552&token=18d1c387d427be148b32f27842c48c0a118c85e789664b986bfa64b09da442be, From: subscribe, IPv_Type: ipv6, Location: 美国, ISP: CloudFlare Inc., Date: None, Delay: -1 ms, Speed: 0.00 M/s, Resolution: None
Name: 音乐广播, URL: https://tv.iill.top/fm/552&token=8eb49dbdca153f1b269c3d18030c7d754f1ea8306af7b6503a4d10a766eeb388, From: subscribe, IPv_Type: ipv6, Location: 美国, ISP: CloudFlare Inc., Date: None, Delay: -1 ms, Speed: 0.00 M/s, Resolution: None
Name: 音乐广播, URL: https://tv.iill.top/fm/552&token=1fd675130e1a8d8ba12ab82e8a09c970f464712ee03e6b29f8eb3ffa4939025c, From: subscribe, IPv_Type: ipv6, Location: 美国, ISP: CloudFlare Inc., Date: None, Delay: -1 ms, Speed: 0.00 M/s, Resolution: None
Name: 音乐广播, URL: https://tv.iill.top/fm/552&token=d88ed8125089dfd3b70093a77f255d8ceb45077a6672bcdd82e926740238d0fd, From: subscribe, IPv_Type: ipv6, Location: 美国, ISP: CloudFlare Inc., Date: None, Delay: -1 ms, Speed: 0.00 M/s, Resolution: None
Name: 音乐广播, URL: https://tv.iill.top/fm/552&token=117d5d39c573884501771422bdd22fca3be491d1a3f84d456507da001c9fbddf, From: subscribe, IPv_Type: ipv6, Location: 美国, ISP: CloudFlare Inc., Date: None, Delay: -1 ms, Speed: 0.00 M/s, Resolution: None
Name: 音乐广播, URL: https://tv.iill.top/fm/552&token=cf6471a7244b49bcc1d0e4f35e3d7d098444e38ff5914a2eb43a842a1aa7b7fd, From: subscribe, IPv_Type: ipv6, Location: 美国, ISP: CloudFlare Inc., Date: None, Delay: -1 ms, Speed: 0.00 M/s, Resolution: None
Name: 音乐广播, URL: https://tv.iill.top/fm/552&token=cbb58a8f5e89acb7299ada85b33603ee05e694c6325b733223111ef937f8c490, From: subscribe, IPv_Type: ipv6, Location: 美国, ISP: CloudFlare Inc., Date: None, Delay: -1 ms, Speed: 0.00 M/s, Resolution: None
Name: 音乐广播, URL: https://tv.iill.top/fm/552&token=18effd598548ca73f836b67070db369edceeeb3bcfe196094f1f627323630175, From: subscribe, IPv_Type: ipv6, Location: 美国, ISP: CloudFlare Inc., Date: None, Delay: -1 ms, Speed: 0.00 M/s, Resolution: None
Name: 音乐广播, URL: https://tv.iill.top/fm/552&token=c77f5d378a4ced0434b57456706cee620798416f7b2a1fb1c2ef913741254fea, From: subscribe, IPv_Type: ipv6, Location: 美国, ISP: CloudFlare Inc., Date: None, Delay: -1 ms, Speed: 0.00 M/s, Resolution: None
Name: 音乐广播, URL: https://tv.iill.top/fm/552&token=e4169bc5f76c64f8db7df7e474f0e7eace135527b07e0ae7004c6257edcfa66f, From: subscribe, IPv_Type: ipv6, Location: 美国, ISP: CloudFlare Inc., Date: None, Delay: -1 ms, Speed: 0.00 M/s, Resolution: None
Name: 音乐广播, URL: https://tv.iill.top/fm/552&token=a08a26c90ebd8eb5571539db9d0217dc4e1af9a2cbde5d930eb3c40136f76d6d, From: subscribe, IPv_Type: ipv6, Location: 美国, ISP: CloudFlare Inc., Date: None, Delay: -1 ms, Speed: 0.00 M/s, Resolution: None
Name: 音乐广播, URL: https://tv.iill.top/fm/552&token=cc939526aed05a9c3f42c88c61fb8cb76c2acee2ebd65691e243451029eb7b84, From: subscribe, IPv_Type: ipv6, Location: 美国, ISP: CloudFlare Inc., Date: None, Delay: -1 ms, Speed: 0.00 M/s, Resolution: None
Name: 音乐广播, URL: https://tv.iill.top/fm/552&token=2f124ab6ac087bc9ff8827f65331bcefcc19f2be5fdb4aa28fe293a39b7c65a6, From: subscribe, IPv_Type: ipv6, Location: 美国, ISP: CloudFlare Inc., Date: None, Delay: -1 ms, Speed: 0.00 M/s, Resolution: None
Name: 音乐广播, URL: https://tv.iill.top/fm/552&token=7ce15d51da8e60be86cc1bde4d856274b2bd781528e9f64ff1d7d9370b9d7268, From: subscribe, IPv_Type: ipv6, Location: 美国, ISP: CloudFlare Inc., Date: None, Delay: -1 ms, Speed: 0.00 M/s, Resolution: None
Name: 音乐广播, URL: https://tv.iill.top/fm/552&token=0749f23d5e878af0a55d054879eccdba22a00cca8f13177bf8d0007c856ca9b9, From: subscribe, IPv_Type: ipv6, Location: 美国, ISP: CloudFlare Inc., Date: None, Delay: -1 ms, Speed: 0.00 M/s, Resolution: None
Name: 音乐广播, URL: https://tv.iill.top/fm/552&token=ea4803836ab3759697c651bbaf9b16d10a6339fab2e1a980e276b15296478409, From: subscribe, IPv_Type: ipv6, Location: 美国, ISP: CloudFlare Inc., Date: None, Delay: -1 ms, Speed: 0.00 M/s, Resolution: None
Name: 音乐广播, URL: https://tv.iill.top/fm/552&token=082b9b13fc9a332b374b4bbeb3839e098a394ddc0af6cb1cae3e2ab2272a8fe3, From: subscribe, IPv_Type: ipv6, Location: 美国, ISP: CloudFlare Inc., Date: None, Delay: -1 ms, Speed: 0.00 M/s, Resolution: None
Name: 音乐广播, URL: https://tv.iill.top/fm/552&token=3715e56a43ff137fc781c87e8f3354f0b0b81779b6440c51e75f763fd7e1c640, From: subscribe, IPv_Type: ipv6, Location: 美国, ISP: CloudFlare Inc., Date: None, Delay: -1 ms, Speed: 0.00 M/s, Resolution: None
Name: 音乐广播, URL: https://tv.iill.top/fm/552&token=2276b9830bd9e6d7f4858f72fe6095ad7d4eeb9d25164399bb076f31d3ce364b, From: subscribe, IPv_Type: ipv6, Location: 美国, ISP: CloudFlare Inc., Date: None, Delay: -1 ms, Speed: 0.00 M/s, Resolution: None
Name: 音乐广播, URL: https://tv.iill.top/fm/552&token=886bce813f2cd4e37742d034db073fb39288ecfa7b0e43b20307dd9a2b2d0bdc, From: subscribe, IPv_Type: ipv6, Location: 美国, ISP: CloudFlare Inc., Date: None, Delay: -1 ms, Speed: 0.00 M/s, Resolution: None
Name: 音乐广播, URL: https://tv.iill.top/fm/552&token=7d321042b2f5789d57294578c80935696c5c1326ca57bc4bb58174e879b25dd6, From: subscribe, IPv_Type: ipv6, Location: 美国, ISP: CloudFlare Inc., Date: None, Delay: -1 ms, Speed: 0.00 M/s, Resolution: None
Name: 音乐广播, URL: https://tv.iill.top/fm/552&token=ad73153cdea1fbd107ecb21f633c449542412c1ff26b11caafd59267d0eec755, From: subscribe, IPv_Type: ipv6, Location: 美国, ISP: CloudFlare Inc., Date: None, Delay: -1 ms, Speed: 0.00 M/s, Resolution: None
Name: 音乐广播, URL: https://tv.iill.top/fm/552&token=d25986dec232345e7d991eb80f90d884b6037b42c12c8b793d52ff710cbe29b7, From: subscribe, IPv_Type: ipv6, Location: 美国, ISP: CloudFlare Inc., Date: None, Delay: -1 ms, Speed: 0.00 M/s, Resolution: None
Name: 音乐广播, URL: https://tv.iill.top/fm/552&token=5e1e0665ab28c6b396cfe65196076812fddb1605c28ea3a97faf40c908fbfe06, From: subscribe, IPv_Type: ipv6, Location: 美国, ISP: CloudFlare Inc., Date: None, Delay: -1 ms, Speed: 0.00 M/s, Resolution: None
Name: 音乐广播, URL: https://tv.iill.top/fm/552&token=60907fd1e888dae85477cf34cc7d4797c8b8cae12fed0ec777a7dc5c3031d1cd, From: subscribe, IPv_Type: ipv6, Location: 美国, ISP: CloudFlare Inc., Date: None, Delay: -1 ms, Speed: 0.00 M/s, Resolution: None
Name: 音乐广播, URL: https://tv.iill.top/fm/552&token=5bff6a3365ed694a693fc78c1d3aa05f304ccf644170a0b0e6dc66b8e11f6ba5, From: subscribe, IPv_Type: ipv6, Location: 美国, ISP: CloudFlare Inc., Date: None, Delay: -1 ms, Speed: 0.00 M/s, Resolution: None
Name: 音乐广播, URL: https://tv.iill.top/fm/552&token=48647e68dff68838be9995450d03bed19da39b180b8d1b08a21fbc77deed3dde, From: subscribe, IPv_Type: ipv6, Location: 美国, ISP: CloudFlare Inc., Date: None, Delay: -1 ms, Speed: 0.00 M/s, Resolution: None
Name: 音乐广播, URL: https://tv.iill.top/fm/552&token=64dfab7d277fb4d077399111da9e93da17d7b222e682e7af6fdc6e67ce30d807, From: subscribe, IPv_Type: ipv6, Location: 美国, ISP: CloudFlare Inc., Date: None, Delay: -1 ms, Speed: 0.00 M/s, Resolution: None
Name: 音乐广播, URL: https://tv.iill.top/fm/552&token=c64ff03f373cb016eeebc1c3564c14243b887a6398f1467d878b2ff084b447ca, From: subscribe, IPv_Type: ipv6, Location: 美国, ISP: CloudFlare Inc., Date: None, Delay: -1 ms, Speed: 0.00 M/s, Resolution: None
Name: 笑傲江湖, URL: http://lu.wqwqwq.sbs/yy/1354930909, From: subscribe, IPv_Type: ipv6, Location: 美国, ISP: CloudFlare Inc., Date: None, Delay: -1 ms, Speed: 0.00 M/s, Resolution: None
Name: 笑傲江湖, URL: https://live.iill.top/huya/23865142, From: subscribe, IPv_Type: ipv6, Location: 美国, ISP: CloudFlare Inc., Date: None, Delay: -1 ms, Speed: 0.00 M/s, Resolution: None
Name: 笑傲江湖, URL: https://lunbo.freetv.top/yy/1352833750, From: subscribe, IPv_Type: ipv4, Location: 美国-北卡罗来纳州-梅克伦堡, ISP: CaroNet公司, Date: None, Delay: 46 ms, Speed: 9.39 M/s, Resolution: 1920x1080
Name: 天龙八部, URL: http://www.clmy.cc:35455/yy/1355067965, From: subscribe, IPv_Type: ipv6, Location: 中国, ISP: 中国电信, Date: None, Delay: -1 ms, Speed: 0.00 M/s, Resolution: None
Name: 天龙八部, URL: https://live.metshop.top/huya/23903123, From: subscribe, IPv_Type: ipv6, Location: 美国, ISP: CloudFlare Inc., Date: None, Delay: -1 ms, Speed: 0.00 M/s, Resolution: None
Name: 鹿鼎记, URL: http://43.138.0.72:35455/yy/1382736920, From: subscribe, IPv_Type: ipv4, Location: 中国-北京-北京, ISP: 腾讯云, Date: None, Delay: 54 ms, Speed: 8.17 M/s, Resolution: 1280x720
Name: 鹿鼎记, URL: http://www.douzhicloud.site:35455/yy/28265277, From: subscribe, IPv_Type: ipv4, Location: 中国-北京-北京, ISP: 联通, Date: None, Delay: 3707 ms, Speed: 0.09 M/s, Resolution: 800x600
Name: 仙剑奇侠传, URL: http://www.douzhicloud.site:35455/yy/1382749903, From: subscribe, IPv_Type: ipv4, Location: 中国-北京-北京, ISP: 联通, Date: None, Delay: 2589 ms, Speed: 0.66 M/s, Resolution: 1920x1080
Name: 西游记, URL: https://live.iill.top/huya/26355861, From: subscribe, IPv_Type: ipv6, Location: 美国, ISP: CloudFlare Inc., Date: None, Delay: -1 ms, Speed: 0.00 M/s, Resolution: None
Name: 西游记, URL: http://cdn.jdshipin.com:8880/huya.php?id=30080242, From: subscribe, IPv_Type: ipv6, Location: 美国, ISP: CloudFlare Inc., Date: None, Delay: -1 ms, Speed: 0.00 M/s, Resolution: None
Name: 西游记, URL: https://live.ottiptv.cc/huya/26355861, From: subscribe, IPv_Type: ipv6, Location: 美国-加利福尼亚州-圣克拉拉, ISP: DigitalOcean, Date: None, Delay: -1 ms, Speed: 0.00 M/s, Resolution: None
Name: 三国演义, URL: https://live.iill.top/huya/11602081, From: subscribe, IPv_Type: ipv6, Location: 美国, ISP: CloudFlare Inc., Date: None, Delay: -1 ms, Speed: 0.00 M/s, Resolution: None
Name: 水浒传, URL: http://www.clmy.cc:35455/yy/1353873252, From: subscribe, IPv_Type: ipv6, Location: 中国, ISP: 中国电信, Date: None, Delay: -1 ms, Speed: 0.00 M/s, Resolution: None
Name: 新白娘子传奇, URL: http://lu.wqwqwq.sbs/yy/1354490667, From: subscribe, IPv_Type: ipv6, Location: 美国, ISP: CloudFlare Inc., Date: None, Delay: -1 ms, Speed: 0.00 M/s, Resolution: None
Name: 新白娘子传奇, URL: http://www.clmy.cc:35455/yy/1354490667, From: subscribe, IPv_Type: ipv6, Location: 中国, ISP: 中国电信, Date: None, Delay: -1 ms, Speed: 0.00 M/s, Resolution: None
Name: 封神榜, URL: http://www.clmy.cc:35455/yy/1353426319, From: subscribe, IPv_Type: ipv6, Location: 中国, ISP: 中国电信, Date: None, Delay: -1 ms, Speed: 0.00 M/s, Resolution: None
Name: 封神榜, URL: https://lunbo.freetv.top/yy/1382797534, From: subscribe, IPv_Type: ipv4, Location: 美国-北卡罗来纳州-梅克伦堡, ISP: CaroNet公司, Date: None, Delay: 54 ms, Speed: 8.80 M/s, Resolution: 1920x1080
Name: 上海滩, URL: http://43.138.0.72:35455/yy/1382745184, From: subscribe, IPv_Type: ipv4, Location: 中国-北京-北京, ISP: 腾讯云, Date: None, Delay: 55 ms, Speed: 9.04 M/s, Resolution: 1920x1080
